"id","rank","scientific_name","best_identity","superkingdom_name","kingdom_name","phylum_name","class_name","order_name","family_name","genus_name","species","best_match","species_list","taxid","X2020611_025","X2020611_026","X2020611_027","X2020611_028","X2020611_029","X2020611_030","X2020611_031","X2020611_032","X2020611_041","X2020611_042","X2020611_043","X2020611_044","X2020611_045","X2020611_047","X2020611_048","X2020611_049","X2020611_050","X2020611_051","X2020611_052","X2020611_053","X2020611_054","X2020611_055","X2020611_056","X2020611_057","X2020611_058","X2020611_059","X2020611_060","X2020611_061","X2020611_062","X2020611_063","X2020611_064","X2020611_082","X2020611_083","X2020611_084","X2020611_085","X2020611_086","X2020611_087","X2020611_088","X2020611_091","X2020611_092","X2020611_093","X2020611_094","X2020611_095","X2020611_096","X2020611_097","X2020611_098","X2020611_099","X2020611_100","X2020611_101","X2020611_102","X2020611_103","X2020611_104","X2020611_105","X2020611_106","X2020611_107","X2020611_108","X2020611_109","X2020611_110","X2020611_111","X2020611_112","X2020611_114","X2020611_115","X2020611_116","X2020611_117","X2020611_118","X2020611_119","X2020611_120","X2020611_123","X2020611_124","X2020611_125","X2020611_126","X2020611_127","X2020611_128","X2020611_46","KPH250","PCRblank_B1","PCRblank_D1","seq_length","cluster_weight","total_reads","sequence","annotated_name","annotated_pident"
"GL01_000337820","no rank","Vertebrata",0.537313432835821,"","","","","","","","","NC_024872","[]",7742,0,0,0,0,0,0,0,0,0,0,0,0,0,0,0,0,0,0,0,0,0,0,0,0,0,0,0,0,0,0,0,0,0,0,0,0,0,0,0,0,0,0,0,0,0,0,0,0,0,0,0,0,0,0,0,0,0,0,0,0,0,0,0,0,0,0,0,0,0,0,0,11,0,0,0,0,0,153,6,11,"ttcaaacaaggtgtctgaaaaatgatccctaatgcattagcattgatgggcgcaggtcaccagataggtggacttggagcacccaaagatgacctgaaggctctcgattgctacatccgggccgttgaaatcggttcttctacagcgtgtacg","",""
"GL01_000000729","no rank","Vertebrata",0.526315789473684,"","","","","","","","","KT600961","[]",7742,0,0,12,0,0,0,0,0,0,0,0,0,0,0,0,0,0,0,0,0,0,0,0,0,0,0,0,0,0,0,0,0,0,0,0,0,0,0,0,0,0,0,0,0,0,0,0,0,0,0,0,0,0,0,0,0,0,0,0,0,0,0,0,0,0,0,0,0,0,0,0,0,0,0,0,0,0,144,11,12,"tgttcagcgagcccggaagcggatcggatttagcgggcgcctcaacccgggcggatcgaaaggcggatcactggctcattaatggtcagaaagtttggaataccagcgcgcatcatgcggactttggcattttggtggcgcgct","",""
"GL01_000325513","no rank","Vertebrata",0.559782608695652,"","","","","","","","","NC_012831","[]",7742,0,0,0,0,0,0,0,0,0,0,0,0,0,0,0,0,0,0,0,0,0,0,0,0,0,0,0,0,0,0,0,0,0,0,0,0,0,0,0,0,0,0,0,0,0,0,0,0,0,0,0,0,0,0,0,0,0,0,0,0,0,0,0,0,0,0,13,0,0,0,0,0,0,0,0,0,0,153,12,13,"cgctgccgccattcacgcgcgtcgacactgcccactcgacgcaggaaatcgttgttgagtttctggtagccaggaccagaatacaagcggccggaaaacacctcatccctgacaaatgtaaagaagagagagaggaagaggtcaaacatgtca","",""
"GL01_000038252","no rank","Vertebrata",0.551020408163265,"","","","","","","","","KU159666","[]",7742,0,0,0,0,0,0,0,0,0,0,0,0,0,0,0,0,0,0,14,0,0,0,0,0,0,0,0,0,0,0,0,0,0,0,0,0,0,0,0,0,0,0,0,0,0,0,0,0,0,0,0,0,0,0,0,0,0,0,0,0,0,0,0,0,0,0,0,0,0,0,0,0,0,0,0,0,0,161,8,14,"ctccacagcgacgcatcacctctgctttgagagcggcccggtcggaggccagcgctcgtgcttcctcctctggcagccgccatgacagctgccacattgaaagatcctgactttcacctcgtcgctctcctcggcatcagtcgcagtatcagcagcagatt","",""
"GL01_000057462","no rank","Vertebrata",0.555555555555556,"","","","","","","","","NC_010641","[]",7742,0,0,0,0,0,0,0,0,0,0,0,0,0,0,0,0,0,0,0,0,0,0,14,0,0,0,0,0,0,0,0,0,0,0,0,0,0,0,0,0,0,0,0,0,0,0,0,0,0,0,0,0,0,0,0,0,0,0,0,0,0,0,0,0,0,0,0,0,0,0,0,0,0,0,0,0,0,149,4,14,"gttagactcagtcaaatgtccgagactctgaccatgcaagtaatggccagcctgcgccagaatcactaataggttagctgtagccagtgtcaagcctttacacatattggtcagccagtaccaaactccaatcataaattttcaagtgt","",""
"GL01_000347052","no rank","Vertebrata",0.548387096774194,"","","","","","","","","JQ178224","[]",7742,0,0,0,0,0,0,0,0,0,0,0,0,0,0,0,0,0,0,0,0,0,0,0,0,0,0,0,0,0,0,0,0,0,0,0,0,0,0,0,0,0,0,0,0,0,0,0,0,0,0,0,0,0,0,0,0,0,0,0,0,0,0,0,0,0,0,0,0,0,0,0,0,0,16,0,0,0,147,12,16,"atgtctttcttatttcatccagattcgaattccataattcgattgtagcggtggttctgcgaaaagaaaatctggaccattcccatcagatccgctttggaaagtgatattgttccacacacgggaaacaactctgcctttttgtga","",""
"GL01_000074102","no rank","Vertebrata",0.568421052631579,"","","","","","","","","NC_021107","[]",7742,0,0,0,0,0,0,0,0,0,0,0,0,0,0,0,0,0,0,0,0,0,0,0,0,0,0,0,0,17,0,0,0,0,0,0,0,0,0,0,0,0,0,0,0,0,0,0,0,0,0,0,0,0,0,0,0,0,0,0,0,0,0,0,0,0,0,0,0,0,0,0,0,0,0,0,0,0,157,12,17,"ctcatgccactggtgttctggcaatatagaagaggtggaaaaatctgcccagaatgtgaccacatattcaatatcatgggtagctcaatgcgaacggatcagtaccattttacagagtggactggaatcacctacctatgtggtgatgactatgaac","",""
"GL01_000000799","no rank","Vertebrata",0.554973821989529,"","","","","","","","","NC_010095","[]",7742,0,0,1,0,0,0,0,0,0,0,0,0,0,0,0,0,0,0,0,0,0,0,0,0,0,9,0,0,0,0,0,0,0,0,0,0,0,0,0,0,0,0,0,0,0,0,0,0,0,0,0,0,0,0,0,0,0,0,0,0,0,0,0,0,0,0,17,0,0,12,0,0,2,0,0,0,0,149,19,41,"gttagactcagtcacatgtccgagactctgaccatgcaagtaatggccagccggtgccagaatcactaataggtcagctgtagccagtgtcaagcctttacacatattggtcagccagtaccaaactccaatcataaattttcaagtgt","",""
"GL01_000127303","no rank","Vertebrata",0.554973821989529,"","","","","","","","","NC_017599","[]",7742,0,0,0,0,0,0,0,0,0,0,0,0,0,0,0,0,0,0,0,0,0,0,0,0,0,0,0,0,0,0,0,0,0,0,0,0,0,0,0,49,0,0,0,0,0,0,0,0,0,0,0,0,0,0,0,0,0,0,0,0,0,0,0,0,0,0,0,0,0,0,0,0,0,0,0,0,0,154,28,49,"tcaacaaatgacaaacgtgccacctgctacatcaaataccttaggacaagcacagccggtttttaaccagcaagcgcagcaaaatgctcaaggaatatttggaggcattaatcaaagacaaaactccgtaggagctccacttatgtttgaagat","",""
"GL01_000029378","no rank","Vertebrata",0.546341463414634,"","","","","","","","","NC_026229","[]",7742,0,0,0,0,0,0,0,0,0,0,0,0,0,0,57,0,0,0,0,0,0,0,0,0,0,0,0,0,0,0,0,0,0,0,0,0,0,0,0,0,0,0,0,0,0,0,0,0,0,0,3,0,0,0,0,0,0,0,0,0,0,0,0,0,0,0,0,0,0,0,0,0,4,0,0,0,0,177,32,64,"tggcgtgaatgaaggcaaaaggcgctccgcttcccaccaagtagagactgctctgttcgcatggaatgctcttggcatctgtgacgagcccgagtcttgatgacacttgaaccccgcagtcagcagtcatgaacatgagcgtatggtatcactgctttatttgttgggcagtatcac","",""
"GL01_000073849","no rank","Vertebrata",0.549738219895288,"","","","","","","","","AP012501","[]",7742,0,0,0,0,0,0,0,4,0,0,0,0,0,0,0,0,0,0,0,0,0,0,0,0,0,0,0,7,0,0,0,0,0,0,0,0,0,0,0,0,3,0,0,0,0,0,0,0,0,0,0,0,0,1,0,0,0,0,0,1,0,0,0,4,3,13,5,0,0,0,0,38,0,0,0,0,0,160,39,79,"cacggccttgtttttcctcgcgtacgaacctacgaagcgatatttagagcgaacgttaccgccggagcaaaattacgcggcgatgttcgccgccggcgcgaccgggtgtttggcgtcgagtatcgtgagagtgccgacggaagtgatcaagacgagagcg","Bathycoccus prasinos","1"
"GL01_000325932","no rank","Vertebrata",0.533678756476684,"","","","","","","","","NC_006518","[]",7742,0,0,0,0,0,0,0,0,0,0,0,0,0,0,0,0,0,0,0,0,0,0,0,0,0,0,0,0,0,0,0,0,0,0,0,0,0,0,0,0,0,0,0,0,0,0,0,0,0,0,0,0,0,0,0,0,0,0,0,0,0,0,0,0,0,0,122,0,0,0,0,0,0,0,0,0,0,168,79,122,"ctggcctttgttttgtcaaccaatcacagaagagcttcgatttaccggctccgctctgattggtccattaggcattgccttttaggcatcgccttgcatcttaattgctgcttgttgaccacgtcctttcccaagggaaacggacgtggtaaaaataacaaatatccc","",""
"GL01_000192229","no rank","Vertebrata",0.561855670103093,"","","","","","","","","NC_028545","[]",7742,0,0,0,0,0,0,0,0,0,0,0,0,0,0,0,0,0,0,0,0,0,0,0,0,0,0,0,0,0,0,0,0,0,0,0,0,0,0,0,0,0,0,0,0,0,0,0,0,0,1,0,0,0,0,0,0,0,0,0,0,0,0,0,0,0,179,0,0,0,0,0,0,0,0,0,0,0,145,46,180,"cccaccactttatccaaaccaatcttcaagaacaacctcaacctcactactcctgctttccctagaacagcaagagcttcaccaagtcaatcaccttcaaccctaagatcaccccctggattttccaagcttcaatcttcaacat","",""
"GL01_000325457","no rank","Vertebrata",0.538461538461538,"","","","","","","","","NC_000891","[]",7742,0,0,0,0,0,0,0,0,0,0,0,0,0,0,0,0,0,0,0,0,0,0,0,0,0,0,0,0,0,0,0,0,0,0,0,0,0,0,0,0,0,0,0,0,0,0,0,0,0,0,0,0,0,0,0,0,0,0,0,0,0,0,0,0,0,0,343,0,0,0,0,0,0,0,0,0,0,165,154,343,"gtccgttagttagttagttagttagtaacactactttgttttttgttctgataattgttggaagagtagataaggttatgaggggtcaagtgagttcatctggggtcatttggggcaaagagagttcatctggagtcaagtggggttaagtgaagtcaggtaagt","",""
"GL01_000008037","no rank","Vertebrata",0.545454545454545,"","","","","","","","","KU159666","[]",7742,0,0,0,13,0,2,0,0,0,0,0,0,7,2,170,0,0,17,0,1,0,19,12,0,0,0,9,1,5,1,3,0,0,0,0,0,2,0,0,0,4,0,0,0,0,0,2,64,0,1,2,0,0,0,0,0,5,1,0,1,0,0,2,0,0,5,1,1,1,66,0,50,0,2,0,0,0,143,140,472,"ccagcgtgccgatcggccacaggcccgatgaaaaccatgtgtccaacacatcgggatctcgtgtcagctctacaccgaccccggcctgtgcctgcgcttcggcttcggatgcggcgcaatattgattgccgtcggcgtcaaac","uncultured marine bacterium 582","0.923"
"GL01_000061178","genus","Clupea",0.994186046511628,"Opisthokonta","Metazoa","Chordata","Actinopterygii","Clupeiformes","Clupeidae","Clupea","","KC193777","[Clupea pallasii| Clupea harengus]",7949,0,0,0,0,0,0,0,0,0,0,231,0,0,0,589,0,0,54,969,0,103,0,336,0,0,2538,1,0,962,0,670,0,0,0,324,0,0,0,0,1196,1297,0,596,1,0,0,0,0,2453,3,0,2,0,0,0,0,0,1,1,0,0,2806,0,0,0,1,0,0,0,0,0,0,0,0,0,0,0,172,6870,15134,"caccgcggttatacgagagaccctagttgatatattcggcgtaaagagtggttatggaaaacaagcactaaagccaaagagccctcaggccgttatacgcacccggggcctcgaacctctatcacgaaagtagctttaccctcgcccaccagaacccacgagagctgggaca","Clupea harengus","0.994"
"GL01_000003475","suborder","Gadoidei",0.914285714285714,"Opisthokonta","Metazoa","Chordata","Actinopterygii","Gadiformes","","","","EU877741","[Boreogadus saida| Gadus morhua| Arctogadus glacialis| Pollachius pollachius| Gadus macrocephalus| Microgadus proximus| Gadus ogac| Gadus chalcogrammus| Melanogrammus aeglefinus| Micromesistius poutassou| Merlangius merlangus| Lota lota]",1489845,0,0,5,0,0,1,0,0,0,0,1,0,0,0,0,0,0,1,1,0,1,0,0,0,0,1,4,0,0,1,0,0,1,0,0,0,0,0,0,0,0,0,0,0,0,0,0,0,0,0,0,0,0,0,0,0,0,0,0,0,0,0,0,0,0,0,0,0,0,0,0,0,0,3,0,0,0,168,20,20,"accgcggttatacgagaggcccaaattgatgaaaagacggcagaagcgtgataaagaaaaagaagaaatgactggaccgaacacttcaaagcagtatacgcatccgaagtcacgaagaacaatcacgaaagttgccctaaaacctccgattccacgaaagccataaaa","Arctogadus glacialis","0.924"
"GL01_000003533","suborder","Gadoidei",0.902173913043478,"Opisthokonta","Metazoa","Chordata","Actinopterygii","Gadiformes","","","","EU877741","[Boreogadus saida| Gadus morhua| Arctogadus glacialis| Pollachius pollachius| Gadus macrocephalus| Microgadus proximus| Gadus ogac| Gadus chalcogrammus| Melanogrammus aeglefinus| Micromesistius poutassou| Merlangius merlangus| Lota lota]",1489845,0,0,13,2,0,4,0,0,0,0,3,0,0,0,0,0,0,3,0,0,0,1,0,0,0,4,7,0,1,13,0,0,0,0,0,0,0,0,0,0,0,0,0,0,0,0,0,0,0,0,0,0,0,0,0,0,0,0,0,0,0,0,0,0,0,0,0,0,0,0,0,0,0,9,0,0,0,182,54,60,"accgcggttatacgagaggcccaaattgacatgaaaaggaacggcagtaaagcggttggttaaaaagaaaaaagaagaaatgctggccgaacagcttcaaaagcagttatacgcatccgaagtcacgaagaacaatcacgaaagttgccctaaaacctccgattccacgaaagccataaaaa","Arctogadus glacialis","0.912"
"GL01_000003831","suborder","Gadoidei",0.848648648648649,"Opisthokonta","Metazoa","Chordata","Actinopterygii","Gadiformes","","","","NC_004449","[]",1489845,0,0,37,2,0,0,0,0,0,0,0,0,0,2,0,0,0,65,4,0,10,3,4,0,0,10,7,0,2,0,0,0,0,0,0,0,0,0,1,0,0,0,0,0,0,0,0,0,0,0,0,0,0,0,0,0,0,0,0,0,0,0,0,0,0,0,0,0,0,0,0,0,1,4,0,0,0,178,57,152,"cgcggttactcacggatgaggcccaaattgagcattgaaaaacggaaacggaagagtggttgataaaaaagaaaagaaataaatgcggaccacttcaaagcagttatacgcatccgaagtcacgaagaacaatcacgaaagttgccctaaaacctccgattccacgaaagccataaaa","",""
"GL01_000109007","suborder","Gadoidei",0.878612716763006,"Opisthokonta","Metazoa","Chordata","Actinopterygii","Gadiformes","","","","KC844053","[]",1489845,0,0,0,0,0,0,0,0,0,0,0,0,0,0,0,0,0,0,0,0,0,0,0,0,0,0,0,0,0,0,0,0,0,0,0,0,0,0,933,0,0,0,0,0,0,0,231,0,0,1,0,0,0,0,0,0,0,0,0,0,0,0,125,0,0,0,0,0,63,0,0,0,0,0,0,0,0,170,726,1353,"accgcggttatacgagaggcccaagttgatgaaacgcggcgtaaagagtggttaagaaaactaaaaaataaggccgaacaacctcagagcagttatacgcatccgaggccacgaagtacaattacgaaagtagccctaataaaaaatctgactccacgaaaaccataaaa","Ciliata septentrionalis","0.994"
"GL01_000000883","suborder","Gadoidei",0.896174863387978,"Opisthokonta","Metazoa","Chordata","Actinopterygii","Gadiformes","","","","NC_004449","[Boreogadus saida| Microgadus proximus| Arctogadus glacialis| Pollachius pollachius| Gadus macrocephalus| Gadus morhua| Gadus ogac| Gadus chalcogrammus| Melanogrammus aeglefinus| Micromesistius poutassou| Merlangius merlangus| Lota lota]",1489845,0,0,311,34,0,208,0,1,0,0,98,0,0,11,0,0,0,96,18,0,46,186,27,0,0,183,724,0,124,860,0,0,1,0,0,5,0,0,39,0,0,2,0,0,0,0,6,0,6,0,0,1,0,0,0,0,0,0,0,0,0,21,0,0,6,0,0,0,0,0,0,0,15,279,0,0,0,179,228,3308,"accgcggttatacgagaggcccaaattgacatgaaaacggaacgtaagacgtggttgaataaaaaaagaaagaataatggccggaccaagcatttcaaaagcagttatacgcatccgaagtcacgaagaacaatcacgaaagttgccctaaaacctccgattccacgaaagccataaaa","Gadus morhua",""
"GL01_000108857","suborder","Gadoidei",0.88953488372093,"Opisthokonta","Metazoa","Chordata","Actinopterygii","Gadiformes","","","","NC_010121","[Boreogadus saida| Arctogadus glacialis| Trisopterus luscus| Pollachius pollachius| Gadus macrocephalus| Gadus morhua| Trisopterus minutus| Gadus ogac| Gadus chalcogrammus| Melanogrammus aeglefinus| Micromesistius poutassou| Merlangius merlangus| Microgadus proximus| Lota lota]",1489845,0,0,1,2,0,1,0,0,0,0,0,0,0,0,0,0,0,0,0,1,1,0,0,0,0,0,0,0,0,1,0,0,0,0,0,0,0,0,12713,0,0,0,0,0,0,0,0,0,1,979,0,0,0,0,0,0,0,0,1,0,0,0,0,0,0,0,0,1,0,0,0,0,0,0,0,0,0,168,5293,13702,"caccgcggttatacgagagacccaaattgataaaaaacggcgtaaagcgtggttaagaagataaaaatatacggtcaaacagcctcaaagcagttatacgcactcgaggtcacgaagaacaattacgaaagtatccctaaaacctctgactccacgaaaaccacaaaa","Gadiculus argenteus","1"
"GL01_000013450","family","Gadidae",0.947368421052632,"Opisthokonta","Metazoa","Chordata","Actinopterygii","Gadiformes","Gadidae","","","EU877741","[Boreogadus saida| Gadus morhua| Arctogadus glacialis| Pollachius pollachius| Gadus macrocephalus| Microgadus proximus| Gadus ogac| Gadus chalcogrammus| Melanogrammus aeglefinus| Merlangius merlangus]",8045,0,0,0,0,0,1,0,0,0,0,3,0,0,0,0,0,0,2,1,0,1,0,0,0,0,0,0,0,1,0,0,0,0,0,0,0,0,0,0,0,0,0,0,0,0,0,0,0,0,0,0,0,0,0,0,0,0,0,0,0,0,0,0,0,0,0,0,0,0,0,0,0,0,3,0,0,0,166,7,12,"accgcggttatacgagaggcccaaattgatgaaaaacggcgtaaagcgtggttaagaaaaaagagaaaatatggccgaacagcttcaaagcagttatacgcatccgaagtcacgaagaacaatcacgaaagttgccctaacgacctctcatcaacgaaccataaaa","Gadus morhua","0.959"
"GL01_000033117","family","Gadidae",0.942857142857143,"Opisthokonta","Metazoa","Chordata","Actinopterygii","Gadiformes","Gadidae","","","DQ356942","[Melanogrammus aeglefinus| Merlangius merlangus]",8045,0,0,1,0,0,0,0,0,0,0,0,0,0,0,0,0,0,3,0,0,0,0,0,0,0,2,1,0,0,0,0,0,0,0,0,0,0,0,0,0,0,1,0,0,0,0,0,0,0,0,0,0,0,0,0,0,0,1,0,0,0,0,0,0,0,0,0,0,0,0,0,0,0,3,0,0,0,172,10,12,"accgcggttatacgagaggcccaaattgacatgaaaacggaacgtaagtagtggttaagaaaacaagagaaaatatggccgaacagcttcaaagcagttatacgcatccgaagtcacgaagaacaatcacgaaagttgccttaaaacctctgattccacgaaagccataaaa","Melanogrammus aeglefinus | Merlangius merlangus","0.948 | 0.948"
"GL01_000114826","family","Gadidae",0.970588235294118,"Opisthokonta","Metazoa","Chordata","Actinopterygii","Gadiformes","Gadidae","","","EU877741","[Boreogadus saida| Arctogadus glacialis| Pollachius pollachius| Gadus macrocephalus| Gadus morhua| Gadus ogac| Gadus chalcogrammus| Melanogrammus aeglefinus| Merlangius merlangus]",8045,0,0,0,0,0,0,0,0,0,0,0,0,0,0,0,0,0,1,0,0,0,0,0,0,0,0,0,0,0,0,0,0,0,0,0,0,0,0,7,0,0,0,0,0,0,0,0,0,0,1,0,0,0,0,0,0,0,0,0,0,0,0,0,0,0,0,0,0,0,0,0,0,0,3,0,0,0,169,8,12,"caccgcggttatacgagaggcccaaattgatgaaaaacggcgtaaagcgtggttaagaaaataagaaaaatagggtcgaacagcctcaaagcagttatacgcatccgaagtcacgaagaacaatcacgaaagttgccctaaaacctccgattccacgaaagccataaaa","Arctogadus glacialis","0.971"
"GL01_000069784","family","Gadidae",0.953488372093023,"Opisthokonta","Metazoa","Chordata","Actinopterygii","Gadiformes","Gadidae","","","DQ356942","[Melanogrammus aeglefinus| Merlangius merlangus]",8045,0,0,1,0,0,2,0,0,0,0,1,0,0,0,0,0,0,1,0,0,1,0,0,0,0,0,1,0,5,0,0,0,0,0,0,0,0,0,3,0,0,0,0,0,0,0,0,0,0,0,0,0,0,0,0,0,0,0,0,0,0,0,0,0,0,0,0,0,0,0,0,0,0,3,0,0,0,167,8,18,"accgcggttatacgagaggctcaaattgatgaaaaacggcgtaaagcgtggttaagaaaacaagagaaaatatggccgaacagcttcaaagcagttatacgcatccgaagtcacgaagaacaatcacgaaagttgccttaaaacctctgtcatcaagaaccataaaa","Melanogrammus aeglefinus | Merlangius merlangus","1 | 1"
"GL01_000003474","family","Gadidae",0.932960893854749,"Opisthokonta","Metazoa","Chordata","Actinopterygii","Gadiformes","Gadidae","","","DQ356941","[Boreogadus saida| Microgadus proximus| Arctogadus glacialis| Pollachius pollachius| Gadus macrocephalus| Gadus morhua| Gadus ogac| Gadus chalcogrammus| Melanogrammus aeglefinus| Merlangius merlangus]",8045,0,0,2,0,0,0,0,0,0,0,1,0,0,0,0,0,0,1,0,0,0,8,0,0,0,1,13,0,5,16,0,0,0,0,0,1,0,0,0,0,0,0,0,0,0,0,1,0,0,0,0,0,0,0,0,0,0,0,0,0,0,0,0,0,0,0,0,0,0,0,0,0,0,2,0,0,0,177,3,51,"accgcggttatacgagaggcccaaattgacatgaaaaacggaacggtaaagcgtggttaagaaaaaagaaagaaaataatggccggaccaacttcaaagcagttatacgcatccgaagtcacgaagaacaatcacgaaagttgccctaaaacctccgattccacgaaagccataaaa","Gadus morhua","0.943"
"GL01_000000064","family","Gadidae",0.994117647058824,"Opisthokonta","Metazoa","Chordata","Actinopterygii","Gadiformes","Gadidae","","","DQ356942","[Melanogrammus aeglefinus| Merlangius merlangus]",8045,0,0,550,1326,0,249,0,0,0,0,855,0,0,3,1,0,0,185,210,0,209,350,1,0,0,627,308,0,832,408,0,0,272,0,0,30,2,0,10960,1552,0,1093,0,0,0,0,0,2,2,1,0,163,0,3,2098,0,0,847,1,0,0,1958,1,0,1171,0,0,0,0,0,1,0,0,902,0,0,0,169,39,27173,"accgcggttatacgagaggctcaaattgatgaaaaacggcgtaaagcgtggttaagaaaacaagagaaaatatggccgaacagcttcaaagcagttatacgcatccgaagtcacgaagaacaatcacgaaagttgccttaaaacctctgattccacgaaagccataaaa","Melanogrammus aeglefinus | Merlangius merlangus","1 | 1"
"GL01_000001373","genus","Gadus",0.942857142857143,"Opisthokonta","Metazoa","Chordata","Actinopterygii","Gadiformes","Gadidae","Gadus","","EU877741","[Gadus macrocephalus| Gadus morhua]",8048,0,0,1,0,0,0,0,0,0,0,1,0,0,0,0,0,0,11,0,0,3,0,0,0,0,4,0,0,1,0,0,0,0,0,0,0,0,0,0,0,0,0,0,0,0,0,0,0,0,0,0,0,0,0,0,0,0,0,0,0,0,0,0,0,0,0,0,0,0,0,0,0,0,0,0,0,0,173,1,21,"ccgcagcttcatacgagaggccaaagcatttgatgaaaaaacggcgtaaagcgtggttaagaaaaaagagaaaatatggccgaacagcttcaaagcagttatacgcatccgaagtcacgaagaacaatcacgaaagttgccctaaaacctccgattccacgaaagccataaaa","Gadus morhua","0.954"
"GL01_000067632","genus","Gadus",0.916666666666667,"Opisthokonta","Metazoa","Chordata","Actinopterygii","Gadiformes","Gadidae","Gadus","","EU877741","[Gadus macrocephalus| Gadus morhua]",8048,0,0,1,0,0,1,0,0,0,0,2,0,0,0,0,0,0,1,0,0,0,1,1,0,0,0,12,0,0,2,0,0,0,0,0,0,0,0,0,0,0,0,0,0,0,0,0,0,0,0,0,0,0,0,0,0,0,0,0,0,0,0,0,0,0,0,0,0,0,0,0,0,0,0,0,0,0,178,20,21,"gccgcggttatacgagaggcccaaattgatgaaaaaacggcgtaaaagcgtggttaagaaaaaagagaaaataatggccgaacagcttcaaagcagattatacgcatccgaagtcacgaagaacaatcacgaaagttgcccataaaacctaacccgctccatcgaaagaccataaaaa","Gadus morhua","0.932"
"GL01_000003139","genus","Gadus",0.948275862068966,"Opisthokonta","Metazoa","Chordata","Actinopterygii","Gadiformes","Gadidae","Gadus","","EU877741","[Gadus macrocephalus| Gadus morhua]",8048,0,0,5,0,0,0,0,0,0,0,1,0,0,0,0,0,0,0,1,0,0,2,1,0,0,7,6,0,1,3,0,0,0,0,0,0,0,0,1,0,0,0,0,0,0,0,0,0,0,0,0,0,0,0,0,0,0,0,0,0,0,0,0,0,0,0,0,0,0,0,0,0,1,0,0,0,0,171,3,29,"accgcggttatacgagaggcccaaattgacatgaaaacggaacgtaagacatggttaagaaaaaagagaaaatatggccgaacagcttcaaagcagttatacgcatccgaagtcacgaagaacaatcacgaaagttgccctaaaacctccgattccacgaaagccataaaa","Gadus morhua","0.953"
"GL01_000005748","genus","Gadus",0.954285714285714,"Opisthokonta","Metazoa","Chordata","Actinopterygii","Gadiformes","Gadidae","Gadus","","EU877741","[Gadus macrocephalus| Gadus morhua]",8048,0,0,4,2,0,2,0,0,0,0,0,0,0,0,0,0,0,1,0,0,0,3,5,0,0,4,9,0,0,8,0,0,1,0,0,0,0,0,0,0,0,0,0,0,0,0,0,0,0,0,0,0,0,0,0,0,0,0,0,0,0,0,0,0,0,0,0,0,0,0,0,0,2,4,0,0,0,174,5,45,"caccgcggttatgcgagaggcccaaattgatgaaaaaccggacgtaaagacgtggttaaagaaaaaagagaaataatggaccgaacagcttcaaagcagttatacgcatccgaagtcacgaagaacaatcacgaaagttgccctaaaacctccgattccacgaaagccataaaa","Gadus morhua","0.954"
"GL01_000000508","genus","Gadus",0.931818181818182,"Opisthokonta","Metazoa","Chordata","Actinopterygii","Gadiformes","Gadidae","Gadus","","EU877741","[Gadus macrocephalus| Gadus morhua]",8048,0,0,11,1,0,1,0,0,0,0,3,0,0,0,0,0,0,4,1,0,3,3,0,0,0,4,11,0,3,3,0,0,0,0,0,0,0,0,0,0,0,0,0,0,0,0,0,0,0,0,0,0,0,0,0,0,0,0,0,0,0,1,0,0,0,0,0,0,0,0,0,0,2,6,0,0,0,172,1,57,"accgcggttatacgagaggcccaaattgacatgaaaacggaacgtaagtagtggttaagaaaaaagaagaaataatggccgaacagcttcaaagcagttatacgcatccgaagtcacgaagaacaatcacgaaagttgccctaaaacctccgattccacgaaagccataaaa","Gadus morhua","0.936"
"GL01_000000239","genus","Gadus",0.910614525139665,"Opisthokonta","Metazoa","Chordata","Actinopterygii","Gadiformes","Gadidae","Gadus","","EU877741","[Gadus macrocephalus| Gadus morhua]",8048,0,0,25,1,0,11,0,0,0,0,14,0,0,0,0,0,0,7,0,0,1,17,0,0,0,16,56,0,8,44,0,0,0,0,0,0,0,0,2,0,0,0,0,0,0,0,3,0,0,0,0,0,0,0,0,0,0,0,0,0,0,1,0,0,2,0,0,0,0,0,0,0,0,18,0,0,0,175,2,226,"accgcggttatacgagaggcccaaattgacatgaaaacggaacgtaagacgtggttgaataaaaaagaaagaataatggccggaccaagcttcaaagcagttatacgcatccgaagtcacgaagaacaatcacgaaagttgccctaaaacctccgattccacgaaagccataaaa","Gadus morhua","0.915"
"GL01_000067063","genus","Gadus",0.959537572254335,"Opisthokonta","Metazoa","Chordata","Actinopterygii","Gadiformes","Gadidae","Gadus","","EU877741","[Gadus macrocephalus| Gadus morhua]",8048,0,0,161,11,0,69,0,0,0,0,113,0,0,16,0,0,0,106,23,0,87,57,7,0,0,103,857,0,52,60,0,0,1,0,0,1,0,0,3,0,0,2,0,0,0,0,12,0,15,0,0,0,0,0,1,0,0,0,0,0,0,11,0,0,5,0,1,0,0,0,0,0,4,119,0,1,0,172,28,1898,"actgtggttatacgagaggcccaaacatttgatgaaaaaacggcgtaaagcgtggttaagaaaaaagagaaaatatggccgaacagcttcaaagcagttatacgcatccgaagtcacgaagaacaatcacgaaagttgccctaaaacctccgattccacgaaagccataaaa","Gadus morhua","0.976"
"GL01_000000005","genus","Gadus",1,"Opisthokonta","Metazoa","Chordata","Actinopterygii","Gadiformes","Gadidae","Gadus","","EU877741","[Gadus macrocephalus| Gadus morhua]",8048,1,0,14682,2406,0,7281,98,0,0,0,12585,8,0,2961,3,0,0,10903,4615,209,18465,5462,848,0,1,12003,12436,0,9315,12084,46,0,2027,20,1,822,1,0,11785,1208,441,1082,167,0,0,0,653,123,488,65,66,326,1,694,1760,2,2,981,4,74,0,2572,4,134,1669,118,1,1,0,0,0,40,1001,17560,0,5,0,169,54616,172310,"caccgcggttatacgagaggcccaaattgatgaaaaacggcgtaaagcgtggttaagaaaaaagagaaaatatggccgaacagcttcaaagcagttatacgcatccgaagtcacgaagaacaatcacgaaagttgccctaaaacctccgattccacgaaagccataaaa","Gadus morhua","1"
"GL01_000000657","species","Micromesistius poutassou",0.994117647058824,"Opisthokonta","Metazoa","Chordata","Actinopterygii","Gadiformes","Gadidae","Micromesistius","Micromesistius poutassou","NC_015102","[Micromesistius poutassou]",81636,0,0,1,0,0,0,0,0,0,0,0,0,0,0,0,0,0,0,0,0,0,0,0,0,0,0,0,0,0,0,0,0,0,0,0,0,0,0,1,2555,0,0,0,0,0,0,0,0,0,0,0,0,0,0,0,0,0,0,0,0,0,0,0,0,0,0,0,0,0,0,0,0,0,0,0,0,0,169,1215,2557,"accgcggttatacgagaggctcaaattgatgaaaaacggcgtaaagcgtggttaagaaaacaagagatatatggccgaacagcttcaaagcagttatacgcattcgaaaccacgaagaacacccacgaaagttgccctaaaaaactctgattccacgaaaaccatagaa","Micromesistius poutassou","1"
"GL01_000000085","species","Pollachius virens",1,"Opisthokonta","Metazoa","Chordata","Actinopterygii","Gadiformes","Gadidae","Pollachius","Pollachius virens","DQ356945","[Pollachius virens]",8060,0,0,141,0,0,1,336,0,1,0,1,0,0,1,0,0,0,1,1,363,4,1,0,0,0,0,1,0,220,1,139,0,0,0,0,0,1,0,3474,1,0,235,0,0,0,0,0,221,335,133,180,0,0,1290,3,0,0,82,0,171,0,0,0,411,302,215,0,0,0,0,0,99,0,0,0,0,0,170,252,8365,"caccgcggttatacgagaggctcaaattgatgaaaaacggcgtaaagcgtggttaagaaaataagaggaaatacggccgaacaacttcaaagcagttatacgcatccgaagtcacgaagaacaatcacgaaagttgccctaaaatctccgattccacgaaagccataaaa","Pollachius virens","1"
"GL01_000011861","species","Trisopterus luscus",0.958823529411765,"Opisthokonta","Metazoa","Chordata","Actinopterygii","Gadiformes","Gadidae","Trisopterus","Trisopterus luscus","KP644343","[Trisopterus luscus]",27722,0,0,0,0,0,58,0,0,0,0,0,0,0,0,0,0,0,0,0,0,31,0,0,0,0,0,0,0,0,0,0,0,0,0,0,0,0,0,386,0,0,356,0,0,0,0,0,0,0,0,0,0,0,0,404,0,0,0,0,0,0,131,0,0,246,0,0,0,0,0,0,0,0,1,0,0,0,168,848,1613,"caccgcggttatacgagagacccaaattgataaaaacggcgtaaagcgtggttaagaagacaaaaaaatacggccgaacagattcaaagcagttatacgcattcgaaacaacgaagatcaagcacgcaagttgccctaaaaaactctgaccccacgaaagccataaaa","Trisopterus esmarkii","1"
"GL01_000112220","family","Lotidae",0.926553672316384,"Opisthokonta","Metazoa","Chordata","Actinopterygii","Gadiformes","Lotidae","","","LC091828","[Lota lota| Molva molva| Brosme brosme]",81641,0,0,0,0,0,0,0,0,0,0,0,0,0,0,0,0,0,0,0,0,0,0,0,0,0,0,0,0,0,0,0,0,0,0,0,0,0,0,29,0,0,0,0,0,0,0,0,0,0,2,0,0,0,0,0,0,0,0,0,0,0,0,0,0,0,0,0,0,0,0,0,0,0,0,0,0,0,175,1,31,"caccgcggttatacgagaggcccaaattgatgaaaaacggacgtaaagcgtggttaagaaaataaagaaaaataagggtcgaagcagcctccaaagagttaatcacgcattcgaggccacgaagcacagtcacgaaagtggcctactaacccctgattccacgaaagccataaaa","Brosme brosme","0.943"
"GL01_000097991","family","Lotidae",0.916666666666667,"Opisthokonta","Metazoa","Chordata","Actinopterygii","Gadiformes","Lotidae","","","KP644346","[Molva molva| Lota lota| Brosme brosme]",81641,0,0,0,0,0,0,0,0,0,0,0,0,0,0,0,0,0,0,0,0,0,0,0,0,0,0,0,0,0,0,0,0,0,0,0,0,33,0,0,0,0,0,0,0,0,0,0,0,0,0,0,0,0,0,0,0,0,0,0,0,0,0,0,0,0,0,0,0,0,0,0,0,0,0,0,0,0,178,33,33,"accgcggttatacgagagacccaagttgatcgaaaaacggcgtaaagacgtggttaaagaaaataaaagaagtaggggccgaaacaaccatcaaaagcagttatacgcattcgaggtcacgaagcacaatcacgaaagtggccctacttaacccctgattccaacgaaagccataaaa","Molva molva","0.921"
"GL01_000000441","species","Brosme brosme",0.970588235294118,"Opisthokonta","Metazoa","Chordata","Actinopterygii","Gadiformes","Lotidae","Brosme","Brosme brosme","LC091828","[Brosme brosme]",81638,0,1,13,5,0,12,0,560,0,1,19,0,0,9,2,0,1,923,7,2,32,7596,13741,0,0,18,13,0,23,11,27359,0,4,15632,0,2,1,0,14398,3,0,3,9702,2,0,0,11832,2,9439,13732,2,14,0,1,11,4,9874,4,9096,5,0,18224,3,0,4,4,1,2,0,0,2,1,0,6838,0,1,0,168,24252,169191,"caccgcggttatacgagagacccaaattgatgaaaaacggcgtaaagcgtggttaagaaaataagaaaaatagggtcgaacagcctcaaagcagttatacgcattcgaggccacgaagcacagtcacgaaagtggcctactaaccctgattccacgaaagccatagaa","Brosme brosme","0.988"
"GL01_000097497","species","Molva molva",1,"Opisthokonta","Metazoa","Chordata","Actinopterygii","Gadiformes","Lotidae","Molva","Molva molva","KP644346","[Molva molva]",163112,0,0,0,0,0,0,0,0,0,0,0,0,0,0,0,0,0,0,0,0,0,0,0,0,0,0,0,0,0,0,0,0,0,0,0,0,80,0,0,0,0,70,0,0,0,0,0,0,0,0,0,0,0,0,0,0,0,0,0,0,0,0,0,0,0,0,0,0,0,0,0,0,0,0,0,0,0,171,59,150,"caccgcggttatacgagagacccaagttgatgaaaaacggcgtaaagcgtggttaagaaaataaaagaaatagggccgaacaacctcaaagcagttatacgcattcgaggtcacgaagcacaatcacgaaagtggccctacttaacccctgattccacgaaagccataaaa","Molva molva","1"
"GL01_000000848","species","Mallotus villosus",0.988095238095238,"Opisthokonta","Metazoa","Chordata","Actinopterygii","Osmeriformes","Salangidae","Mallotus","Mallotus villosus","HM106491","[Mallotus villosus]",30960,0,0,565,16,724,5730,5348,6340,1,0,1769,0,271,5528,2903,1,1,399,24675,2815,2303,713,2437,4,7,364,6078,0,400,8509,5041,1,761,57,76,6532,3683,1,782,3591,3849,11826,7,3,0,1,33284,10623,60208,22030,2320,27279,1,507,5,5552,12640,9813,2620,73527,4,504,146,16,635,3821,0,3733,2991,0,8766,4144,10,2347,0,0,2,166,62669,401640,"accgcggttatacgagtggcccaagttgaaagttaccggcgtaaagagtggttagggaaaaataaactaaagtcgaacaccccctaggctgttatacgcttctgggggaacgaagccccactacgaaggtggctttaatacacctgaacccacgacaactaagata","Mallotus villosus","0.994"
"GL01_000021118","genus","Anarhichas",0.994082840236686,"Opisthokonta","Metazoa","Chordata","Actinopterygii","Perciformes","Anarhichadidae","Anarhichas","","EF427918","[Anarhichas denticulatus| Anarhichas minor| Anarhichas lupus]",8203,0,0,0,0,0,0,0,0,0,0,140,0,0,0,0,0,0,0,0,0,0,0,0,0,0,0,0,0,0,0,0,0,0,0,0,0,0,0,0,0,0,176,0,0,0,0,1,0,0,0,0,298,0,0,0,0,0,33,0,0,0,0,0,0,0,0,0,0,0,0,121,0,0,0,0,0,0,168,430,769,"accgcggttatacgagaggcccaagttgaaagaccccggcgtaaagcgtggttaagttaaaatttgtactaaagccgaacatcttcacggctgttatacgcacccgaagataagaagttcaaccacgaaggtagctttatttaatctgaacccacgaaagctacggca","Anarhichas spp.  ||  Anarhichas denticulatus | Anarhichas lupus | Anarhichas minor","1 | 1 | 1"
"GL01_000133320","family","Cottidae",0.942528735632184,"Opisthokonta","Metazoa","Chordata","Actinopterygii","Perciformes","Cottidae","","","LC036924","[Myoxocephalus scorpius| Microcottus sellaris| Myoxocephalus polyacanthocephalus]",8092,0,0,0,0,0,0,0,0,0,0,0,0,0,0,0,0,0,0,0,0,0,0,0,0,0,0,0,0,0,0,0,0,0,0,0,0,0,0,0,0,32,0,0,0,0,0,0,0,0,0,0,0,0,0,0,0,0,0,0,0,0,0,0,0,0,0,0,0,0,0,0,0,0,0,0,0,0,170,8,32,"ccgcggttatacgagaggcccaagttgaccaaacaccggcagtaaagcgtggatagttaaaaactacacactaagaccaaacatcttccaggctgttatacgcaaccgaagacaggaagttcaaccacgaaagtggctttatctagtctgaacccacgaaagctaaggaa","Myoxocephalus scorpius","0.953"
"GL01_000007068","family","Cottidae",0.994082840236686,"Opisthokonta","Metazoa","Chordata","Actinopterygii","Perciformes","Cottidae","","","LC036924","[Myoxocephalus scorpius| Microcottus sellaris| Myoxocephalus polyacanthocephalus]",8092,0,0,1,0,0,0,0,0,0,0,0,0,1,0,0,0,0,0,0,0,3,0,1,0,0,1,0,0,2,0,0,0,0,0,0,1,0,0,1,0,9519,1,0,0,0,0,0,1,0,1,0,4,0,0,2,0,0,0,1,0,0,1,1,0,0,1,0,0,0,0,1,0,0,1,0,0,0,168,2468,9545,"accgcggttatacgagaggcccaagttgacaaacaccggcgtaaagcgtggttaagtaaaaactcacactaaagccaaacatcttccaggctgttatacgcaaccgaagacaggaagttcaaccacgaaagtggctttatctagtctgaacccacgaaagctaaggaa","Myoxocephalus scorpius","1"
"GL01_000000967","species","Icelus spatula",0.994047619047619,"Opisthokonta","Metazoa","Chordata","Actinopterygii","Perciformes","Cottidae","Icelus","Icelus spatula","NC_027587","[Icelus spatula]",980331,0,0,1,0,0,0,0,0,0,0,0,0,0,0,0,0,0,0,1,0,5,0,0,0,0,0,1,0,2,0,0,0,0,0,0,0,1,0,0,1,0,0,0,0,0,0,0,0,0,1,0,0,0,0,0,0,0,2,0,1,0,0,0,0,0,1,0,0,0,0,3877,0,0,0,0,0,0,167,1001,3894,"accgcggttatacgagaggcccaagttgacaaacaccggcgtaaagagtggttaagttaaaacgcatactaaagccaaacgtcttcaaggctgttatacgcaaccgaagacaggaagttcaaccacgaaggtggctttacctacctgaacccacgaaagctaaggaa","Artediellus atlanticus | Icelus cataphractus | Icelus spatula","1 | 1 | 1"
"GL01_000047563","species","Cyclopterus lumpus",0.994082840236686,"Opisthokonta","Metazoa","Chordata","Actinopterygii","Perciformes","Cyclopteridae","Cyclopterus","Cyclopterus lumpus","KM057954","[Cyclopterus lumpus]",8103,0,0,0,0,0,1,1,0,0,0,4,0,0,0,0,0,0,0,0,0,179,0,765,0,1,1623,1,0,1,0,1,0,0,0,0,0,0,0,3,2930,1,1011,0,0,0,0,1,0,1336,2,0,4,0,0,0,1,0,4,3819,1,0,0,2,1529,0,0,0,0,0,0,0,0,0,0,0,1,0,168,5850,13222,"accgcggttatacgagaggcccaagttgacagacaccggcgtaaagagtggttaagctaaaacttaaactaaagccaaacatcttcaagactgttatacgtacccgaagacaggaaactcaaccacgaaagtagctttatttaatctgaccccacgaaagctacggca","Cyclopterus lumpus","1"
"GL01_000013295","genus","Pholis",0.988095238095238,"Opisthokonta","Metazoa","Chordata","Actinopterygii","Perciformes","Pholidae","Pholis","","FJ687232","[Pholis crassispina| Pholis nebulosa]",56725,0,0,0,0,0,2,0,0,0,0,2,0,0,2,0,0,0,0,1,1,3,0,0,0,1,1,0,0,2,0,0,0,0,1,0,0,0,0,1,0,0,0,0,0,0,0,6152,1,0,8818,0,0,1,0,1,1,1,0,2,0,0,18534,0,2,0,1,1,0,0,0,0,0,0,0,0,1,0,168,5561,33533,"caccgcggttatacgagaggcccaagttgacagacatcggcgtaaagagtggttaagttaaaattgtactaaagccgaacatcctccaggctgttatacgcatccgaagataagaagttcaaccacgaaggtagctttatttaatctgaacccacgaaagctacggca","Pholis gunnellus","1"
"GL01_000146013","subfamily","Sebastinae",0.948571428571429,"Opisthokonta","Metazoa","Chordata","Actinopterygii","Perciformes","Sebastidae","","","EU008930","[]",274705,0,0,0,0,0,0,0,0,0,0,0,0,0,0,0,0,0,0,0,0,0,0,0,0,0,0,0,0,0,0,0,0,0,0,0,0,0,0,0,0,0,0,1,0,0,0,1,0,0,0,0,0,0,0,0,0,0,0,0,0,0,0,0,0,0,0,0,0,0,0,0,15,0,0,0,0,0,175,3,17,"caccgcggctatacgagagacccaagttgataccacccggcgtaaagagtggttatggaaaataaagactaaagccgcacaccttcaaagctgttataacgcatccgaaggctagaagatcaaccacgaaggatagctttacaaaccccctgacccccacgaaaagcctctggca","Sebastes spp.  ||  Sebastes norvegicus | Sebastes viviparus","0.96 | 0.96"
"GL01_000143390","subfamily","Sebastinae",0.927374301675978,"Opisthokonta","Metazoa","Chordata","Actinopterygii","Perciformes","Sebastidae","","","EU008930","[]",274705,0,0,0,0,0,0,0,0,0,0,0,0,0,0,0,0,0,0,0,0,0,0,0,0,0,0,0,0,0,0,0,0,0,0,0,0,0,0,0,0,0,0,2,0,0,0,2,0,0,0,0,0,0,0,0,0,0,0,0,0,0,0,0,0,0,0,0,0,0,0,0,22,0,0,0,0,0,179,2,26,"caccgcggctatacgagagacccaagttgataccacccggcgtaaagagtggttatggaaaataaagactaaagccgcacaccttcaaagctgttataacgcatccgaaggctagaagatcaaccacgaaggatacgctttacaaaccccctgacccccatcgaaaagacctctcggca","Sebastes spp.  ||  Sebastes norvegicus | Sebastes viviparus","0.958 | 0.958"
"GL01_000002153","genus","Sebastes",0.988095238095238,"Opisthokonta","Metazoa","Chordata","Actinopterygii","Perciformes","Sebastidae","Sebastes","","EU008930","[Sebastes owstoni| Sebastes ruberrimus| Sebastes hubbsi| Sebastes oblongus| Sebastes pachycephalus| Sebastes steindachneri| Sebastes taczanowskii| Sebastes vulpes| Sebastes inermis| Sebastes thompsoni| Sebastes schlegelii| Sebastes trivittatus| Sebastes koreanus| Sebastes longispinis]",34820,0,0,295,0,0,0,0,0,0,0,2,0,0,0,0,0,0,0,0,0,1,0,0,0,0,0,0,0,1,0,0,0,0,0,80,391,0,5,710,0,7,0,2412,0,0,0,2305,0,1,417,0,0,0,730,1388,288,0,1,0,1577,0,0,1,0,0,0,0,3,0,0,0,7070,0,0,0,0,0,168,10813,17685,"caccgcggctatacgagagacccaagttgataccacccggcgtaaagagtggttatggaaaataaagactaaagccgcacaccttcaaagctgttatacgcatccgaaggctagaagatcaaccacgaaggtagctttacaacccctgaccccacgaaagctctggca","Sebastes spp.  ||  Sebastes norvegicus | Sebastes viviparus","1 | 1"
"GL01_000011392","species","Leptoclinus maculatus",0.994082840236686,"Opisthokonta","Metazoa","Chordata","Actinopterygii","Perciformes","Stichaeidae","Leptoclinus","Leptoclinus maculatus","NC_027588","[Leptoclinus maculatus]",980417,0,0,0,0,0,4385,0,0,0,0,418,0,0,0,0,0,0,184,1,0,544,0,0,0,0,513,2,0,123,0,0,0,0,1,0,0,0,0,200,0,0,267,0,0,0,0,251,0,0,2,0,2,0,1,1666,0,0,0,0,642,0,4,0,0,96,0,0,3,1,0,0,0,0,200,0,0,0,169,2703,9506,"caccgcggttatacgagaggcccaagttgacagactccggcgtaaagagtggttaagttaaaatatatactaaagccgaacatcctcaaagctgttatacgcacccgaagacaagaagttcaaccacgaaggtggctttatttagtctgaacccacgaaagctacggca","Lumpenus lampretaeformis","1"
"GL01_000110023","genus","Lycodes",0.970238095238095,"Opisthokonta","Metazoa","Chordata","Actinopterygii","Perciformes","Zoarcidae","Lycodes","","LC278199","[Lycodes toyamensis| Lycodes terraenovae]",8196,0,0,0,0,0,0,0,0,0,0,0,0,0,0,0,0,0,0,0,0,0,0,0,0,0,0,0,0,0,0,0,0,0,0,0,0,0,0,173,0,0,0,0,0,0,0,0,0,0,0,0,0,0,0,0,0,0,13,0,0,0,0,0,0,0,0,0,0,0,0,0,0,0,0,0,0,0,166,97,186,"ccgcggttatacgagaggcccaagttgaaagaccccggcgtaaagagtggttaagctagaatttatactaaagccgaacatcctcatggctgttatacgcacccgagggtaagaagctcaaccacgaaggtagctttatatgtctgaacccacgaaagctacggca","Lycodes vahlii","1"
"GL01_000149674","family","Pleuronectidae",0.942528735632184,"Opisthokonta","Metazoa","Chordata","Actinopterygii","Pleuronectiformes","Pleuronectidae","","","LC049653","[Isopsetta isolepis| Hippoglossoides platessoides| Pseudopleuronectes americanus| Psettichthys melanostictus| Platichthys stellatus| Kareius bicoloratus| Pleuronectes quadrituberculatus| Cleisthenes herzensteini]",8256,0,0,0,0,0,0,0,0,0,0,0,0,0,0,0,0,0,0,0,0,0,0,0,0,0,0,0,0,0,0,0,0,0,0,0,0,0,0,0,0,0,0,0,0,0,0,5,0,0,0,0,0,0,0,0,5,0,0,1,0,0,0,0,0,0,0,0,0,0,0,0,0,0,0,0,0,0,170,11,11,"accgcggttatacgagaggcccaagttgacaaacacggcgtaaagggtggttaagggaatttactaaactagagccgaacgctttcaaagctgttatacgcacccgaaagtaatgaacccaattaacgaaagtgctactaacctatcctgaacccacgaaagctaaggaa","Pleuronectes platessa","0.948"
"GL01_000053808","family","Pleuronectidae",0.932203389830508,"Opisthokonta","Metazoa","Chordata","Actinopterygii","Pleuronectiformes","Pleuronectidae","","","AF488478","[]",8256,0,0,0,0,0,0,0,0,0,0,0,0,0,0,0,0,0,0,0,0,0,6,0,0,0,0,0,0,0,0,0,0,0,0,0,0,0,0,0,0,0,3,0,0,0,0,0,0,0,0,0,0,0,0,0,0,0,0,0,0,0,5,0,0,0,0,0,0,0,0,0,0,0,0,0,0,0,173,3,14,"ccgcggttatacgagaggcccaagttgaccaaacaacggcgtaaagagtggattaggggtttacgtaaacttagaagccgaacgctttacaagtctgattatacgcacccgaaagtatgaaacccaattacgaaagtagctctacttatcctgaacccacgaaagctaaggaa","Hippoglossoides platessoides","0.943"
"GL01_000154015","family","Pleuronectidae",0.931818181818182,"Opisthokonta","Metazoa","Chordata","Actinopterygii","Pleuronectiformes","Pleuronectidae","","","AF488482","[]",8256,0,0,0,0,0,0,0,0,0,0,0,0,0,2,0,0,0,0,0,0,0,0,0,0,0,0,0,0,0,0,0,0,0,0,0,0,0,0,0,0,0,0,0,0,0,0,5,0,0,0,0,0,0,0,0,6,0,0,4,0,0,0,0,0,0,0,0,0,0,0,0,0,0,0,0,0,0,172,14,17,"ccgcggttatacgagaggcccaagttgaccaaacacggcagtaaagagtggatggggatttgtgacttaaactaagagccgaacgctttcaaagctgttatacgcacccgaaagtatgaaacccaattacgaaagtagctctacctatcctgaacccacgaaagctaaggaa","Pleuronectes platessa","0.942"
"GL01_000004547","family","Pleuronectidae",0.954022988505747,"Opisthokonta","Metazoa","Chordata","Actinopterygii","Pleuronectiformes","Pleuronectidae","","","AF488478","[]",8256,0,0,3,0,0,0,0,0,0,0,0,0,0,0,0,0,0,0,0,0,0,4,0,0,0,0,0,0,0,0,0,0,0,0,0,0,0,0,0,0,0,1,0,0,0,0,0,0,0,2,0,0,0,0,0,0,0,0,0,0,0,11,0,0,0,0,0,0,0,0,0,0,0,0,0,0,0,171,3,21,"accgcggttatacgagaggcccaagttgacaaacaacggcgtaaagagtggattaggggtttactaaacttagaagccgaacgctttcaagtctgattatacgcacccgaaagtatgaaacccaattacgaaagtagctctacttatcctgaacccacgaaagctaaggaa","Hippoglossoides platessoides","0.959"
"GL01_000027028","family","Pleuronectidae",0.976608187134503,"Opisthokonta","Metazoa","Chordata","Actinopterygii","Pleuronectiformes","Pleuronectidae","","","LC049653","[Isopsetta isolepis| Microstomus pacificus| Hippoglossoides platessoides| Lepidopsetta bilineata| Limanda aspera| Pseudopleuronectes americanus| Hippoglossus hippoglossus| Platichthys stellatus| Kareius bicoloratus| Pleuronectes quadrituberculatus| Psettichthys melanostictus| Cleisthenes herzensteini| Hippoglossus stenolepis]",8256,0,0,0,0,0,0,0,0,0,0,0,0,0,3,0,0,0,0,0,0,0,0,0,0,0,0,0,0,25,0,0,0,0,0,0,0,0,0,0,0,0,0,0,0,0,0,252,0,0,0,0,0,0,0,0,226,0,0,85,0,0,0,0,0,0,0,0,0,0,0,0,0,0,0,0,0,0,169,1,591,"accgcggttatacgagaggcccaagttgacaaacaacggcgtaaagagtggattagggatttactaaactagagccgaacgctttcaaagctgattatacgcacccgaaagtatgaaacccaattacgaaagtagctctacctatcctgaacccacgaaagctaaggaa","Pleuronectes platessa","0.982"
"GL01_000026368","family","Pleuronectidae",0.976331360946746,"Opisthokonta","Metazoa","Chordata","Actinopterygii","Pleuronectiformes","Pleuronectidae","","","AF488480","[]",8256,0,0,0,0,0,1,0,0,0,0,0,0,0,94,0,0,0,0,0,0,1,0,0,0,0,0,0,0,0,0,0,0,0,306,0,0,0,0,140,0,0,176,0,0,0,0,105,170,126,1,0,0,0,0,0,0,0,227,0,489,0,0,140,0,199,0,0,180,0,0,0,0,0,0,0,0,0,168,16,2355,"accgcggttatacgagaggcccaagttgacaaacaacggcgtaaagagtggttaggggaattactaaactagagccgaacgctttcaaagctgttatacgcacccgaaagtatgaaacccaattacgaaagtagctctacctgtcctgaacccacgaaagctaagaaa","Microstomus kitt","1"
"GL01_000026355","family","Pleuronectidae",0.994082840236686,"Opisthokonta","Metazoa","Chordata","Actinopterygii","Pleuronectiformes","Pleuronectidae","","","LC049653","[Platichthys stellatus| Pleuronectes quadrituberculatus]",8256,0,0,384,0,0,776,0,0,0,0,1,0,1,486,0,0,0,157,1,404,271,524,0,0,0,1,1,0,894,1,0,0,0,424,0,0,0,0,169,1,0,734,0,0,0,0,6350,283,215,494,0,1,0,1,0,6999,0,299,1823,922,0,1586,205,0,288,0,0,170,0,0,1,0,0,3,0,1,0,168,10685,24871,"accgcggttatacgagaggcccaagttgacaaacaacggcgtaaagagtggttagggaatttactaaactagagccgaacgctttcaaagctgttatacgcacccgaaagtatgaaacccaattacgaaagtagctctacctatcctgaacccacgaaagctaaggaa","Pleuronectes platessa","1"
"GL01_000142793","species","Scophthalmus maximus",1,"Opisthokonta","Metazoa","Chordata","Actinopterygii","Pleuronectiformes","Scophthalmidae","Scophthalmus","Scophthalmus maximus","EU419747","[Scophthalmus maximus]",52904,0,0,0,0,0,0,0,0,0,0,0,0,0,0,0,0,0,0,0,0,0,0,0,0,0,0,0,0,0,0,0,0,0,0,0,0,0,0,0,0,0,0,129,0,0,0,0,0,0,0,0,0,0,0,0,0,0,0,0,0,0,0,0,0,0,0,0,0,0,0,0,0,0,0,0,0,0,169,69,129,"caccgcggttagacgagaggcccaagtggatagacaacggcgtaaagggtggttaggggtcacaacaaactaaagctgaatgctctcaagactgttatatgcgttcgagactttgaaacccaactacgaaagtggctttactagacctgaacccacgaaagctaaggaa","Scophthalmus maximus","1"
"GL01_000202717","family","Salmonidae",0.913513513513514,"Opisthokonta","Metazoa","Chordata","Actinopterygii","Salmoniformes","Salmonidae","","","HQ167667","[]",8015,0,0,0,0,0,0,0,0,0,0,0,0,0,0,0,0,0,0,0,0,0,0,0,0,0,0,0,0,0,0,0,0,0,0,0,0,0,0,0,0,0,0,0,0,0,0,0,0,0,1,0,2,0,0,0,0,0,0,1,0,0,0,1,1,6,0,0,0,1,0,0,0,0,0,0,0,0,184,1,13,"accgcggttatacgagaggccctagttgactaacttaccggcgtaaacggagtggattacgggtaaaaaataattttaattaaaagcccgaaacacccccctcagccgtcatacgcacctgggggcacgaagatctactacgaaagcagctttaattatacctgaacccacgacagctacgaca","Salmo salar","0.918"
"GL01_000058232","subfamily","Salmoninae",0.970930232558139,"Opisthokonta","Metazoa","Chordata","Actinopterygii","Salmoniformes","Salmonidae","","","EU643689","[Salvelinus leucomaenis| Salmo labrax| Salmo salar]",504568,0,0,0,0,0,0,0,0,0,0,0,0,0,0,0,0,0,0,0,0,0,0,1,0,0,0,0,0,0,0,0,0,0,0,0,0,2,0,0,0,0,0,0,0,0,0,4,0,0,1,0,2,0,0,0,1,0,0,0,0,0,1,3,0,3,8,0,1,0,0,0,0,0,0,0,0,0,171,1,27,"accgcggttatacgagaggccctagttgataactaccggcgtaaagagtggttatggaaaatatttaataaaagccgaatcaccccctcacgccgtcatacgcacctgggggcacgaagatctactacgaaagcagctttaattatacctgaacccacgacagctacgaca","Salmo salar","0.977"
"GL01_000000002","species","Salmo salar",1,"Opisthokonta","Metazoa","Chordata","Actinopterygii","Salmoniformes","Salmonidae","Salmo","Salmo salar","HQ167667","[Salmo salar]",8030,5,0,17,2,1,43,44,2,0,0,52,0,1,9,6324,0,15,615,19,1,90,9,5152,0,63,32,83,5,28,21,8,0,8406,4985,8,3,91005,2,11,18477,19,5187,8,2,1,1,92350,37731,33804,60706,1,120418,5,14,27,49102,8491,43438,68650,59277,5,77046,143742,26836,34493,197972,31161,36026,12825,2,8526,2,8,23,0,7,2,170,126009,1283446,"caccgcggttatacgagaggccctagttgataactaccggcgtaaagagtggttacggaaaaatatttaataaagccgaacaccccctcagccgtcatacgcacctgggggcacgaagatctactacgaaagcagctttaattatacctgaacccacgacagctacgaca","Salmo salar","1"
"GL01_000342913","genus","Ammodytes",0.922651933701657,"Opisthokonta","Metazoa","Chordata","Actinopterygii","Uranoscopiformes","Ammodytidae","Ammodytes","","AP006023","[Ammodytes hexapterus| Ammodytes personatus]",84620,0,0,0,0,0,0,0,0,0,0,0,0,0,0,0,0,0,0,0,0,0,0,0,0,0,0,0,0,0,0,0,0,0,0,0,0,0,0,0,0,0,0,0,0,0,0,0,0,0,0,0,0,0,0,0,0,0,0,0,0,0,0,0,0,0,0,0,0,0,0,0,0,21,0,0,0,0,180,6,21,"accgcggttatacgagaggcccaagctgatagaccccggcgtaaacgagtggttaagataaacttaaaactaaaagccgaaacaccctcacagcctgttatacgcacccgagagtaagaagccccaactacgaaagtggctttacaaaccccctgaaacccactgaaaagcctatcgaca","Ammodytes marinus | Hyperoplus lanceolatus | Ammodytes tobianus","0.933 | 0.933 | 0.933"
"GL01_000026042","genus","Ammodytes",0.994082840236686,"Opisthokonta","Metazoa","Chordata","Actinopterygii","Uranoscopiformes","Ammodytidae","Ammodytes","","AP006023","[Ammodytes hexapterus| Ammodytes personatus]",84620,0,0,0,0,0,0,0,0,0,0,0,0,285,0,514,0,0,0,0,0,1,0,0,0,0,0,2,0,0,0,0,0,0,0,0,0,0,0,0,0,0,0,0,0,0,0,0,0,0,0,0,0,0,0,0,0,0,0,0,0,0,0,0,0,0,0,0,1,0,0,0,0,3073,0,0,0,0,169,2885,3876,"caccgcggttatacgagaggcccaagctgatagaccccggcgtaaagagtggttaagataaacttaaaactaaagccgaacaccctcacagctgttatacgcacccgagagtaagaagcccaactacgaaagtggctttacaacccctgaacccacgaaagctatgaca","Ammodytes marinus | Hyperoplus lanceolatus | Ammodytes tobianus","1 | 1 | 1"
"GL01_000180876","no rank","Boreoeutheria",0.792899408284024,"Opisthokonta","Metazoa","Chordata","Mammalia","","","","","NC_001645","[]",1437010,0,0,0,0,0,0,0,0,0,0,0,0,0,0,0,0,0,0,0,0,0,0,0,0,0,0,0,0,0,0,0,0,0,0,0,0,0,0,0,0,0,0,0,0,0,0,0,0,45,0,0,0,0,0,0,0,0,0,0,0,0,0,0,0,0,0,0,0,0,0,0,0,0,0,0,0,0,159,42,45,"accacacgattaacccgagctaatggaactcagcgtaaagagtgtttaaggtctgccctcaataaagttaaagcccatctaagttgtaaaaaactccagccgaaataaaatgtactacaaaagtagctttaataccctgaagacacaatagctaagacc","Homo sapiens","0.994"
"GL01_000155264","genus","Bos",1,"Opisthokonta","Metazoa","Chordata","Mammalia","Artiodactyla","Bovidae","Bos","","NC_006853","[Bos taurus| Bos javanicus| Bos primigenius]",9903,0,0,0,0,0,0,0,0,0,0,0,0,0,0,0,0,0,0,0,0,0,0,0,0,0,0,0,0,0,0,0,0,0,0,0,0,0,0,0,0,0,0,0,0,0,0,44,454,0,0,0,0,0,0,0,0,0,0,0,0,0,0,0,0,0,0,0,0,0,0,0,0,0,0,0,0,0,168,384,498,"caccgcggtcatacgattaacccaagctaacaggagtacggcgtaaaacgtgttaaagcaccataccaaatagggttaaattctaactaagctgtaaaaagccatgattaaaataaaaataaatgacgaaagtgaccctacaatagccgacgcactatagctaagacc","Bos taurus","1"
"GL01_000007964","species","Sus scrofa",0.988235294117647,"Opisthokonta","Metazoa","Chordata","Mammalia","Artiodactyla","Suidae","Sus","Sus scrofa","NC_000845","[Sus scrofa]",9823,0,0,0,3121,0,1,0,0,0,0,0,0,0,0,0,0,0,0,0,0,0,0,0,0,0,0,0,0,1,0,0,0,0,0,0,0,0,0,0,0,0,0,0,0,0,0,0,0,0,0,0,0,0,0,0,0,0,0,0,0,0,1,768,0,1,0,0,0,0,0,0,0,0,0,0,0,0,169,1880,3893,"caccgcggtcatacgattaacccaaattaatagatccacggcgtaaagagtgtttaagaaaaaaaatcacaatagagttaaattataactaagctgtaaaagaccctagttaaaataaaataacccacgaaagtgactctaataatcctgacacacgatagctaggacc","Sus scrofa","0.988"
"GL01_000351431","species","Balaenoptera physalus",0.982352941176471,"Opisthokonta","Metazoa","Chordata","Mammalia","Cetacea","Balaenopteridae","Balaenoptera","Balaenoptera physalus","NC_001321","[Balaenoptera physalus]",9770,0,0,0,0,0,0,0,0,0,0,0,0,0,0,0,0,0,0,0,0,0,0,0,0,0,0,0,0,0,0,0,0,0,0,0,0,0,0,0,0,0,0,1,0,0,0,0,0,0,0,0,0,0,0,0,0,0,0,0,0,0,0,0,0,0,0,0,0,0,0,0,0,0,0,229,0,0,169,150,230,"accgcggtcatacgatcgacccaaattaatagaagcacggcgtaaagagtgttaaggagccacatggaataaagtcaaaccttaattaagctgtaaaaagccctaattaaaattaagctaaactacgaaagtgactttaatataatctgatcacacgacagctaagatc","Balaenoptera physalus","1"
"GL01_000047885","species","Phocoena phocoena",0.982658959537572,"Opisthokonta","Metazoa","Chordata","Mammalia","Cetacea","Phocoenidae","Phocoena","Phocoena phocoena","NC_005280","[Phocoena phocoena]",9742,0,0,0,0,0,0,0,0,0,0,0,0,0,0,0,0,0,0,0,0,93,58,0,0,0,0,0,0,0,0,0,0,0,0,0,0,0,0,0,0,0,0,0,0,0,0,0,0,0,0,0,0,0,0,31,0,0,0,1,0,0,6,0,0,0,0,0,0,0,0,0,0,0,0,0,0,0,173,120,189,"caccgcggtcatacgattgacccaagttaatagacacccggcgtaaagagtgtcgaggagtaacataaaataaagtcaaatcttagttaagctgtaaaaagccataactaaacctaagactaaaccacgaaaagtaactttaatcacaaaccgagtacacgacaactaagacc","Phocoena phocoena","0.983"
"GL01_000031554","species","Homo sapiens",0.971098265895954,"Opisthokonta","Metazoa","Chordata","Mammalia","Primates","Hominidae","Homo","Homo sapiens","NC_011137","[Homo sapiens]",9606,0,0,0,0,0,0,0,0,0,0,0,0,0,0,2,0,0,0,1,0,0,0,0,0,0,0,0,2,0,0,0,0,0,0,0,0,0,0,0,0,0,0,0,0,0,0,1,0,0,0,2,0,0,0,0,0,0,0,0,0,0,0,0,0,1,2,0,0,2,0,0,0,0,0,0,0,0,170,13,13,"accgcggtcacacgattaacccaagtcaatagaagccggcgtaaagagtgttttagatcaccccctccccaataaagctaaaactcacctgagttgtaaaaactaccagttgacacaaataagactacgaaagtggctttaacatatctgaacacacaatagctaagacc","Homo sapiens","0.977"
