"id","rank","scientific_name","best_identity","superkingdom_name","kingdom_name","phylum_name","class_name","order_name","family_name","genus_name","species_name","best_match","species_list","taxid","X2021607_168","X2021607_170","X2021607_172","X2021607_177","X2021607_179","X2021607_180","X2021607_182","X2021607_196","X2021607_202","X2021607_205","X2021607_207","X2021607_208","X2021607_209","X2021607_212","X2021607_213","X2021607_216","X2021607_218","X2021607_219","X2021607_224","X2021614_109","X2021614_110","X2021614_112","X2021614_125","X2021614_132","X2021614_137","X2021614_139","X2021614_142","X2021614_143","X2021614_148","X2021614_175","X2021614_18","X2021614_184","X2021614_20","X2021614_212","X2021614_214","X2021614_215","X2021614_29","X2021614_39","X2021614_45","X2021614_EB011121","X2021614_LB011121","X2021614_LB081121","Mock_v4_NG_br1","Mock_v4_NG_br2","Mock_v4_NG_br3","NTC_NG","seq_length","cluster_weight","total_reads","sequence","annotated_name","annotated_pident"
"GG01_000765162","no rank","Theria",0.748663101604278,"","","","","","","","","NC_014047","[]",32525,0,0,0,0,0,0,0,163,0,0,0,0,0,0,0,0,0,0,0,0,0,0,0,0,0,0,0,0,0,0,0,0,0,0,0,0,0,0,0,0,0,0,0,0,0,0,183,99,163,"cactgtggccatacaatgaacccaagctatacaattaacccaagctaatagaactcagcgtaaagagtgtttaagatctgccctcaataaagctaaactccatttaagttgtaaaaacttaggctgaaataaaacatactacgaatgtggctttaatatcctgaagacacgacagctaagatc","Homo sapiens","0.995"
"GG01_002547526","no rank","Vertebrata",0.565,"","","","","","","","","HQ343030","[]",7742,0,0,0,0,0,0,0,0,0,0,0,0,0,0,0,0,0,0,0,0,0,0,0,0,0,0,0,0,0,0,14,0,0,0,0,0,0,0,0,0,0,0,0,0,0,0,173,8,14,"gacatggttttggctgcacatgccgatgcaggctttcacaatgaaactaaaggccgcagtcgagctggcgcgcacatttttctttccaaaaatgatccctatcgaaggtggaatggagcaatacttactatcacccaagttattaatttcatcatgacgtccgccgccgaagc","",""
"GG01_001925126","no rank","Vertebrata",0.564766839378238,"","","","","","","","","NC_024194","[]",7742,0,0,0,0,0,0,0,0,0,0,0,0,0,0,0,0,0,0,0,0,15,0,0,0,0,0,0,0,0,0,0,0,0,0,0,0,0,0,0,0,0,0,0,0,0,0,170,15,15,"acgtgcaaatatagagaaatggggtgccatggaagtgccaactcatgccccaaaggtctcgccaattaatgcattgtgctgattctcgggggaaccgtccccaccgaagaacctcgggaacggacattaagaaacgacaccaccagccctcaacatttgaattacatgca","",""
"GG01_000567208","no rank","Vertebrata",0.561320754716981,"","","","","","","","","NC_015087","[]",7742,0,0,0,0,0,0,0,0,0,0,0,0,0,0,0,0,0,0,0,0,0,0,0,0,8,0,0,10,0,0,0,0,0,0,0,0,0,0,0,0,0,0,0,0,0,0,171,16,18,"cacgtacaaatatcgaaaaatggggtgccatggaaaatgccaactcgtgccccaaaggtctcgccaaattaatgcattgtgctgatcctcgggggagccttcccatcgaacaacatcgagaacgacatggagaaacgaccccaccaagccccacaatttgaattacatgca","",""
"GG01_000566041","no rank","Vertebrata",0.567708333333333,"","","","","","","","","DQ645666","[]",7742,0,0,0,0,0,0,0,0,0,0,0,0,0,0,0,0,0,0,0,0,8,0,0,0,0,0,0,13,0,0,0,0,0,0,0,0,0,0,0,0,0,0,0,0,0,0,161,11,21,"gaaattgcagcggagatttttaccgatactccaatttcgatctccagcgacgttgtcccagaaatgcaggaatatgagcgtactgaaaccaccgtggtcaattcctatgtacggccagaagtcgccagctatgtgagtaacttacagtctgctttggaaga","",""
"GG01_001183937","no rank","Vertebrata",0.557788944723618,"","","","","","","","","NC_033347","[]",7742,0,0,0,0,0,0,0,0,0,0,0,0,0,0,0,0,0,0,0,0,0,30,0,0,5,0,0,0,0,0,0,0,0,0,0,0,0,0,0,0,0,0,0,0,0,0,164,16,35,"cgtactcgcgaaggtgtgttcgaaattagtcggcccaagcgcattcgaccacgcatgctacagttccgcagatcacccagagtacagtggcgtgttgggcaagacagttgcgtttgagcttgtggtcgaagctaagtcggagacagttttgcacacagccatta","",""
"GG01_002478755","no rank","Vertebrata",0.562814070351759,"","","","","","","","","NC_015617","[]",7742,0,0,0,0,0,0,0,0,0,0,0,0,0,0,0,0,0,0,0,0,0,0,0,0,40,0,0,0,0,0,0,0,0,0,0,0,0,0,0,0,0,0,0,0,0,0,166,30,40,"cacgtgcaaatatagagaaatggggtgccatggaaagtgccaactcatgccccaaagttctcgccaaattaatgcattgtaccgattctcgggggaaccttcccaccgcctcgggaacgaaattaagaaacgacaccaccagcccccaacatttgaattacatgca","",""
"GG01_002547506","no rank","Vertebrata",0.56020942408377,"","","","","","","","","EU082205","[]",7742,0,0,0,0,0,0,0,0,0,0,0,0,0,0,0,0,0,0,0,0,0,0,0,0,0,0,0,0,0,0,61,0,0,0,0,0,0,0,0,0,0,0,0,0,0,0,151,25,61,"ctcgttgtaggaccacatcatcttcgagtatcaagtagggacgggtcccgtttgggtcattcttgagaatctgcctgtacagttgcaaatggctcgcacgacatgcacgagttgcaatggatccatcgtcacagcaccaaggctgggtcag","",""
"GG01_000566529","no rank","Vertebrata",0.556650246305419,"","","","","","","","","NC_018776","[]",7742,0,0,0,0,0,0,0,0,0,0,0,0,0,0,0,0,0,0,0,0,0,0,0,0,0,0,0,68,0,0,0,0,0,0,0,0,0,0,0,0,0,0,0,0,0,0,175,43,68,"gtttccggacgggcagcactaagcttttgtttcacttcattcgataaaccttcgatcgaatgatagtcaaaatcctcggggaatttagtattttcatgacggcgtaggcgagcaatgtcatcggattgccgctcaatataacccgaatattttatttgtatttcaacctgctcgg","",""
"GG01_000565438","no rank","Vertebrata",0.564593301435407,"","","","","","","","","NC_029322","[]",7742,0,0,0,0,0,0,0,0,0,0,0,0,0,0,0,0,0,0,0,0,0,0,0,0,0,0,0,91,0,0,0,0,0,0,0,0,0,0,0,0,0,0,0,0,0,0,171,55,91,"cacgtgcgaatatagagaaatggggtgccatgtaaagtgccaactcatgccccaaaggtctcgccaaatcaatgcattgtgttgattctcgggggaaccgtcccaccgaaaaacctcgggaacgacattaagaagcgacaccaccagcccccaacatttgaattacatgca","",""
"GG01_001794046","no rank","Vertebrata",0.5625,"","","","","","","","","AP012254","[]",7742,0,0,0,0,0,0,0,0,0,0,0,0,0,0,0,0,0,0,0,0,0,0,0,0,0,0,0,0,0,0,0,0,93,0,0,0,0,0,0,0,0,0,0,0,0,0,154,45,93,"gatggcagcagcagcagcagtggcggcggcggcggtggcggtgctccaagttggacgcctgatgataccattgctgtgcctgtgtttaaccacccgttaatgacggcgacgcagcaagtgacttaccacgcagggttgaaacggtacttgatgg","",""
"GG01_002521637","no rank","Vertebrata",0.554973821989529,"","","","","","","","","NC_010095","[]",7742,0,0,0,0,0,0,0,0,0,0,0,0,0,0,0,0,0,0,0,0,0,0,0,0,0,0,0,0,129,0,0,0,0,0,0,0,0,0,0,0,0,0,0,0,0,0,149,48,129,"gttagactcagtcacatgtccgagactctgaccatgcaagtaatggccagccggtgccagaatcactaataggtcagctgtagccagtgtcaagcctttacacatattggtcagccagtaccaaactccaatcataaattttcaagtgt","",""
"GG01_000398262","no rank","Vertebrata",0.545454545454545,"","","","","","","","","KU159666","[]",7742,0,0,0,0,0,0,0,0,0,0,0,0,0,0,0,3,0,0,0,0,15,11,0,108,10,0,0,2,11,0,0,0,0,0,0,0,0,0,0,0,0,0,0,0,0,0,143,54,160,"ccagcgtgccgatcggccacaggcccgatgaaaaccatgtgtccaacacatcgggatctcgtgtcagctctacaccgaccccggcctgtgcctgcgcttcggcttcggatgcggcgcaatattgattgccgtcggcgtcaaac","uncultured marine bacterium 582","0.923"
"GG01_000761861","no rank","Vertebrata",0.56,"","","","","","","","","GU130604","[]",7742,0,0,0,0,0,0,0,412,0,0,0,0,0,0,0,0,0,0,0,0,0,0,0,0,0,0,0,0,0,0,0,0,0,0,0,0,0,0,0,0,0,0,0,0,0,0,157,133,412,"atataataagattagagaggatattttagcttcaaagttccccccgaatcataaacttaaagttaaggaacttagtgtactttatgatatcggtgtaatcccaattagggaggctcttagtaggttagagtcagaggcgttggttgcacacgttggt","",""
"GG01_000639271","no rank","Clupeocephala",0.832369942196532,"Opisthokonta","Metazoa","Chordata","Actinopterygii","","","","","AP006033","[]",186625,0,0,0,0,0,0,0,0,0,0,0,0,0,0,0,0,0,0,0,0,0,0,0,0,0,0,0,0,0,0,0,0,0,0,0,0,0,0,0,0,0,0,9,11,24,0,168,44,44,"caccgcggttatacgagaggcccaagttgacagacaccggcgtaaagagtggttaagaaccttccaaactaaagctaaaccccctcctggccgttatacgcatccgaaagggtagacaccactacaaaagtagctttataattacctgactccacgacagttaagaaa","Maurolicus muelleri","0.959"
"GG01_000645201","infraclass","Teleostei",0.784530386740331,"Opisthokonta","Metazoa","Chordata","Actinopterygii","","","","","AB096005","[]",32443,0,0,0,0,0,0,0,0,0,0,1,0,0,0,0,0,1,0,0,0,0,0,0,0,0,0,0,0,0,0,0,0,0,0,0,0,0,0,0,0,0,0,3,5,5,0,165,14,15,"caccgcggttatacgagacagtccaatatcaaacggcgtaaagagtggttaagaaccttccaaactaaagctaaaccccctcctggccgttatacgcatccgaaagggtgagacaccactacaaaagtagctttataattacctgactccacgacagttaagaaa","Maurolicus muelleri","0.947"
"GG01_000215882","infraclass","Teleostei",0.810344827586207,"Opisthokonta","Metazoa","Chordata","Actinopterygii","","","","","NC_026718","[]",32443,8,5,0,0,0,0,7,1,1,0,27836,4,0,2,0,3,5286,0,0,1,0,5,0,1,1,0,1,0,0,0,0,0,0,2,5,1,0,0,0,0,1,0,20917,12613,35170,0,169,18408,101871,"caccgcggttagacgagagacccaagttgacatcaaacggcgtaaagagtggttaagaaccttccaaactaaagctaaaccccctcctggccgttatacgcatccgaaagggtgagacaccactacaaaagtagctttataattacctgactccacgacagttaagaaa","Maurolicus muelleri","1"
"GG01_000644557","subfamily","Clupeinae",0.959537572254335,"Opisthokonta","Metazoa","Chordata","Actinopterygii","Clupeiformes","Clupeidae","","","KC193734","[Sprattus sprattus| Clupea pallasii| Clupea harengus]",7948,1,0,0,0,0,0,4,0,0,0,7,0,0,0,0,0,0,0,0,2,0,6,0,0,0,0,0,0,0,0,0,0,0,0,2,1,0,0,0,0,0,0,1,0,0,0,173,24,24,"caccgcggttatacgagaggcccaagttgacagacaccggcgtaaagagtggttatggaaaacaagcactaaagccaaagagccctcaggccgttatacgcacccggggcctcgaaccactatcacgaaagtagctttaccctcgcccaccagaacccatgagagctgggaca","Clupea harengus","0.96"
"GG01_000610275","subfamily","Clupeinae",0.971264367816092,"Opisthokonta","Metazoa","Chordata","Actinopterygii","Clupeiformes","Clupeidae","","","KC193777","[Sprattus sprattus| Clupea pallasii| Clupea harengus]",7948,0,0,0,0,0,0,0,0,0,0,0,0,0,0,0,0,0,0,0,2,0,5,0,0,0,0,0,0,0,0,0,0,0,1,17,2,0,0,1,0,0,0,0,0,0,0,171,2,28,"caccgcggttatacgagagaccctagttgatatattcggcgtaaagagtggttatggaaaacaagcactaaagccaaagagccctcaggccgttatacgcacccggggcctcgaaccactatcacgaaagtagctttccctgccccacagcaacccacgagagctgggaca","Clupea harengus","0.971"
"GG01_001039000","subfamily","Clupeinae",0.947976878612717,"Opisthokonta","Metazoa","Chordata","Actinopterygii","Clupeiformes","Clupeidae","","","KC193777","[Sprattus sprattus| Clupea pallasii| Clupea harengus]",7948,0,0,0,0,0,0,1,0,0,0,0,0,0,0,0,0,2,0,0,17,0,8,0,0,0,0,0,0,0,0,0,0,0,0,8,0,0,0,0,0,0,0,0,0,0,0,172,36,36,"caccgcggttatacgagaggcccaaattgatgaaaaacggcgtaaagagtggttatggaaacaagcactaaagccaaagagccctcaggccgttatacgcacccggggcctcgaaccactatcacgaaagtagctttaccttcgcccaccagaacccacgagagctgggaca","Clupea harengus","0.948"
"GG01_001833398","subfamily","Clupeinae",0.930232558139535,"Opisthokonta","Metazoa","Chordata","Actinopterygii","Clupeiformes","Clupeidae","","","KC193687","[Sprattus muelleri| Sprattus antipodum| Sprattus sprattus| Clupea pallasii| Clupea harengus]",7948,0,0,0,0,0,0,0,0,0,0,0,0,0,0,0,0,1,0,0,0,0,0,0,0,0,0,0,1,0,0,0,0,0,1,42,1,0,0,0,0,0,0,0,0,0,0,163,45,46,"caccgcggttatacgagagaccctagttgatatgtcgagaagatgtgaagaacaagcactaaagccaaagagccctcaggccgttatacgcacccggggcctcgaaccactatcacgaaagtagctttaccctcgcccaccagaacccacgagagctgggaca","Clupea harengus","0.93"
"GG01_001032020","subfamily","Clupeinae",0.96551724137931,"Opisthokonta","Metazoa","Chordata","Actinopterygii","Clupeiformes","Clupeidae","","","KC193687","[Sprattus sprattus| Clupea pallasii| Clupea harengus]",7948,0,0,0,0,0,0,0,1,0,0,0,0,0,0,0,0,0,0,0,2,1,1,0,0,0,0,0,0,0,0,0,0,0,3,79,6,0,0,0,0,0,0,0,0,0,0,171,17,93,"caccgcggttatacgagagaccctagttgatatattcggcgtaaaggtgtgttgaatgaacaagcactaaagccaaagagccctcaggccgttatacgcacccggggcctcgaaccactatcacgaaagtagctttaccctcgcccaccagaacccacgagagctgggaca","Clupea harengus","0.965"
"GG01_000514867","subfamily","Clupeinae",0.96551724137931,"Opisthokonta","Metazoa","Chordata","Actinopterygii","Clupeiformes","Clupeidae","","","KC193777","[Sprattus sprattus| Clupea pallasii| Clupea harengus]",7948,0,0,1,0,0,0,9,0,0,0,6,0,0,0,0,2,3,0,0,15,10,26,0,0,0,10,0,8,2,0,0,4,0,11,209,48,0,0,5,0,0,0,0,0,0,0,170,6,369,"caccgcggttatacgagagaccctagttgatatattcggcgtaaagagtggttatggaaaacaagcactaaagccaaagagccctcaggccgttatacgcacccggggcctcgaaccactatcacgaaagtagctttccctgccccacagaacccagagcagctgggaca","Clupea harengus","0.965"
"GG01_000210745","species","Clupea harengus",1,"Opisthokonta","Metazoa","Chordata","Actinopterygii","Clupeiformes","Clupeidae","Clupea","Clupea harengus","KC193777","[Clupea harengus]",7950,19,1304,2351,5,3,2,12401,13512,6,1,13114,6,3,5,3,11169,11772,8,3,69603,24279,51950,5,49,10,16334,15082,9013,10448,5,3,35432,38,59894,581543,78552,3,1,10912,0,11,1,13,10,7,1,172,183231,1028886,"caccgcggttatacgagagaccctagttgatatattcggcgtaaagagtggttatggaaaacaagcactaaagccaaagagccctcaggccgttatacgcacccggggcctcgaaccactatcacgaaagtagctttaccctcgcccaccagaacccacgagagctgggaca","Clupea harengus","1"
"GG01_000767858","suborder","Gadoidei",0.839080459770115,"Opisthokonta","Metazoa","Chordata","Actinopterygii","Gadiformes","","","","NC_010121","[]",1489845,0,0,0,0,0,0,4,7,0,0,2,0,0,0,0,0,0,0,0,0,0,0,0,0,0,0,0,0,0,0,0,0,0,0,0,0,0,0,0,0,0,0,0,0,0,0,165,13,13,"accgcggttatacgagagacccaaattgataaaaaacggcgtaaagcgtggttaagaagataaaaatatacggtcaaacagcctcaaagcagttatacgcactcgaggtcacgaagaacatagtaagaatcatcaataacctctgactccacgaaaaccacaaaa","Gadiculus argenteus","0.946"
"GG01_001172150","suborder","Gadoidei",0.884393063583815,"Opisthokonta","Metazoa","Chordata","Actinopterygii","Gadiformes","","","","AB182305","[Boreogadus saida| Arctogadus glacialis| Molva molva| Trisopterus luscus| Pollachius pollachius| Gadus macrocephalus| Gadus morhua| Trisopterus minutus| Gadus ogac| Gadus chalcogrammus| Lota lota| Microgadus proximus]",1489845,0,0,0,0,0,0,0,0,0,0,0,0,7,0,0,0,2,0,0,0,0,2,0,0,0,0,0,0,0,0,0,0,0,0,2,0,0,0,0,0,0,0,0,0,0,0,170,13,13,"caccgcggttatacgagaggcccaaattgatgaaaaacggcgtaaagcgtggttaagaaaaaagagaaaatatggccgaacagcttcaaagcagttatacgcatccgaaggctaaaagatcaaccacgaaggtagctttacaacccctgaccccacgaaaagctctggca","Melanogrammus aeglefinus | Merlangius merlangus","0.907 | 0.907"
"GG01_000155825","suborder","Gadoidei",0.909604519774011,"Opisthokonta","Metazoa","Chordata","Actinopterygii","Gadiformes","","","","EU877741","[Boreogadus saida| Gadus morhua| Arctogadus glacialis| Pollachius pollachius| Gadus macrocephalus| Microgadus proximus| Gadus ogac| Gadus chalcogrammus| Lota lota]",1489845,1,0,1,0,0,0,0,0,3,0,0,3,0,1,1,1,1,0,0,0,0,0,0,0,0,0,0,0,1,0,0,0,0,0,2,0,0,0,0,0,0,0,0,0,0,0,172,15,15,"caccgcggttatacgagaggcccaaattgatgaaaaacggcgtaaagcgtggttaagaaaaaagagaaaatatggccgaacagcttcaaagcagttatacgcatccgaagtcacgaagaacagatcaatgaacgttgaaccctaaaccgtcgtcatcaacgaaccataaaaa","Boreogadus saida","0.914"
"GG01_001106677","suborder","Gadoidei",0.875706214689266,"Opisthokonta","Metazoa","Chordata","Actinopterygii","Gadiformes","","","","AB182305","[Boreogadus saida| Arctogadus glacialis| Molva molva| Trisopterus luscus| Pollachius pollachius| Gadus macrocephalus| Gadus morhua| Trisopterus minutus| Gadus ogac| Gadus chalcogrammus| Lota lota| Microgadus proximus]",1489845,4,0,0,0,0,0,0,0,5,0,0,0,5,0,0,0,5,2,0,3,0,5,0,0,0,0,0,0,0,0,0,0,0,0,0,0,0,0,0,0,0,0,0,0,0,0,170,29,29,"caccgcggttatacgagaggcccaaattgatgaaaaacggcgtaaagcgtggttaagaaaaaagagaaaatatggccgaacagcttcaaagcagttatacgcacccgagagtatgaaacccaattacgaaaagtagctctacctgtcctgaacccacgaaagctaagaaa","",""
"GG01_000897671","suborder","Gadoidei",0.897727272727273,"Opisthokonta","Metazoa","Chordata","Actinopterygii","Gadiformes","","","","DQ356935","[Boreogadus saida| Microgadus proximus| Arctogadus glacialis| Pollachius pollachius| Gadus macrocephalus| Gadus morhua| Trisopterus minutus| Gadus ogac| Gadus chalcogrammus| Lota lota]",1489845,1,0,0,0,0,0,0,2,1,0,0,1,2,9,1,6,10,13,0,7,0,0,0,0,1,0,0,0,0,0,0,0,0,1,0,0,0,0,0,0,0,0,0,0,0,0,168,29,55,"caccgcggttatacgagaggcctataatgatgaaaaacggcgtaaagcgtggttaagaaaaataagaagaatgcggaccgaacacttcaaagcagttatacgcatccgaagtcacgaagaacaatcacgaaagttgccctaaaactctcgtcatcaagaaccataaaa","Arctogadus glacialis","0.934"
"GG01_000612631","suborder","Gadoidei",0.908571428571429,"Opisthokonta","Metazoa","Chordata","Actinopterygii","Gadiformes","","","","AB182305","[Boreogadus saida| Microgadus proximus| Arctogadus glacialis| Pollachius pollachius| Gadus macrocephalus| Gadus morhua| Gadus ogac| Gadus chalcogrammus| Lota lota]",1489845,6,2,7,0,0,0,2,7,15,0,6,4,2,15,4,6,26,0,1,65,0,84,0,0,2,4,2,0,1,0,0,0,0,0,6,0,1,0,0,0,0,0,0,0,0,0,169,107,268,"caccgcggttatacgagaggcctataatgatgaaaaacggcgtaaagcgtggttaagaaaaacagaagaaatgctggaccgaacagcttcaaagcagttatacgcatccgaagtcacgaagaacaatcacgaaagttgcctaaaacctctgtcatcaagaaccataaaa","Arctogadus glacialis","0.933"
"GG01_001031001","suborder","Gadoidei",0.88953488372093,"Opisthokonta","Metazoa","Chordata","Actinopterygii","Gadiformes","","","","KC844053","[]",1489845,0,0,2,0,0,0,6,1,3,0,1,0,0,0,0,2,0,0,0,2,0,7151,0,3,0,1,0,1,0,1,0,0,0,1,1,0,0,0,0,0,0,0,1,0,2,0,170,2574,7179,"caccgcggttatacgagaggcccaagttgatgaaacgcggcgtaaagagtggttaagaaaactaaaaaataaggccgaacaacctcagagcagttatacgcatccgaggccacgaagtacaattacgaaagtagccctaataaaaatctgactccacgaaaaccataaaa","Ciliata septentrionalis","1"
"GG01_000126941","suborder","Gadoidei",0.86046511627907,"Opisthokonta","Metazoa","Chordata","Actinopterygii","Gadiformes","","","","KP644346","[]",1489845,0,1,0,0,1,0,9620,0,0,0,0,1,0,0,0,4,1,3,0,2,0,1,0,0,0,0,0,0,0,0,0,0,0,0,1,0,0,0,0,0,1,0,0,0,3,0,170,2276,9639,"caccgcggttatacgagaggcccaagttgattaaatgcggcgtaaagagtggttatgaaaattaaacaataaggtcgaatatcctcagagcagttatacgcatccgaggtcacgaagcacagtcacgaaagtagccctactataattctgaccccacgaaaaccatagaa","Enchelyopus cimbrius","1"
"GG01_000185497","suborder","Gadoidei",0.884393063583815,"Opisthokonta","Metazoa","Chordata","Actinopterygii","Gadiformes","","","","KC844053","[]",1489845,1,3,0,0,0,0,0,1,23339,0,0,0,0,0,1,0,2,1,0,2,0,0,0,0,0,0,1,1,0,0,0,0,0,0,3,0,0,0,0,0,2,10,2,2,2,0,170,5590,23373,"caccgcggttatacgagaggcccaagttgatgaaatgcggcgtaaagagtggttaagaaaattaaagaataaggccgaacaacctcaaagcagttatacgcatccgaggccacgaagtacaattacgaaagtagccctaatgaaaatctgactccacgaaagccataaaa","Ciliata mustela","1"
"GG01_000378600","suborder","Gadoidei",0.88953488372093,"Opisthokonta","Metazoa","Chordata","Actinopterygii","Gadiformes","","","","NC_010121","[Boreogadus saida| Arctogadus glacialis| Trisopterus luscus| Pollachius pollachius| Gadus macrocephalus| Gadus morhua| Trisopterus minutus| Gadus ogac| Gadus chalcogrammus| Melanogrammus aeglefinus| Micromesistius poutassou| Merlangius merlangus| Microgadus proximus| Lota lota]",1489845,9,1,0,0,0,1,27480,37612,2,0,13818,1,2,1,2,2,5,3,0,0,0,5,0,4,1,0,0,2,1,0,0,0,1,0,0,0,2,0,0,0,4,0,0,3,0,0,168,21470,78962,"caccgcggttatacgagagacccaaattgataaaaaacggcgtaaagcgtggttaagaagataaaaatatacggtcaaacagcctcaaagcagttatacgcactcgaggtcacgaagaacaattacgaaagtatccctaaaacctctgactccacgaaaaccacaaaa","Gadiculus argenteus","1"
"GG01_000129295","family","Gadidae",0.953488372093023,"Opisthokonta","Metazoa","Chordata","Actinopterygii","Gadiformes","Gadidae","","","EU877741","[Boreogadus saida| Arctogadus glacialis| Pollachius pollachius| Gadus macrocephalus| Gadus morhua| Gadus ogac| Gadus chalcogrammus| Microgadus proximus]",8045,1,0,0,0,0,0,0,0,1,0,0,1,1,1,0,1,3,1,0,1,0,0,0,0,0,0,0,0,0,0,0,0,0,0,0,0,0,0,0,0,0,0,0,0,0,0,169,1,11,"caccgcggttatacgagaggcccaaattgatgaaaaacggcgtaaagcgtggttaagaaaaaagagaaaatatggccgaacagcttcaaagcagttatacgcatccgaagtcacgaagaacaatcacgaaagttgcctaaacctaccgactcactcgaagaccataaaa","Gadus morhua","0.953"
"GG01_000794917","family","Gadidae",0.95906432748538,"Opisthokonta","Metazoa","Chordata","Actinopterygii","Gadiformes","Gadidae","","","EU877741","[Boreogadus saida| Arctogadus glacialis| Pollachius pollachius| Gadus macrocephalus| Gadus morhua| Gadus ogac| Gadus chalcogrammus]",8045,0,0,0,0,0,0,0,1,0,0,1,0,0,6,0,0,3,0,0,0,0,1,0,0,0,0,0,0,0,0,0,0,0,0,0,0,0,0,0,0,0,0,0,0,0,0,167,1,12,"caccgcggttatacgagaggcccaaattgatgaaaaacggcgtaaagcgtggttaagaaaaaagagaaaatatggccgaacagcttcaaagcagttatacgcatccgaagtcacgaagaacaatcacgaaagttgccctaaactccgactcatcgaagaccataaaa","Gadus morhua","0.959"
"GG01_001057233","family","Gadidae",0.941520467836257,"Opisthokonta","Metazoa","Chordata","Actinopterygii","Gadiformes","Gadidae","","","AB182307","[Boreogadus saida| Microgadus proximus| Arctogadus glacialis| Pollachius pollachius| Gadus macrocephalus| Gadus morhua| Gadus ogac| Gadus chalcogrammus]",8045,0,0,0,0,0,0,0,0,0,0,0,0,0,0,0,0,0,0,0,9,0,0,0,0,0,0,0,0,0,0,0,0,0,0,0,0,0,0,0,0,0,0,0,2,2,0,170,13,13,"caccgcggttatacgagagacccaaattggtgaaaaacggcgtaaagcgtggttaagaaaataagaaaaataggggtcgaacagcctcaaagcagttatacgcattcgaggccacgaagaacaatcacgaaagttgccctaaaacctccgattccacgaaagccataaaa","Brosme brosme","0.947"
"GG01_001168130","family","Gadidae",0.925287356321839,"Opisthokonta","Metazoa","Chordata","Actinopterygii","Gadiformes","Gadidae","","","AB182305","[Boreogadus saida| Microgadus proximus| Arctogadus glacialis| Pollachius pollachius| Gadus macrocephalus| Gadus morhua| Gadus ogac| Gadus chalcogrammus]",8045,0,0,0,0,0,0,0,0,0,0,0,0,6,0,0,0,0,0,0,0,0,8,0,0,0,0,0,0,0,0,0,0,0,0,0,0,0,0,0,0,0,0,0,0,0,0,172,14,14,"caccgcggttatacgagaggcccaaattgatgaaaaacggcgtaaagcgtggttaagaaaaaagagaaaatatggccgaacagcttcaaagcagttatacgcattcgaaacaacgaaagatcaagcacgcaagttgccctaaaaaaactctgaccccacgaaagccataaaa","Gadus morhua",""
"GG01_001206117","family","Gadidae",0.952941176470588,"Opisthokonta","Metazoa","Chordata","Actinopterygii","Gadiformes","Gadidae","","","DQ356935","[Boreogadus saida| Microgadus proximus| Arctogadus glacialis| Pollachius pollachius| Gadus macrocephalus| Gadus morhua| Gadus ogac| Gadus chalcogrammus]",8045,0,0,0,0,0,0,0,0,0,0,0,0,10,0,0,0,0,0,0,0,0,5,0,0,0,0,0,0,0,0,0,0,0,0,0,0,0,0,0,0,0,0,0,0,0,0,166,15,15,"caccgcggttatacgagagacccaaattgataaaaacggcgtaaagcgtggttaagaagacaaaaaaatacggccgaacagattcaaagcagttatacgcatccgaagtcacgaagaacaatcacgaaagttgccctaaacctccgattccacgaaagccataaaa","Arctogadus glacialis","0.953"
"GG01_000517938","family","Gadidae",0.95906432748538,"Opisthokonta","Metazoa","Chordata","Actinopterygii","Gadiformes","Gadidae","","","DQ356942","[Melanogrammus aeglefinus| Merlangius merlangus]",8045,0,0,0,0,0,0,0,0,1,0,0,0,0,0,0,1,1,0,0,4,0,3,0,0,0,5,1,0,0,0,0,0,0,0,1,0,0,0,0,0,0,0,0,0,0,0,165,7,17,"caccgcggttatacgagaggctcaaattgatgaaaaacggcgtaaagcgtggttaagaaaacaaggaaataatgcgacacttcaaagcagttatacgcatccgaagtcacgaagaacaatcacgaaagttgccttaaaacctctgattccacgaaagccataaaa","Melanogrammus aeglefinus | Merlangius merlangus","0.959 | 0.959"
"GG01_000987795","family","Gadidae",0.919540229885057,"Opisthokonta","Metazoa","Chordata","Actinopterygii","Gadiformes","Gadidae","","","DQ356942","[Melanogrammus aeglefinus| Merlangius merlangus]",8045,1,0,0,0,0,0,1,0,0,0,0,0,0,0,1,0,0,0,0,4,0,7,0,0,0,3,1,0,0,0,0,0,0,0,1,0,0,0,0,0,0,0,0,0,0,0,169,19,19,"caccgcggttatacgagaggctcaaattgatgaaaaacggcgtaaagcgtggttaagaaaacaagagaaaatatggccgaacagcttcaaagcagttatacgcatccgaagtcacgaagaacaattcaagtaacttaaccttaaacctctgtcatcaagaaccataaaa","Melanogrammus aeglefinus | Merlangius merlangus","0.954 | 0.954"
"GG01_000062616","family","Gadidae",0.924418604651163,"Opisthokonta","Metazoa","Chordata","Actinopterygii","Gadiformes","Gadidae","","","EU877741","[Boreogadus saida| Arctogadus glacialis| Pollachius pollachius| Gadus macrocephalus| Gadus morhua| Gadus ogac| Gadus chalcogrammus| Microgadus proximus]",8045,2,3,1,0,0,0,0,0,0,0,0,5,0,0,2,0,2,3,1,2,0,2,0,0,0,0,0,0,0,0,0,0,0,0,0,0,1,0,0,0,0,0,0,0,0,0,167,12,24,"caccgcggttatacgagaggcccaaattgatgaaaaacggcgtaaagcgtggttaagaaaaaagagaaaatatggccgaacagcttcaaagcagttatacgcatccgaagtcacgaagaacaactcaagtaacttaaccctaacctactctcacgaaagccataaaa","Gadus morhua","0.924"
"GG01_000122110","family","Gadidae",0.923976608187134,"Opisthokonta","Metazoa","Chordata","Actinopterygii","Gadiformes","Gadidae","","","EU877741","[Boreogadus saida| Gadus morhua| Arctogadus glacialis| Pollachius pollachius| Gadus macrocephalus| Microgadus proximus| Gadus ogac| Gadus chalcogrammus| Melanogrammus aeglefinus| Merlangius merlangus]",8045,1,2,0,0,0,0,0,1,4,0,1,3,2,2,0,0,5,0,1,2,0,0,0,0,0,0,0,0,0,0,0,0,0,0,0,0,0,0,0,0,0,0,0,0,0,0,166,12,24,"caccgcggttatacgagaggcccaaattgatgaaagacgagaagcgtgataaagaaaagaagaaatgctggaccgaacagcttcaaagcagttatacgcatccgaagtcacgaagaacaatcacgaaagttgccctaaaacctccgattccacgaaagccataaaa","Gadus morhua","0.929"
"GG01_000145204","family","Gadidae",0.970760233918129,"Opisthokonta","Metazoa","Chordata","Actinopterygii","Gadiformes","Gadidae","","","EU877741","[Gadus macrocephalus| Gadus morhua| Gadus ogac| Gadus chalcogrammus| Arctogadus glacialis]",8045,0,0,0,0,0,0,0,0,1,0,1,2,1,0,0,2,2,0,0,3,0,0,0,0,0,0,0,0,0,0,0,0,0,0,12,0,0,0,0,0,0,0,0,0,0,0,169,1,24,"caccgcggttatacgagagcaacctaatgatgaaaaacggcgtaaagcgtggttaagaaaaaagagaaaatatggccgaacagcttcaaagcagttatacgcatccgaagtcacgaagaacaatcacgaaagttgccctaaaacctccgattccacgaaagccataaaa","Gadus morhua","0.971"
"GG01_000113862","family","Gadidae",0.92485549132948,"Opisthokonta","Metazoa","Chordata","Actinopterygii","Gadiformes","Gadidae","","","EU877741","[Boreogadus saida| Gadus morhua| Arctogadus glacialis| Pollachius pollachius| Gadus macrocephalus| Microgadus proximus| Gadus ogac| Gadus chalcogrammus]",8045,0,1,0,0,0,0,0,0,2,0,0,2,1,3,0,1,9,1,0,1,0,2,0,0,1,0,0,1,0,0,0,0,0,0,1,0,0,0,0,0,0,0,0,0,0,0,167,14,26,"caccgcggttatacgagaggcccaaattgatgaaaaacggcgtaaagcgtggttaagaaaaaagagaaaatatggccgaacagcttcaaagcagttatacgcatccgaagtcacgaagaacaatcacgaagtgtctaaccctaacctctcatcaacgaaccataaaa","Boreogadus saida","0.924"
"GG01_000473457","family","Gadidae",0.941520467836257,"Opisthokonta","Metazoa","Chordata","Actinopterygii","Gadiformes","Gadidae","","","DQ356942","[Melanogrammus aeglefinus| Merlangius merlangus]",8045,1,0,0,0,0,0,0,1,2,0,0,0,0,1,0,1,0,0,0,3,1,6,0,0,0,8,1,0,0,0,0,0,0,0,1,0,0,0,0,0,0,0,0,0,0,0,165,10,26,"caccgcggttatacgagaggctcaaattgatgaaaagcgagaagtgtgataaagaacaagagaaaatatggccgaacagcttcaaagcagttatacgcatccgaagtcacgaagaacaatcacgaaagttgccttaaaacctctgattccacgaaagccataaaa","Melanogrammus aeglefinus | Merlangius merlangus","0.941 | 0.941"
"GG01_000148067","family","Gadidae",0.942528735632184,"Opisthokonta","Metazoa","Chordata","Actinopterygii","Gadiformes","Gadidae","","","EU877741","[Boreogadus saida| Gadus morhua| Arctogadus glacialis| Pollachius pollachius| Gadus macrocephalus| Microgadus proximus| Gadus ogac| Gadus chalcogrammus]",8045,0,0,3,0,0,0,0,3,0,0,0,2,1,1,0,0,7,0,0,8,0,11,0,0,0,0,0,0,0,0,0,0,0,0,0,0,0,0,0,0,0,0,0,0,0,0,171,10,36,"caccgcggttatacgagaggcctataatatgaaaaacggcgtaaagcgtggttaagaaaaacagaagaaatgctggaccgaacagcttcaaagcagttatacgcatccgaagtcacgaagaacaatcacgaaagttgccctaaaacctccgattccacgaaagccataaaa","Arctogadus glacialis","0.942"
"GG01_000125979","family","Gadidae",0.947674418604651,"Opisthokonta","Metazoa","Chordata","Actinopterygii","Gadiformes","Gadidae","","","EU877741","[Boreogadus saida| Gadus morhua| Arctogadus glacialis| Pollachius pollachius| Gadus macrocephalus| Microgadus proximus| Gadus ogac| Gadus chalcogrammus]",8045,1,3,2,0,0,0,1,0,2,0,3,2,0,15,1,4,5,2,0,5,0,5,0,0,0,0,0,0,1,0,0,0,1,0,4,0,0,0,0,0,0,0,0,0,0,0,168,3,57,"caccgcggttatacgagaggcccaaattgatgaaaaacggcgtaaagcgtggttaagaaaaaagagaaaatatggccgaacagcttcaaagcagttatacgcatccgaagtcacgaagaacaatcacgaaagttgccctaaactaccgctcatcaacgaaccataaaa","Gadus morhua","0.947"
"GG01_000099979","family","Gadidae",0.931034482758621,"Opisthokonta","Metazoa","Chordata","Actinopterygii","Gadiformes","Gadidae","","","EU877741","[Boreogadus saida| Gadus morhua| Arctogadus glacialis| Pollachius pollachius| Gadus macrocephalus| Microgadus proximus| Gadus ogac| Gadus chalcogrammus]",8045,3,1,3,0,2,0,1,2,5,0,2,3,3,3,2,1,10,2,2,8,0,3,0,1,0,0,0,0,0,0,0,1,0,0,1,0,0,0,0,0,0,0,0,0,0,0,170,26,59,"caccgcggttatacgagaggcccaaattgatgaaaaacggcgtaagacgtggttgataaaaagaaagaaataatgcggaccaagcttcaaagcagttatacgcatccgaagtcacgaagaacaatcacgaaagttgccctaaaacctccgattccacgaaagccataaaa","Arctogadus glacialis","0.936"
"GG01_001822869","family","Gadidae",0.953216374269006,"Opisthokonta","Metazoa","Chordata","Actinopterygii","Gadiformes","Gadidae","","","AB182307","[Boreogadus saida| Microgadus proximus| Arctogadus glacialis| Pollachius pollachius| Gadus macrocephalus| Gadus morhua| Gadus ogac| Gadus chalcogrammus]",8045,0,0,0,0,0,0,0,0,0,0,0,0,1,0,0,0,0,0,0,1,0,1,0,0,0,0,0,0,0,0,0,0,0,0,59,0,0,0,0,0,0,0,0,0,0,0,169,60,62,"caccgcggttatacgagagaccctagttgatatattcggcgtaaagcgtggttaagaaaaaagagaaaatatggccgaacagcttcaaagcagttatacgcatccgaagtcacgaagaacaatcacgaaagttgccctaaaaacctccgattccacgaaagccataaaa","Gadus morhua","0.953"
"GG01_000418073","family","Gadidae",0.965317919075145,"Opisthokonta","Metazoa","Chordata","Actinopterygii","Gadiformes","Gadidae","","","DQ356945","[Pollachius virens| Pollachius pollachius| Gadus ogac| Gadus chalcogrammus| Arctogadus glacialis]",8045,0,1,1,0,0,0,0,5,0,0,0,0,1,6,11,19,3,8,0,10,0,7,0,0,2,10,0,0,0,0,0,0,0,0,0,0,0,0,0,0,0,0,0,0,0,0,171,3,84,"caccgcggttatacgagaggctcaaattgatgaaaaacggcgtaaagcgtggttaagaaaatacagaggaaaatatggccgaacaacttcaaagcagttatacgcatccgaagtcacgaagaacaatcacgaaagttgcctaaaactctcgattccacgaaagccataaaa","Pollachius virens","0.965"
"GG01_000418843","family","Gadidae",0.953488372093023,"Opisthokonta","Metazoa","Chordata","Actinopterygii","Gadiformes","Gadidae","","","EU877741","[Boreogadus saida| Gadus morhua| Arctogadus glacialis| Pollachius pollachius| Gadus macrocephalus| Microgadus proximus| Gadus ogac| Gadus chalcogrammus]",8045,1,0,1,0,0,0,0,3,1,0,1,1,3,11,6,24,17,25,0,15,0,1,0,1,4,0,0,0,0,0,0,0,0,0,2,0,0,0,0,0,0,0,0,0,0,0,168,5,117,"caccgcggttatacgagaggcccaaattgatgaaaaacggcgtaaagcgtggttaagaaaaaagagaaaatatggccgaacagcttcaaagcagttatacgcatccgaagtcacgaagaacaatcacgaaagttgccctaaaactctcgtcatcaacgaaccataaaa","Gadus morhua","0.993"
"GG01_000022617","family","Gadidae",0.965317919075145,"Opisthokonta","Metazoa","Chordata","Actinopterygii","Gadiformes","Gadidae","","","EU877741","[Boreogadus saida| Arctogadus glacialis| Pollachius pollachius| Gadus macrocephalus| Gadus morhua| Gadus ogac| Gadus chalcogrammus]",8045,3,2,1,0,1,0,0,2,0,0,2,8,4,35,2,1,74,3,4,23,0,9,0,1,1,0,0,0,0,0,0,0,0,0,6,0,1,0,0,0,0,0,0,0,0,0,172,4,183,"caccgcggttatacgagaggcccaaattgatgaaaaacggcgtaaagcgtggttaagaaaaagagaagaaatgctggaccgaacagcttcaaagcagttatacgcatccgaagtcacgaagaacaatcacgaaagttgccctaaaacctccgattccacgaaagccataaaa","Arctogadus glacialis","0.971"
"GG01_000809260","family","Gadidae",0.953488372093023,"Opisthokonta","Metazoa","Chordata","Actinopterygii","Gadiformes","Gadidae","","","DQ356942","[Melanogrammus aeglefinus| Merlangius merlangus]",8045,7,1,32,0,1,1,8,10,8,0,2,3,0,9,3,31,24,5,0,133,1,138,0,0,1,11,3,0,0,0,0,0,0,0,39,0,0,0,0,0,0,0,0,0,0,0,167,18,471,"caccgcggttatacgagaggctcaaattgatgaaaaacggcgtaaagcgtggttaagaaaacaagagaaaatatggccgaacagcttcaaagcagttatacgcatccgaagtcacgaagaacaatcacgaaagttgcctaaaacctctgtcatcaagaaccataaaa","Melanogrammus aeglefinus | Merlangius merlangus","0.993 | 0.993"
"GG01_000000068","family","Gadidae",0.994117647058824,"Opisthokonta","Metazoa","Chordata","Actinopterygii","Gadiformes","Gadidae","","","DQ020497","[Melanogrammus aeglefinus| Merlangius merlangus]",8045,0,0,0,0,0,0,0,0,0,0,0,0,0,0,0,0,0,0,10080,0,0,0,0,0,0,0,0,0,0,0,0,0,0,0,0,0,0,0,0,0,0,0,0,0,0,0,170,3,10080,"caccgcggttatacgagaggcccaaattgatgaaaaacggcgtaaagcgtggttaagaaaataagagaaaatatggccgaacaacttcaaagcagttatacgcatccgaagtcacgaagaacaatcacgaaagttgccctaaagcctccgattccacgaaagccatgaaa","Melanogrammus aeglefinus | Merlangius merlangus","0.994 | 0.994"
"GG01_000005613","family","Gadidae",1,"Opisthokonta","Metazoa","Chordata","Actinopterygii","Gadiformes","Gadidae","","","DQ356942","[Melanogrammus aeglefinus| Merlangius merlangus]",8045,12914,32,16558,11,8,7,17420,25091,5155,1,7661,60,24,23765,9412,5702,12348,64,25,43047,13529,78995,4,20,34,93599,20044,3,13,6,0,8,8,20,5622,0,17,6,0,1,10,6,7,6,6,0,170,11,391269,"caccgcggttatacgagaggctcaaattgatgaaaaacggcgtaaagcgtggttaagaaaacaagagaaaatatggccgaacagcttcaaagcagttatacgcatccgaagtcacgaagaacaatcacgaaagttgccttaaaacctctgattccacgaaagccataaaa","Melanogrammus aeglefinus | Merlangius merlangus","1 | 1"
"GG01_000102129","genus","Gadus",0.954022988505747,"Opisthokonta","Metazoa","Chordata","Actinopterygii","Gadiformes","Gadidae","Gadus","","EU877741","[Gadus macrocephalus| Gadus morhua]",8048,0,0,0,0,0,0,0,1,0,0,2,4,0,4,2,0,2,0,0,3,0,0,0,0,0,0,0,0,1,0,0,0,0,0,1,0,0,0,0,0,0,0,0,0,0,0,173,11,20,"caccgcggttatacgagaggcccaaattgatgaaaaacggcgtaaagcgtggttaagaaaaaagagagaatatggccgaacagcttcaaagcagttatacgcatccgaagtcacgaagaacaatcacgaaagttgcccataaaacctaccgctccatcgaaagaccataaaaa","Gadus morhua","0.96"
"GG01_000761992","genus","Gadus",0.947976878612717,"Opisthokonta","Metazoa","Chordata","Actinopterygii","Gadiformes","Gadidae","Gadus","","EU877741","[Gadus macrocephalus| Gadus morhua]",8048,5,0,0,0,0,0,1,19,11,0,0,0,2,1,3,0,0,0,0,0,0,0,0,0,0,0,0,0,0,0,0,0,0,0,0,0,0,0,0,0,0,0,0,0,0,0,172,42,42,"caccgcggttatacgagaggccctagttgataactaccggcgtaaagcgtggttaagaaaaaagagaaaatatggccgaacagcttcaaagcagattatacgcatccgaagtcacgaagaacaatcacgaaagttgccctaaaacctaccgattccacgaaagaccataaaa","Gadus morhua","0.948"
"GG01_000188688","genus","Gadus",0.942196531791908,"Opisthokonta","Metazoa","Chordata","Actinopterygii","Gadiformes","Gadidae","Gadus","","EU877741","[Gadus macrocephalus| Gadus morhua]",8048,3,10,54,0,0,0,0,0,1,0,0,0,2,2,3,0,24,1,0,0,0,0,0,0,0,0,0,0,0,0,0,0,0,0,0,0,0,0,0,0,0,0,0,0,0,0,171,98,100,"caccgcggttatacgagtggcccaagttgaaagttaccggcgtaaagcgtggttaagaaaaaagagaaaatatggccgaacagcttcaaagcagttatacgcatccgaagtcacgaagaacaatcacgaaaagttgccctaaaacctccgattccacgaaagccataaaaa","Gadus morhua","0.947"
"GG01_000000017","genus","Gadus",1,"Opisthokonta","Metazoa","Chordata","Actinopterygii","Gadiformes","Gadidae","Gadus","","EU877741","[Gadus macrocephalus| Gadus morhua]",8048,87625,108553,73652,35,40259,14635,70399,102399,258168,8,90732,244280,119865,241695,171934,189983,395900,162871,129154,431779,13384,329721,11,23294,55496,88976,33671,16911,26494,16,11,26960,41865,17589,112131,13,35826,7,12,3,93,110,60,138,85,0,169,673110,3756803,"caccgcggttatacgagaggcccaaattgatgaaaaacggcgtaaagcgtggttaagaaaaaagagaaaatatggccgaacagcttcaaagcagttatacgcatccgaagtcacgaagaacaatcacgaaagttgccctaaaacctccgattccacgaaagccataaaa","Gadus morhua","1"
"GG01_000785471","species","Micromesistius poutassou",1,"Opisthokonta","Metazoa","Chordata","Actinopterygii","Gadiformes","Gadidae","Micromesistius","Micromesistius poutassou","NC_015102","[Micromesistius poutassou]",81636,0,2,1,0,0,0,8689,4,0,0,0,0,1,1,4,2,3,0,0,2,0,8,0,2,1,2,0,0,1,0,0,0,0,0,3,0,0,0,0,0,0,0,0,1,1,0,170,2580,8728,"caccgcggttatacgagaggctcaaattgatgaaaaacggcgtaaagcgtggttaagaaaacaagagatatatggccgaacagcttcaaagcagttatacgcattcgaaaccacgaagaacacccacgaaagttgccctaaaaaactctgattccacgaaaaccatagaa","Micromesistius poutassou","1"
"GG01_000011858","species","Pollachius virens",1,"Opisthokonta","Metazoa","Chordata","Actinopterygii","Gadiformes","Gadidae","Pollachius","Pollachius virens","DQ356945","[Pollachius virens]",8060,6069,7558,21,0,9,4905,31,13116,56,0,53,189,8442,38443,44671,107684,21961,77203,35,11504,5,108,4,10,28995,44,6504,6,6,0,0,10,3,34491,413,1,5,3,0,1,11,0,1,3,2,0,170,503,412576,"caccgcggttatacgagaggctcaaattgatgaaaaacggcgtaaagcgtggttaagaaaataagaggaaatacggccgaacaacttcaaagcagttatacgcatccgaagtcacgaagaacaatcacgaaagttgccctaaaatctccgattccacgaaagccataaaa","Pollachius virens","1"
"GG01_000615294","species","Trisopterus luscus",0.958823529411765,"Opisthokonta","Metazoa","Chordata","Actinopterygii","Gadiformes","Gadidae","Trisopterus","Trisopterus luscus","KP644343","[Trisopterus luscus]",27722,3,5,1,0,0,0,1,1,4,0,3,2,14729,4,1,3,4,0,0,4,0,3666,0,30537,2,657,0,0,3,0,0,0,7,0,4,0,2,0,0,0,1,6,4,0,5,0,168,17708,49659,"caccgcggttatacgagagacccaaattgataaaaacggcgtaaagcgtggttaagaagacaaaaaaatacggccgaacagattcaaagcagttatacgcattcgaaacaacgaagatcaagcacgcaagttgccctaaaaaactctgaccccacgaaagccataaaa","Trisopterus esmarkii","1"
"GG01_000767994","family","Lotidae",0.880239520958084,"Opisthokonta","Metazoa","Chordata","Actinopterygii","Gadiformes","Lotidae","","","LC091828","[Molva molva| Brosme brosme]",81641,0,0,0,0,0,0,20,46,0,0,14,0,0,0,0,0,0,0,0,0,0,0,0,0,0,0,0,0,0,0,0,0,0,0,0,0,0,0,0,0,0,0,0,0,0,0,163,71,80,"caccgcggttatacgagagacccaaattgataaaaaacggcgtaaagcgtggttaagaagataaaaatatacggtcaaacagcctcaaagcagttatacgcactcgaggtcacgaagaacaattacgaaagtatccctaaaacctctgactccacgaaaacca","Gadiculus argenteus","1"
"GG01_000632028","family","Lotidae",0.930232558139535,"Opisthokonta","Metazoa","Chordata","Actinopterygii","Gadiformes","Lotidae","","","LC091828","[Molva molva| Brosme brosme]",81641,0,0,0,0,0,0,0,0,0,0,0,0,0,0,0,0,0,0,0,0,0,0,0,3,0,0,0,0,0,0,0,0,0,0,0,0,0,0,0,0,0,0,5,54,27,0,170,89,89,"caccgcggttatacgagaggcccaagttgacaaacaccggcgtaaagcgtggttaagaaaatagaaaaataggggtcgaacagcctcaaagcagttatacgcattcgaggccacgaagcacagtcacgaaagtgaccctactaacccctgattccacgaaagccatagaa","Brosme brosme","0.947"
"GG01_000001414","species","Brosme brosme",0.982352941176471,"Opisthokonta","Metazoa","Chordata","Actinopterygii","Gadiformes","Lotidae","Brosme","Brosme brosme","LC091828","[Brosme brosme]",81638,11,3,1,0,0,1,30,12,13,0,6,9,8,7446,7,20,29,9,5,22939,2,107,0,7947,2,4,1,1,1,0,0,1,2,2,10,0,1,0,1,0,0,2,15721,134948,77683,0,170,57569,266985,"caccgcggttatacgagagacccaaattgatgaaaaacggcgtaaagcgtggttaagaaaataagaaaaatagggtcgaacagcctcaaagcagttatacgcattcgaggccacgaagcacagtcacgaaagtggccctactaacccctgattccacgaaagccatagaa","Brosme brosme","1"
"GG01_000850179","species","Crystallogobius linearis",1,"Opisthokonta","Metazoa","Chordata","Actinopterygii","Gobiiformes","Gobiidae","Crystallogobius","Crystallogobius linearis","EF218635","[Crystallogobius linearis]",441903,0,0,0,0,0,0,0,0,0,0,0,0,0,11798,0,0,0,0,0,0,0,0,0,0,0,0,0,0,0,0,0,0,0,0,1,0,0,0,0,0,0,0,0,0,0,0,168,3914,11799,"caccgcggttatacgagaggcccaaattgacgcccgtcggcataaaatgcggttaattatagtaatgcactaaaaccaaatgccctcaaagctgttatacgcacccgagggttagaggatctataacgaaggtagttttaaacattatgacccgcgaaagctaggaaa","Crystallogobius linearis","1"
"GG01_001175430","species","Lophius piscatorius",1,"Opisthokonta","Metazoa","Chordata","Actinopterygii","Lophiiformes","Lophiidae","Lophius","Lophius piscatorius","NC036988","[Lophius piscatorius]",8074,0,0,0,0,0,0,0,0,0,0,0,0,0,0,0,1,0,0,0,0,0,1,0,9772,0,0,0,0,1,0,0,0,0,0,0,0,0,0,0,0,0,0,0,0,0,0,169,2631,9775,"caccgcggttatacgagaggcccaagttgacaacagtcggcgtaaagcgtggttaggccatcaacccccactaaagtcgaatgccctcaaagctgttatacgcacccgagggttagaagttcaaatacgaaagtaactttataagtctgaacccacgaaagctacggca","Lophius piscatorius","1"
"GG01_000000004","species","Mallotus villosus",0.994047619047619,"Opisthokonta","Metazoa","Chordata","Actinopterygii","Osmeriformes","Salangidae","Mallotus","Mallotus villosus","HM106491","[Mallotus villosus]",30960,242901,850929,814360,0,10,243,7900,21103,56134,0,31162,99157,41203,108212,394545,473981,207244,194051,141848,63711,30302,39757,16,53228,5267,9926,6,56637,16929,22,10,6,2675,21916,12616,19217,3030,25,15,9,80,21,33,34,31,0,167,497369,4020502,"caccgcggttatacgagtggcccaagttgaaagttaccggcgtaaagagtggttagggaaaaataaactaaagtcgaacaccccctaggctgttatacgcttctgggggaacgaagccccactacgaaggtggctttaatacacctgaacccacgacaactaagata","Mallotus villosus","0.994"
"GG01_000483284","suborder","Cottioidei",0.913294797687861,"Opisthokonta","Metazoa","Chordata","Actinopterygii","Perciformes","","","","KM057992","[]",8100,0,0,0,0,0,0,0,0,0,0,0,0,0,0,0,15,0,0,0,0,0,0,0,0,0,0,0,0,0,0,0,0,0,0,1,0,0,0,0,0,0,0,0,0,0,0,169,15,16,"caccgcggttatacgagaggcccaagttgacaaacaccggcgtaaagagtggttaagaaaaacctcatactaaagcccaacatcttcaaggctgttatacgcacgacgaagcagaggtgtcaaccacgaaggtggctttatctgatctgaccccacgaaagctaaggaa","Triglops murrayi","0.965"
"GG01_000393840","suborder","Cottioidei",0.947058823529412,"Opisthokonta","Metazoa","Chordata","Actinopterygii","Perciformes","","","","KM057992","[]",8100,2,4,1,0,0,0,0,0,0,0,1,2,0,1,5122,43415,1,1,1,0,0,7,0,3,2,0,0,0,0,0,0,0,0,0,3471,0,0,0,0,0,0,0,8,8,7,0,169,13442,52057,"caccgcggttatacgagaggcccaagttgacaaacaccggcgtaaagagtggttaagaaaaacctcatactaaagcccaacatcttcaaggctgttatacgcaaccgaagacaggaggttcaaccacgaaggtggctttatctgatctgaccccacgaaagctaaggaa","Triglops murrayi","1"
"GG01_000044452","infraorder","Zoarcales",0.958579881656805,"Opisthokonta","Metazoa","Chordata","Actinopterygii","Perciformes","","","","FJ687232","[Pholis crassispina| Pholis nebulosa| Chirolophis japonicus]",8192,0,5,5,0,0,0,0,0,0,0,0,0,0,0,0,2,0,0,1,0,0,0,0,0,0,0,0,0,0,0,0,0,0,0,0,0,0,0,0,0,0,0,0,0,0,0,168,2,13,"caccgcggttatacgagaggcccaagttgacagacatcggcgtaaagagtggttaagttaaaattgtactaaagccgaacatcctccaggctgttatacgcatccgaagataagaagttcaaccacgaaggtagctttatttaatctgaacccacgacaactaagata","Pholis gunnellus","1"
"GG01_002324499","infraorder","Zoarcales",0.947058823529412,"Opisthokonta","Metazoa","Chordata","Actinopterygii","Perciformes","","","","FJ687232","[Pholis crassispina| Pholis nebulosa| Chirolophis japonicus]",8192,0,0,17,0,0,0,0,0,0,0,0,0,0,0,0,0,0,0,0,0,0,0,0,0,0,0,0,0,0,0,0,0,0,0,0,0,0,0,0,0,0,0,0,0,0,0,168,17,17,"caccgcggttatacgagtggcccaagttgaaagttaccggcgtaaagagtggttaagttaaaattgtactaaagccgaacgtcctccaggctgttatacgcatccgaagataagaagttcaaccacgaaggtagctttatttaatctgaacccacgaaagctacggca","Pholis gunnellus","0.964"
"GG01_001185353","genus","Anarhichas",0.964912280701754,"Opisthokonta","Metazoa","Chordata","Actinopterygii","Perciformes","Anarhichadidae","Anarhichas","","EF427918","[Anarhichas denticulatus| Anarhichas minor| Anarhichas lupus]",8203,0,0,0,0,0,0,0,0,0,0,0,0,0,0,0,0,0,0,0,0,0,8,0,3,0,0,0,0,0,0,0,0,0,0,0,0,0,0,0,0,0,0,0,0,0,0,169,4,11,"caccgcggttatacgagaggcccaagttgaaagaccccggcgtaaagcgtggttaagttaaaatttgtactaaagccgaacatcttcacggctgttatacgcacccgaagataagaagttcaaccacgaaggtagctttatttaatctgaacccacgaaagccataaaa","Anarhichas spp.  ||  Anarhichas denticulatus | Anarhichas lupus | Anarhichas minor | Anarhichas orientalis","1 | 1 | 1 | 1"
"GG01_001385154","genus","Anarhichas",0.970588235294118,"Opisthokonta","Metazoa","Chordata","Actinopterygii","Perciformes","Anarhichadidae","Anarhichas","","EF427918","[Anarhichas denticulatus| Anarhichas minor| Anarhichas lupus]",8203,0,0,10,0,0,0,0,0,0,0,0,0,0,0,0,0,0,0,0,0,0,1,0,1,0,0,0,0,0,0,0,0,0,0,0,0,0,0,0,0,0,0,0,0,0,0,169,5,12,"caccgcggttatacgagaggcccaagttgaaagaccccggcgtaaagcgtggttaagttaaaatttgtactaaagccgaacatcttcacggctgttatacgcacccgaagataagaagttcaaccacgaaggtagctttatttaatctgaacccacgacaactaagata","Anarhichas spp.  ||  Anarhichas denticulatus | Anarhichas lupus | Anarhichas minor | Anarhichas orientalis","1 | 1 | 1 | 1"
"GG01_000267645","genus","Anarhichas",0.942196531791908,"Opisthokonta","Metazoa","Chordata","Actinopterygii","Perciformes","Anarhichadidae","Anarhichas","","EF427918","[Anarhichas denticulatus| Anarhichas minor| Anarhichas lupus]",8203,0,1,0,0,0,0,1,0,0,0,0,0,0,0,0,0,1,0,0,0,0,23,0,1,4,0,0,0,0,0,0,0,1,0,0,0,0,0,0,0,0,0,0,0,0,0,169,32,32,"caccgcggttatacgagaggcccaaattgatgaaaacggcgtaaagcgtggttaagttaaaatttgtactaaaagccgaacatcttcacggctgttatacgcacccggaagataagaagttcaccacgaaggtagctttatttaatctgaacccacgaaagctacggca","Anarhichas spp.  ||  Anarhichas denticulatus | Anarhichas lupus | Anarhichas minor","0.947 | 0.947 | 0.947"
"GG01_000066788","genus","Anarhichas",1,"Opisthokonta","Metazoa","Chordata","Actinopterygii","Perciformes","Anarhichadidae","Anarhichas","","EF427918","[Anarhichas denticulatus| Anarhichas minor| Anarhichas lupus]",8203,8,7988,17609,0,2,1,11241,1,2,1,2,7,2004,7,10,2274,836,3,777,1191,0,73009,10,26861,49317,1094,0,1,576,3,0,0,34832,6,3,1,1,0,0,0,6,15,74,59,46,0,169,12404,229878,"caccgcggttatacgagaggcccaagttgaaagaccccggcgtaaagcgtggttaagttaaaatttgtactaaagccgaacatcttcacggctgttatacgcacccgaagataagaagttcaaccacgaaggtagctttatttaatctgaacccacgaaagctacggca","Anarhichas spp.  ||  Anarhichas denticulatus | Anarhichas lupus | Anarhichas minor","1 | 1 | 1"
"GG01_001166914","family","Cottidae",0.941176470588235,"Opisthokonta","Metazoa","Chordata","Actinopterygii","Perciformes","Cottidae","","","LC036924","[Myoxocephalus scorpius| Icelus spiniger| Enophrys diceraus| Argyrocottus zanderi| Enophrys bison| Myoxocephalus octodecemspinosus| Porocottus camtschaticus| Leptocottus armatus| Radulinus asprellus| Triglops scepticus| Stlengis misakia| Microcottus sellaris| Myoxocephalus polyacanthocephalus| Myoxocephalus stelleri]",8092,0,0,0,0,0,0,0,0,0,0,0,0,0,0,0,0,0,0,0,0,0,4,0,10073,0,0,0,0,2,0,0,0,0,0,0,0,0,0,0,0,0,1,2,0,0,0,169,2809,10082,"caccgcggttatacgagaggcccaagttgacaaacaccggcgtaaagcgtggttaagaaaaaactcatactaaagccaaacatcttccaggctgttatacgcaactgaaggttggaagttcaaccacgaaagtggctttacctcatctgagcccacgaaagctaaggaa","Micrenophrys lilljeborgii","1"
"GG01_000077081","species","Myoxocephalus scorpius",1,"Opisthokonta","Metazoa","Chordata","Actinopterygii","Perciformes","Cottidae","Myoxocephalus","Myoxocephalus scorpius","LC036924","[Myoxocephalus scorpius]",8097,12154,18,11652,0,0,1,5,1,0,0,2,19526,5,5,21522,16,5,4323,1,6,0,12,0,14,6,5,0,0,6,0,0,0,1,0,5,0,2,2,0,0,7,0,70044,17131,34,0,169,6248,156511,"caccgcggttatacgagaggcccaagttgacaaacaccggcgtaaagcgtggttaagtaaaaactcacactaaagccaaacatcttccaggctgttatacgcaaccgaagacaggaagttcaaccacgaaagtggctttatctagtctgaacccacgaaagctaaggaa","Myoxocephalus scorpius","1"
"GG01_000176414","species","Taurulus bubalis",0.988095238095238,"Opisthokonta","Metazoa","Chordata","Actinopterygii","Perciformes","Cottidae","Taurulus","Taurulus bubalis","KM057990","[Taurulus bubalis]",61643,0,7921,2,0,1,0,0,1,2,0,1,3,1,0,3,1,0,0,0,0,0,6,0,6,0,0,0,0,1,0,0,0,0,0,1,0,0,0,0,0,1,0,9,1,7,0,168,2048,7968,"caccgcggttatacgagaggcccaagttgacaaacaccggcgtaaagcgtggttagggaaaactcacactaaagccaaacatcttccaggctgttatacgcaactgaagataggaagttcaaccacgaaagtggctttaccagacctgaatccacgaaagctaaggaa","Taurulus bubalis","1"
"GG01_000000092","species","Cyclopterus lumpus",1,"Opisthokonta","Metazoa","Chordata","Actinopterygii","Perciformes","Cyclopteridae","Cyclopterus","Cyclopterus lumpus","KM057954","[Cyclopterus lumpus]",8103,12375,109831,36974,0,2,3,29,5,8,0,30540,27925,4543,15721,60729,44418,16,674,29915,24,0,58,5,11340,19543,11,1,2,12158,1,0,0,3,5,12,1,1,4,8,1,4,3,119858,110883,125797,1,169,170730,773432,"caccgcggttatacgagaggcccaagttgacagacaccggcgtaaagagtggttaagctaaaacttaaactaaagccaaacatcttcaagactgttatacgtacccgaagacaggaaactcaaccacgaaagtagctttatttaatctgaccccacgaaagctacggca","Cyclopterus lumpus","1"
"GG01_000572092","species","Liparis fabricii",0.994082840236686,"Opisthokonta","Metazoa","Chordata","Actinopterygii","Perciformes","Liparidae","Liparis","Liparis fabricii","LC069522.1","[Liparis fabricii]",241823,4,7093,7,0,0,0,4,0,10391,0,1,1,2,1,2,3,1,0,0,0,0,16,9,53558,18381,3,0,4,9,0,4,0,0,1,4,0,0,0,0,1,0,10,6,8,3,0,169,19864,89527,"caccgcggttatacgagaggcccaagttgaaagacaccggcgtaaagcgtggttaagctaaaatttaaattaaagttaaacatcttcaagactgttatacgtatccgaaggcaggaacctcaattacgaaagtaactttatataagctgaatccacgaaagctatagca","Liparis fabricii","0.994"
"GG01_000000036","genus","Pholis",0.988095238095238,"Opisthokonta","Metazoa","Chordata","Actinopterygii","Perciformes","Pholidae","Pholis","","FJ687232","[Pholis crassispina| Pholis nebulosa]",56725,3,9460,5583,0,0,1,6,0,1,0,1,3,2,1,2,28814,7,1,8897,0,0,21,0,4,1,0,0,0,6518,0,0,0,1,3,1,1,1,3,0,0,0,0,35,26,15,0,168,860,59412,"caccgcggttatacgagaggcccaagttgacagacatcggcgtaaagagtggttaagttaaaattgtactaaagccgaacatcctccaggctgttatacgcatccgaagataagaagttcaaccacgaaggtagctttatttaatctgaacccacgaaagctacggca","Pholis gunnellus","1"
"GG01_001813697","subfamily","Sebastinae",0.953488372093023,"Opisthokonta","Metazoa","Chordata","Actinopterygii","Perciformes","Sebastidae","","","EU008930","[]",274705,0,0,0,0,0,0,0,0,0,0,0,0,0,0,0,0,0,0,0,0,0,0,0,0,0,0,0,0,0,0,0,0,0,0,12,0,0,0,0,0,0,0,0,0,0,0,171,7,12,"caccgcggttatacgagagaccctagttgatatattcggcgtaaagagtggttatggaaaataaagactaaagccgcacaccttcaaagctgttataacgcatccgaaggctagaagatcaaccacgaaggtagctttacaacccctgaccccacgaaaagcctctcggca","Sebastes spp.",""
"GG01_000715185","subfamily","Sebastinae",0.952662721893491,"Opisthokonta","Metazoa","Chordata","Actinopterygii","Perciformes","Sebastidae","","","EU008930","[]",274705,4,0,0,0,0,0,3,0,7,0,0,0,0,0,0,0,0,0,0,0,0,6,0,6,0,0,0,0,0,0,0,0,0,0,0,0,0,0,0,0,0,0,1,0,0,0,168,27,27,"caccgcggttatacgagaggcccaagttgacagacaccggcgtaaagagtggttatggaaaataaagactaaagccgcgcaccttcaaagctgttatacgcatccgaaggctagaagatcaaccacgaaggtagctttacaacccctgaccccacgaaagctctggca","Sebastes spp.  ||  Sebastes babcocki | Sebastes mentella | Sebastes norvegicus | Sebastes viviparus","0.959 | 0.959 | 0.959 | 0.959"
"GG01_000382676","genus","Sebastes",0.988095238095238,"Opisthokonta","Metazoa","Chordata","Actinopterygii","Perciformes","Sebastidae","Sebastes","","EU008930","[Sebastes owstoni| Sebastes ruberrimus| Sebastes hubbsi| Sebastes oblongus| Sebastes pachycephalus| Sebastes steindachneri| Sebastes taczanowskii| Sebastes vulpes| Sebastes inermis| Sebastes thompsoni| Sebastes schlegelii| Sebastes trivittatus| Sebastes koreanus| Sebastes longispinis]",34820,4204,23,2,0,0,2,12747,2,10778,0,0,1,31015,2,0,2,6407,0,1,3,1,8766,4,13434,2,0,0,0,0,1,0,0,0,0,5306,1,1,0,0,0,0,3,9,4,5,0,168,52075,92726,"caccgcggctatacgagagacccaagttgataccacccggcgtaaagagtggttatggaaaataaagactaaagccgcacaccttcaaagctgttatacgcatccgaaggctagaagatcaaccacgaaggtagctttacaacccctgaccccacgaaagctctggca","Sebastes spp.  ||  Sebastes norvegicus | Sebastes viviparus","1 | 1"
"GG01_001497898","species","Chirolophis japonicus",0.988165680473373,"Opisthokonta","Metazoa","Chordata","Actinopterygii","Perciformes","Stichaeidae","Chirolophis","Chirolophis japonicus","NC_028022","[Chirolophis japonicus]",476915,0,0,5287,0,0,0,0,0,0,0,0,0,0,0,0,0,0,0,0,1,0,0,0,0,0,0,0,0,0,0,0,0,0,0,0,0,0,0,0,0,0,0,0,2,1,0,169,13,5291,"caccgcggttatacgagaggcccaagttgacagacaccggcgtaaagagtggttaagttagaatttatactaaagccgaacgtcctcaaggctgttatacgcacccgaagataagaagttcaaccacgaaggtggctttatttagtctgaacccacgaaagctacggcg","Chirolophis ascanii","1"
"GG01_000022723","species","Leptoclinus maculatus",0.994082840236686,"Opisthokonta","Metazoa","Chordata","Actinopterygii","Perciformes","Stichaeidae","Leptoclinus","Leptoclinus maculatus","LC069671","[Leptoclinus maculatus]",980417,43,3384,10353,3,8,6,1966,7,16,0,7,26,288,22,50,6223,177,5,2071,10063,1,109906,8,4315,8005,11050,7,3,1592,2,3,1,5669,8,25,4,2,0,1,0,0,3,520145,331366,256535,0,169,226194,1283369,"caccgcggttatacgagaggcccaagttgacagacaccggcgtaaagagtggttaagttaaaatttacactaaagccgaacgtcctcaaggctgttatacgcacccgaagataagaagttcaaccacgaaggtggctttatttagtctgaacccacgaaagctgcggca","Leptoclinus maculatus","1"
"GG01_000714859","species","Lycodes terraenovae",0.982142857142857,"Opisthokonta","Metazoa","Chordata","Actinopterygii","Perciformes","Zoarcidae","Lycodes","Lycodes terraenovae","LC278199","[Lycodes terraenovae]",215415,0,1,3,0,0,0,0,0,0,0,0,1,0,0,1,5,0,0,0,0,0,0,0,0,1,0,0,0,0,0,0,0,0,0,0,0,4,0,0,0,0,0,3,2,1,0,168,18,22,"caccgcggttatacgagaggcccaagttgaaagaccccggcgtaaagagtggttaagctagaatttatactaaagccgaacatcctcatggctgttatacgcacccgagggtaagaagctcaaccacgaaggtagctttatatgtctgaacccacgaaagctacggca","Lycodes vahlii","1"
"GG01_000947468","family","Pleuronectidae",0.941860465116279,"Opisthokonta","Metazoa","Chordata","Actinopterygii","Pleuronectiformes","Pleuronectidae","","","NC_009709","[]",8256,0,0,0,0,0,0,2,0,0,0,2,0,0,0,0,0,0,0,0,3,0,1,0,0,0,3,0,0,0,0,0,0,0,0,0,0,0,0,0,0,0,0,0,0,0,0,168,11,11,"caccgcggttatacgagaggcccaagttgacaaacaacggcgtaaagagtggttaggggatttctaaactagagccgaacgctttcaaagctgttatacgcacccgagagtatgaaacccaattacgaaagtagcctacagcctgacctaaccacgaaagctaagaaa","Glyptocephalus cynoglossus","0.953"
"GG01_000976955","family","Pleuronectidae",0.929411764705882,"Opisthokonta","Metazoa","Chordata","Actinopterygii","Pleuronectiformes","Pleuronectidae","","","AF488480","[]",8256,0,0,0,0,0,0,0,0,0,0,0,0,0,0,0,0,0,0,0,0,0,0,0,0,0,1,0,0,0,0,0,0,0,0,8,2,0,0,0,0,0,0,0,0,0,0,168,11,11,"accgcggttatacgagagaccctagttgatatattcggcgtaaagagtggttaggggatttactaaactagagccgaacgctttcaaagctgttatacgcacccgagagtatgaaacccaattacgaaaagtagctctacctgtcctgaacccacgaaagctaagaaa","Glyptocephalus cynoglossus","0.953"
"GG01_000372424","family","Pleuronectidae",0.91812865497076,"Opisthokonta","Metazoa","Chordata","Actinopterygii","Pleuronectiformes","Pleuronectidae","","","AF488480","[]",8256,0,1,0,0,0,0,2,0,0,0,0,0,0,0,0,8,0,0,0,0,0,0,0,1,0,0,0,0,0,0,0,0,0,0,0,3,0,0,0,0,0,0,0,0,0,0,161,15,15,"caccgcggttatacgagaggcccaagttgacaacaacgcgaagaagtgttagggatgactaactagagcgacgactttcaaagctgttatacgcacccgaaagtatgaaacccaattacgaaagtagctctacctgtcctgaacccacgaaagctaagaaa","Glyptocephalus stelleri","0.924"
"GG01_001043719","family","Pleuronectidae",0.873563218390805,"Opisthokonta","Metazoa","Chordata","Actinopterygii","Pleuronectiformes","Pleuronectidae","","","AF488491","[]",8256,5,0,0,0,0,0,1,0,0,0,0,0,0,0,0,0,9,2,0,1,0,3,0,0,0,0,2,0,0,0,0,0,0,0,3,0,0,0,0,0,0,0,0,0,0,0,168,26,26,"caccgcggttatacgagaggcccaagttgacaaacaacggcgtaaagagtggttagggatttactaaactagagccgaacgctttcgaagctgttatacgcacccgaagtcacgaagaacaatcacgaaagttgccttaaaacctctgattccacgaaagccataaaa","Hippoglossoides platessoides","0.933"
"GG01_001813019","family","Pleuronectidae",0.958579881656805,"Opisthokonta","Metazoa","Chordata","Actinopterygii","Pleuronectiformes","Pleuronectidae","","","AF488478","[]",8256,0,0,1,0,0,0,0,0,0,0,0,0,0,0,0,0,0,0,0,1,0,3,0,0,0,0,0,0,0,0,0,0,0,0,87,0,0,0,0,0,0,0,0,0,0,0,168,26,92,"caccgcggttatacgagagaccctagttgatatattcggcgtaaagagtggttaggggatttactaaactagagccgaacgctttcaaagctgttatacgcacccgaaagtatgaaacccaattacgaaagtagctctacttatcctgaacccacgaaagctaaggaa","Hippoglossoides platessoides","0.959"
"GG01_000098322","family","Pleuronectidae",0.982248520710059,"Opisthokonta","Metazoa","Chordata","Actinopterygii","Pleuronectiformes","Pleuronectidae","","","AF488480","[Isopsetta isolepis| Microstomus pacificus| Hippoglossoides platessoides| Lepidopsetta bilineata| Limanda aspera| Pseudopleuronectes americanus| Hippoglossus hippoglossus| Platichthys stellatus| Kareius bicoloratus| Cleisthenes herzensteini| Psettichthys melanostictus| Reinhardtius hippoglossoides| Hippoglossus stenolepis]",8256,14,11173,10,0,12,13,26022,1,20,1,10377,9,11,6589,3,14307,36,14,0,19399,0,2901,0,16309,1,23485,21,9,6720,0,0,0,1,1,2648,18050,0,6,0,0,4,1,10,6,8,0,169,25,158192,"caccgcggttatacgagaggcccaagttgacaaacaacggcgtaaagagtggttaggggaattactaaactagagccgaacgctttcaaagctgttatacgcacccgaaagtatgaaacccaattacgaaagtagctctacctgtcctgaacccacgaaagctaagaaa","Microstomus kitt","1"
"GG01_000207159","genus","Hippoglossus",1,"Opisthokonta","Metazoa","Chordata","Actinopterygii","Pleuronectiformes","Pleuronectidae","Hippoglossus","","NC_009709","[Hippoglossus hippoglossus| Hippoglossus stenolepis]",8266,4834,3,3975,0,1,0,8,0,4,0,1,0,0,3,1,0,6459,4,0,5,0,10138,0,3,0,1,0,10,1,0,0,0,0,1,3,3,0,0,0,0,1,0,2,3,0,0,169,1,25464,"caccgcggttatacgagaggcccaagttgacaaacaacggcgtaaagagtggttaggggatttactaaactagagccgaacgctttcaaagctgttatacgcacccgaaagtatgaaacccaattacgaaagtagctctactcatcctgaacccacgaaagctaagaaa","Hippoglossus hippoglossus","1"
"GG01_000012096","species","Pleuronectes quadrituberculatus",1,"Opisthokonta","Metazoa","Chordata","Actinopterygii","Pleuronectiformes","Pleuronectidae","Pleuronectes","Pleuronectes quadrituberculatus","LC049653","[Pleuronectes quadrituberculatus]",641111,57321,52675,14938,1,30450,22112,73715,10243,56777,2,13846,39451,15288,61735,19,13641,91143,109810,6,49842,5,54529,5,70575,21,78272,37390,36843,18855,5,5,1,4,6,16573,18332,5,8,4,5,27,42,74,73,46,0,169,246675,1044720,"caccgcggttatacgagaggcccaagttgacaaacaacggcgtaaagagtggttagggaatttactaaactagagccgaacgctttcaaagctgttatacgcacccgaaagtatgaaacccaattacgaaagtagctctacctatcctgaacccacgaaagctaaggaa","Pleuronectes platessa","1"
"GG01_000753770","species","Scophthalmus maximus",0.894736842105263,"Opisthokonta","Metazoa","Chordata","Actinopterygii","Pleuronectiformes","Scophthalmidae","Scophthalmus","Scophthalmus maximus","EU419747","[Scophthalmus maximus]",52904,1,2,2,0,0,1,0,0,2,0,0,0,0,0,0,0,0,0,0,4,0,1,0,0,0,0,0,0,1,0,0,0,0,0,0,0,0,0,0,0,0,0,0,2,1,0,169,13,17,"caccgcggttagacgagaggctcaagctgatagatagcggcgtaaagagtggttaagggctgcaacaaactaaagctgaatgctctcaagactgttatacgtgttcgagagttcgaaacccaactacgaaagtggctttattaaacccgaccccacgaaagctaaggaa","Zeugopterus punctatus","1"
"GG01_000520409","subfamily","Salmoninae",0.947976878612717,"Opisthokonta","Metazoa","Chordata","Actinopterygii","Salmoniformes","Salmonidae","","","HQ167667","[]",504568,1,0,2,0,0,0,1,2,8,0,0,0,7,3,5,3,0,2,0,0,0,0,0,0,0,0,0,0,0,0,0,0,0,0,3,0,0,0,0,0,0,0,0,0,0,0,171,37,37,"caccgcggttatacgagaggcccaaattgatgaaaaacggcgtaaagagtggttacggaaaaatatttaataaaagccgaacacccctcagccgtcatacgcacctgggggcacgaagatctactacgaaaagcagctttaattatacctgaacccacgacagctacgaca","Salmo salar","0.948"
"GG01_000310817","species","Oncorhynchus gorbuscha",1,"Opisthokonta","Metazoa","Chordata","Actinopterygii","Salmoniformes","Salmonidae","Oncorhynchus","Oncorhynchus gorbuscha","EF455489","[Oncorhynchus gorbuscha]",8017,1,2,1,0,0,0,0,1,1,0,0,0,0,0,1,2,0,1,0,0,0,0,0,0,0,0,15158,0,0,0,0,0,0,0,0,0,0,0,0,0,6,1,0,0,0,0,170,4303,15175,"caccgcggttatacgagaggccctagttgataactaccggcgtaaagagtggttatggaaaaatatttaataaagccgaacaccccctcagccgtcatacgcatctgggagcacgaagacctactgcgaaagcagctttaattatgcctgaccccacgacagctaagaaa","Oncorhynchus gorbuscha","1"
"GG01_000000028","species","Salmo salar",1,"Opisthokonta","Metazoa","Chordata","Actinopterygii","Salmoniformes","Salmonidae","Salmo","Salmo salar","HQ167667","[Salmo salar]",8030,110610,50917,18351,0,43383,58025,40234,130465,86617,0,17,44893,53411,27544,56701,77629,15,38598,9862,45,1,38,2,17,33488,4,28,5,3,3,0,2,1,4,1323,1,2,4,3,4,33,58,12,24,10,0,170,117712,882387,"caccgcggttatacgagaggccctagttgataactaccggcgtaaagagtggttacggaaaaatatttaataaagccgaacaccccctcagccgtcatacgcacctgggggcacgaagatctactacgaaagcagctttaattatacctgaacccacgacagctacgaca","Salmo salar","1"
"GG01_000611110","species","Scomber scombrus",1,"Opisthokonta","Metazoa","Chordata","Actinopterygii","Scombriformes","Scombridae","Scomber","Scomber scombrus","AB120717","[Scomber scombrus]",13677,0,1,0,0,0,0,0,0,0,0,0,0,0,0,0,0,0,0,0,0,0,5,20,1,38849,0,0,0,1,0,0,0,0,0,0,1,5,0,0,0,0,0,0,0,1,0,169,10743,38884,"caccgcggttatacgataggcccaagttgacagaccccggcgtaaagcgtggttagggaaaatttaaaactaaagccgaacaccttcagggcagtcatacgcttccgaaggcacgaagcccctccacgaaagtggctttactacccccgaccccacgaaagctaggaca","Scomber scombrus","1"
"GG01_000077111","genus","Ammodytes",0.994082840236686,"Opisthokonta","Metazoa","Chordata","Actinopterygii","Uranoscopiformes","Ammodytidae","Ammodytes","","AP006023","[Ammodytes hexapterus| Ammodytes personatus]",84620,0,8,2,0,0,0,1,1,2,0,0,12312,0,0,1,0,0,0,0,2659,0,7054,0,2,0,1,0,7917,6069,0,0,0,0,0,1,0,0,1,1,0,1,0,3,2,3,0,169,17011,36041,"caccgcggttatacgagaggcccaagctgatagaccccggcgtaaagagtggttaagataaacttaaaactaaagccgaacaccctcacagctgttatacgcacccgagagtaagaagcccaactacgaaagtggctttacaacccctgaacccacgaaagctatgaca","Ammodytes marinus | Hyperoplus lanceolatus | Ammodytes tobianus","1 | 1 | 1"
"GG01_000393847","species","Gavia pacifica",0.972222222222222,"Opisthokonta","Metazoa","Chordata","Aves","Gaviiformes","Gaviidae","Gavia","Gavia pacifica","NC_008139","[Gavia pacifica]",85097,0,0,0,0,0,0,0,0,0,0,0,0,0,0,0,787,0,0,0,0,0,0,0,0,0,0,0,0,0,0,0,0,0,0,0,0,0,0,0,0,0,0,0,0,0,0,180,332,787,"caccgcggtcacacaagagacccaaattaaccgtaacacggcgtaaagagtggtaccatgctatcccaccaactaggatcaaagtgcaactgagctgtcgtaagcccaaggtgcattaaaagccaccctcaagacgatcttagcacccccgatcaattgaaccccacgaaagctgggaca","Gavia adamsii","1"
"GG01_001335203","species","Sus scrofa",1,"Opisthokonta","Metazoa","Chordata","Mammalia","Artiodactyla","Suidae","Sus","Sus scrofa","NC_000845","[Sus scrofa]",9823,1,0,0,0,0,0,0,0,1,0,0,0,0,1,0,0,0,2,0,0,0,1,0,3462,0,0,0,0,0,0,0,0,0,0,0,0,0,0,0,0,0,0,0,0,0,2525,169,3673,5993,"caccgcggtcatacgattaacccaaattaatagatccacggcgtaaagagtgtttaagaaaaaaaatcacaatagagttaaattataactaagctgtaaaaagccctagttaaaataaaataacccacgaaagtgactctaataatcctgacacacgatagctaggacc","Sus scrofa","1"
"GG01_000850591","species","Balaenoptera physalus",0.994117647058824,"Opisthokonta","Metazoa","Chordata","Mammalia","Cetacea","Balaenopteridae","Balaenoptera","Balaenoptera physalus","NC_001321","[Balaenoptera physalus]",9770,0,0,0,0,0,0,0,0,0,0,0,0,0,273,0,0,0,0,0,0,0,0,0,0,0,0,0,0,0,0,0,0,0,0,0,0,0,0,0,0,0,0,0,0,0,0,170,117,273,"caccgcggtcatacgatcgacccaaattaatagaagcacggcgtaaagagtgttaaggagccacatgaaataaagtcaaaccttaattaagctgtaaaaagccctaattaaaattaagccaaactacgaaagtgactttaatataatctgatcacacgacaactaagatc","Balaenoptera physalus","1"
"GG01_000005017","species","Lagenorhynchus albirostris",0.994152046783626,"Opisthokonta","Metazoa","Chordata","Mammalia","Cetacea","Delphinidae","Lagenorhynchus","Lagenorhynchus albirostris","NC_005278","[Lagenorhynchus albirostris]",27610,413,1452,49,0,1,14,3,1050,156,0,51,495,291,1065,560,346,606,4594,310,1,0,2,0,0,0,0,0,0,0,0,0,0,0,0,0,0,0,0,0,0,0,0,0,0,0,0,171,5387,11459,"caccgcggtcatacgattgacccaaattaatagacacccggcgtaaagagtgtcaaggaactatacaaaaataaagtcaaaccttaattaagctgtaaaaagccataattaaaattaagttaaactacgaaagtaactttatcataaactgaatacacgacaactaagacc","Lagenorhynchus albirostris","1"
"GG01_000012306","species","Phocoena phocoena",1,"Opisthokonta","Metazoa","Chordata","Mammalia","Cetacea","Phocoenidae","Phocoena","Phocoena phocoena","NC_005280","[Phocoena phocoena]",9742,150,601,965,0,257,0,0,21,2111,0,93,467,1114,4335,1,309,65,3,67,0,0,1,0,1,0,0,0,0,0,0,0,0,0,0,1,0,0,0,2,0,0,6,0,0,0,0,170,3994,10570,"caccgcggtcatacgattgacccaagttaatagacacccggcgtaaagagtgtcgaggagtaacataaaataaagtcaaatcttagttaagctgtaaaaagccataactaaacctaagctaaaccacgaaagtaactttatcacaaaccgagtacacgacaactaagacc","Phocoena phocoena","1"
"GG01_000393036","parvorder","Catarrhini",0.804733727810651,"Opisthokonta","Metazoa","Chordata","Mammalia","Primates","","","","NC_001645","[]",9526,0,0,0,69,0,0,0,57,0,0,0,0,0,0,0,0,0,0,0,0,0,0,0,0,0,0,0,0,0,0,0,0,0,0,0,0,0,0,0,0,0,0,0,0,0,0,160,59,126,"caccacacgattaacccgagctaatggaactcagcgtaaagagtgtttaaggtctgccctcaataaagttaaagcccatctaagttgtaaaaaactccagctgaaataaaatgtactacaaaagtagctttaataccctgaagacacaatagctaagacc","Homo sapiens","1"
"GG01_000062475","species","Homo sapiens",1,"Opisthokonta","Metazoa","Chordata","Mammalia","Primates","Hominidae","Homo","Homo sapiens","NC_012920","[Homo sapiens]",9606,0,19,225,1151,348,0,0,5189,29,0,1,29,0,0,0,2,1,0,2,118,57,433,0,178,17,0,0,216,35,0,35,0,0,48,1,7,65,16,0,42,5,264,0,1,1,0,171,4006,8535,"caccgcggtcacacgattaacccaagtcaatagaagccggcgtaaagagtgttttagatcaccccctccccaataaagctaaaactcacctgagttgtaaaaaactccagttgacacaaaatagactacgaaagtggctttaacatatctgaacacacaatagctaagacc","Homo sapiens","1"
"GG01_000263685","no rank","Gnathostomata",0.687830687830688,"Opisthokonta","Metazoa","Echinodermata","Echinoidea","","","","","NC_026867","[]",7776,3,4,0,0,0,0,0,0,0,0,0,0,0,0,0,0,0,0,0,0,0,0,0,10,0,0,0,0,0,0,0,0,0,0,0,0,0,0,0,0,0,0,0,0,0,0,168,15,17,"caccgcggttatacataaggtaatagctaataaaatatggtaaaaaatgtggtaagaattagtttaagtaaaataaaaataccctctagcagtaataagctaacagaacttaagttacaataacagcaatataattttaccttctctcaccccactaaagctctaaca","Asterias rubens","0.994"
