"id","rank","scientific_name","best_identity","superkingdom_name","kingdom_name","phylum_name","class_name","order_name","family_name","genus_name","species_name","best_match","species_list","taxid","X2021614_100","X2021614_101","X2021614_102","X2021614_103","X2021614_104","X2021614_106","X2021614_108","X2021614_113","X2021614_114","X2021614_117","X2021614_118","X2021614_121","X2021614_123","X2021614_126","X2021614_130","X2021614_133","X2021614_136","X2021614_147","X2021614_150","X2021614_154","X2021614_156","X2021614_157","X2021614_159","X2021614_161","X2021614_162","X2021614_163","X2021614_169","X2021614_17","X2021614_171","X2021614_172","X2021614_178","X2021614_181","X2021614_211","X2021614_216","X2021614_217","X2021614_23","X2021614_24","X2021614_31","X2021614_33","X2021614_37","X2021614_38","X2021614_4","X2021614_40","X2021614_46","X2021614_51","X2021614_83","X2021614_9","X2021614_96","seq_length","cluster_weight","total_reads","sequence","annotated_name","annotated_pident"
"GG04_001146365","no rank","Eutheria",0.810344827586207,"","","","","","","","","NC_018783","[]",9347,0,0,0,0,13,0,0,0,0,0,0,0,0,0,0,0,0,0,0,0,0,0,0,0,0,0,0,0,0,0,0,0,0,0,0,0,0,0,0,0,0,0,0,0,0,0,0,0,167,9,13,"caccatgatcatacgattaacccaaactaataaaatctggtgaaaagcgtgtttaaggtaaacctacagtaaagctaaactccgtctaagctgtaaaaagcttcaactgaagtaaaaataaactacaaaagtgactttaacaccctgaaaacacgatagctaagact","Homo sapiens","1"
"GG04_001501412","superorder","Laurasiatheria",0.85632183908046,"","","","","","","","","NC_021974","[]",314145,0,123,0,0,0,0,0,0,0,0,0,0,0,0,0,0,0,0,0,0,0,0,0,0,0,0,0,0,0,0,0,0,0,0,0,0,0,0,0,0,0,0,0,0,0,0,0,0,173,65,123,"caccgcggtcacacgactgacccgaattaatagaactacggcgtaaagcgtgttaaagaaccatacaagataaagttaaaccttaagcaagctgtaaaaagccgtgattaaaacaaaagtaaactacgaaagtgactttattaatattttctgatcacacgatagctaagacc","",""
"GG04_000153845","no rank","Theria",0.754285714285714,"","","","","","","","","NC_023950","[]",32525,0,0,0,0,0,0,0,0,0,0,0,0,0,0,0,0,0,0,0,0,0,0,0,0,0,0,0,0,0,0,0,0,0,0,0,1,0,460,0,379,0,0,0,0,0,0,0,0,158,389,840,"cactgaggtcatatgattaacccaaatcaatagtacccaacacgtttatgattatgtctaactaaagctaaactgtaagccataaaaggcaatagctaaaatgaaaataaactatgaaagtgactttattatgttctgaatttaaaatagctaagacc","Homo sapiens","1"
"GG04_001420491","no rank","Vertebrata",0.559585492227979,"","","","","","","","","NC_006518","[]",7742,0,0,0,0,0,0,0,0,0,0,0,0,0,0,0,0,0,0,0,0,0,0,0,0,0,11,0,0,0,0,0,0,0,0,0,0,0,0,0,0,0,0,0,0,0,0,0,0,161,7,11,"caagttgggaaagcgaaagggaaccgcagagatgggtggagcgtgaagtatgcacgagttataacgcgagtacgtgatatgatagcggcggcgcacaaaacggttggtactgtaggtgccaccttgctgcggaacataggagtggtcaacagaatggcgag","",""
"GG04_001891694","no rank","Vertebrata",0.526315789473684,"","","","","","","","","KU159666","[]",7742,0,0,0,0,0,0,0,0,0,0,0,0,0,0,0,0,0,0,0,0,0,0,0,0,0,0,0,0,0,0,0,0,0,0,0,0,0,12,0,0,0,0,0,0,0,0,0,0,141,6,12,"cttcagacttgaccatctcactgacctccaggtgccggagacccgttttctcggcaatcagggcgcatgttgccgtctttcctgttccaggagtgcccgtgatgaggatgttaggaccacggctggcaggagtcgtcgcac","",""
"GG04_000001201","no rank","Vertebrata",0.628571428571429,"","","","","","","","","NC_014174","[]",7742,0,0,0,0,0,0,0,0,0,0,0,0,0,0,0,0,13,0,0,0,0,0,0,0,0,0,0,0,0,0,0,0,0,0,0,0,0,0,0,0,0,0,0,0,0,0,0,0,147,10,13,"aaccgcggttagacacaaagctcaagctaaatttaacggtaaaaaaatggctacattactcatttgataaaaataaattttttaaaggtcaaataaactaacttaataatcctaaattatcaaaataaccacccatgaaagcttaac","",""
"GG04_001071270","no rank","Vertebrata",0.543010752688172,"","","","","","","","","NC_031628","[]",7742,0,0,0,0,0,0,0,0,0,0,8,0,0,5,0,0,0,0,0,0,0,0,0,0,0,0,0,0,0,1,0,0,0,0,0,0,0,0,0,0,0,0,0,0,0,0,0,0,143,8,14,"ccagcgtgccgatcggccataggcctgatgaaaaccatgtgtccagcacatcaggatctcgcgtcagctttacaccgaccccggcctgtgcctgcgcttcggcttcggatgcggcgcaatattgattgcctttggcgtcaaac","uncultured marine bacterium 582","0.972"
"GG04_001784747","no rank","Vertebrata",0.538834951456311,"","","","","","","","","NC_029489","[]",7742,0,0,0,0,0,0,0,0,0,0,0,0,0,0,0,0,0,0,0,0,0,14,0,0,0,0,0,0,0,0,0,0,0,0,0,0,0,0,0,0,0,0,0,0,0,0,0,0,182,14,14,"ggagttatgttgtgtggtggcggaggtcgtgccgctcgaatggtacggagtgccatggttgtgagcagccttgctcatcacggcaagtcatgcagcagtgggttccaggcagcgcgttcaagaaaacacacgggcagcccggtcgagcgccattttgggaagttagaaccagttgtgggcgc","",""
"GG04_000757329","no rank","Vertebrata",0.561320754716981,"","","","","","","","","NC_028404","[]",7742,0,0,0,0,0,0,0,0,0,0,0,15,0,0,0,0,0,0,0,0,0,0,0,0,0,0,0,0,0,0,0,0,0,0,0,0,0,0,0,0,0,0,0,0,0,0,0,0,178,9,15,"atacgcgcgggctgcagaaatcttggacgagcgcttcccgacagcgagtgcgtcgcatgctgccagccgcgttctcgatgcctgttcgcgcgcagccgtaagccaacgcaccgcgctgtctcattgagatcatcctaaccaaccgccgcgcgattcggcacgcagagctgtctctggc","",""
"GG04_001566374","no rank","Vertebrata",0.546875,"","","","","","","","","AP012501","[]",7742,0,0,0,0,0,0,0,4,7,0,3,0,0,0,0,0,0,0,0,0,0,0,0,0,0,0,0,0,0,0,0,0,0,0,0,0,0,1,0,0,0,0,0,0,0,0,0,0,160,11,15,"cacggccttgtttttcctcgcgtacgaaccttcgaagcgatatttagagcgaacgttaccaccggagcaaaattacgcggcgatgttcgccgccggcgcgaccgggtgtttggcgtcgagtatcgtgagagtgccgacggaagtgatcaagacgagagcg","Bathycoccus prasinos","0.988"
"GG04_000366249","no rank","Vertebrata",0.554347826086957,"","","","","","","","","NC_002504","[]",7742,0,0,0,4,0,0,0,0,0,0,0,0,0,0,0,0,0,0,0,0,0,0,0,0,0,0,2,0,0,1,9,0,0,0,0,0,0,0,0,0,0,0,0,0,0,0,0,0,144,12,16,"cacacacacatgctctcgcccacaattaaacccaggattgttccaaccagcaagtccaggtgcgagacgttcactacggccaatgacgagcctatgcatgccgtactcctcgaagccatcgagcttcccatctggacaggttgc","",""
"GG04_000804414","no rank","Vertebrata",0.564766839378238,"","","","","","","","","NC_024615","[]",7742,0,0,0,0,0,0,0,0,0,0,0,0,0,0,17,0,0,0,0,0,0,0,0,0,0,0,0,0,0,0,0,0,0,0,0,0,0,0,0,0,0,0,0,0,0,0,0,0,148,14,17,"acttgctaacgcaattcatgctgcatcaggtaaacgtgtacgtacattccctgcacttccagagaatgttgcggctggctaatataaggcgttaccaggatccggaaaccttggtttctggatccgattagttcagaaaacccccagt","",""
"GG04_001518726","no rank","Vertebrata",0.570680628272251,"","","","","","","","","NC_029237","[]",7742,0,0,0,0,0,0,0,0,0,0,0,0,0,0,0,0,0,0,0,0,0,0,0,0,0,0,0,0,0,0,0,0,0,0,0,0,0,0,0,0,0,0,0,0,18,0,0,0,154,13,18,"ctcgttgtaggaccacatcatcttcgagtatcaagtagggacgagtcccgtttgggtcatccttgagaatccgcctgtacagttgcaaatggctcgcacgacaggcacgagtttcaatggatgatgacttttcatggcaccaaggctgggtcag","",""
"GG04_001566016","no rank","Vertebrata",0.583732057416268,"","","","","","","","","NC_023960","[]",7742,0,0,0,0,0,0,0,0,18,0,0,0,0,0,0,0,0,0,0,0,0,0,0,0,0,0,0,0,0,0,0,0,0,0,0,0,0,0,0,0,0,0,0,0,0,0,0,0,188,16,18,"ctcttttcctataatttgaaataaccttttttcaatattcatatgaatgtcttcatactttctattatattcaaatttattttttaaaatttctttcccaatcttattaagtccaaaaattattttattcttgattttaaaagaaataattttttgtctaaataacatctcaacatgcacaattgatc","Candidatus Pelagibacter giovannonii","0.947"
"GG04_001085988","no rank","Vertebrata",0.543478260869565,"","","","","","","","","NC_031802","[]",7742,0,0,0,0,0,0,0,0,0,0,0,0,0,0,0,0,0,0,0,0,0,0,0,0,0,0,0,0,0,19,0,0,0,0,0,0,0,0,0,0,0,0,0,0,0,0,0,0,145,16,19,"ttggatgccaaagcacatcatattatgtatccgaccaggtttcctacgtttaatagggccctattggatttattagggccctattgaaacctttgggaatttcggaaaatccaatagggccaaacttgtgagaacaaaggcgagt","",""
"GG04_000452524","no rank","Vertebrata",0.576086956521739,"","","","","","","","","AP012246","[]",7742,0,0,0,0,0,0,0,0,0,0,0,0,0,0,0,0,0,0,24,0,0,0,0,0,0,0,0,0,0,0,0,0,0,0,0,0,0,0,0,0,0,0,0,0,0,0,0,0,154,16,24,"caaccagacagccacccggccccccaaccggctgctaatgcggcattaaccagcccaagacagaccgcgccggccgaatacgtctgctcaatcgcgggaatccgcgcggtagagcggcgtatttcgaccactgcgaccgcaagattgccaagat","",""
"GG04_001568887","no rank","Vertebrata",0.584615384615385,"","","","","","","","","NC_018367","[]",7742,0,0,0,0,0,0,0,0,29,0,0,0,0,0,0,0,0,0,0,0,0,0,0,0,0,0,0,0,0,0,0,0,0,0,0,0,0,0,0,0,0,0,0,0,0,0,0,0,168,18,29,"cgatgtaaagaaccctacggctttattgtttaaagatacaatgcaaagtttattaaaagccaaaagtaaaaataacctaaatgaaagaatgacaagtatactcgaggttaatattgaaaaacaaatttcaaaaatagacaaaggttttacttttttagcaacagttgg","Candidatus Pelagibacter giovannonii","0.968"
"GG04_001570328","no rank","Vertebrata",0.572972972972973,"","","","","","","","","NC_019800","[]",7742,0,0,0,0,0,0,0,0,30,0,0,0,0,0,0,0,0,0,0,0,0,0,0,0,0,0,0,0,0,0,0,0,0,0,0,0,0,0,0,0,0,0,0,0,0,0,0,0,153,22,30,"atcaactgacatatcaattacagatcttccagggatattataaattataattggtatgtcagttgatacaatggctaggttatttgaattgaaaaatattgttggtgttaaagatgccactggtgatttagatagagtaaatcagcaaaaaga","Candidatus Pelagibacter ubique HTCC1062","0.934"
"GG04_001128920","no rank","Vertebrata",0.548717948717949,"","","","","","","","","NC_011380","[]",7742,0,0,0,0,36,0,0,0,0,0,0,0,0,0,0,0,0,0,0,0,0,0,0,0,0,0,0,0,0,0,0,0,0,0,0,0,0,0,0,0,0,0,0,0,0,0,0,0,160,24,36,"gccaccacagtggaacgggggggacaccttctgggggagcgatcccttggcagcaggacttcctgacgagtcgagaggtccatgctgggctgcgtgagcagtacagcatggacaggatagaagagttgtgtgacaggccagggccagcattcgcatgtgt","",""
"GG04_000804192","no rank","Vertebrata",0.563829787234043,"","","","","","","","","NC_022139","[]",7742,0,0,0,0,0,0,0,0,0,0,0,0,0,0,40,0,0,0,0,0,0,0,0,0,0,0,0,0,0,0,0,0,0,0,0,0,0,0,0,0,0,0,0,0,0,0,0,0,154,14,40,"gatggcagcagcagcagcagcggcggcggcggcggtggcggtgctccaagttggacgcctgatgataccattgctgtgcctgtgtttaaccacccgttaatgacggcgacgcagcaagtgacttaccacgcggggttgaaacggtacttgatgg","",""
"GG04_001566616","no rank","Vertebrata",0.566502463054187,"","","","","","","","","NC_009858","[]",7742,0,0,0,0,0,0,0,0,40,0,0,0,0,0,0,0,0,0,0,0,0,0,0,0,0,0,0,0,0,0,0,0,0,0,0,0,0,0,0,0,0,0,0,0,0,0,0,0,179,22,40,"cactgactctgaaaacacctaccgcaaagaactgtttgaactgggctccctggttaatggcaatcgcgccagaagccatgctcatcgcagccagattattgataacgtcaccaaaggtttaagtagcttactgaccgcttttagtcgcaatcgtaatttgatgagtgagtcgacaaccg","",""
"GG04_001569288","no rank","Vertebrata",0.582938388625592,"","","","","","","","","NC_012461","[]",7742,0,0,0,0,0,0,0,0,47,0,0,0,0,0,0,0,0,0,0,0,0,0,0,0,0,0,0,0,0,0,0,0,0,0,0,0,0,0,0,0,0,0,0,0,0,0,0,0,187,40,47,"cataaataatcaaaacaattccaatcaatataatcatgagcttccagaactgacgtatatatagtgccaacctagttggtaacttttcataaattaagttcaaggcaatatgttcattatcccttgcggttaatgatagcgctataaacattaaccaaatattacttaaaacagttagcaaatcacc","",""
"GG04_001666488","no rank","Vertebrata",0.557894736842105,"","","","","","","","","KU159666","[]",7742,0,0,0,0,0,72,0,0,0,0,0,0,0,0,0,0,0,0,0,0,0,0,0,0,0,0,0,0,0,0,0,0,0,0,0,0,0,0,0,0,0,0,0,0,0,0,0,0,154,39,72,"gctaccgtgcctgaggaactcaaaacggtggacaggttatgcctgtagaaatagtcgacctcggcggctgcggtgagtcgcaacggccagcgcagctgaatccctctgaggtactcctcatagttgagcagagctctgctctgacgctcgctgc","",""
"GG04_000832809","no rank","Vertebrata",0.550724637681159,"","","","","","","","","NC_006339","[]",7742,0,0,0,0,0,0,0,0,0,0,0,0,78,0,0,0,0,0,0,0,0,0,0,0,0,0,0,0,0,0,0,0,0,0,0,0,0,0,0,0,0,0,0,0,0,0,0,0,187,60,78,"taagtattttgatgaagatagtctttcgtctaactccttataaagtcttttagcaattttaaaaaatttttcttctccaaattgacttttaccaggattataatgatggaactggtggtgttgcccaagcatcggtccaatggttcccatctgtgccattaaccattgatttataacaatacgatct","",""
"GG04_001880252","no rank","Vertebrata",0.55050505050505,"","","","","","","","","NC_007599","[]",7742,0,0,0,0,0,0,0,0,0,0,0,0,0,0,0,0,0,0,0,0,0,0,0,0,0,0,0,0,0,0,0,0,0,0,0,0,0,0,0,0,0,0,83,0,0,0,0,0,148,37,83,"ccgtcctccctcccaagggtcagaaagcccagcgcgccgaccttgccgatcatcagcactgaggtgaagcccgaggcgaggctgagggcgttgaaggcgccgccggcccaccacagccagaccacgaggaagagctgcagggaagctt","",""
"GG04_001566732","no rank","Vertebrata",0.580952380952381,"","","","","","","","","NC_030271","[]",7742,0,0,0,0,0,0,0,0,84,0,0,0,0,0,0,0,0,0,0,0,0,0,0,0,0,0,0,0,0,0,0,0,0,0,0,0,0,0,0,0,0,0,0,0,0,0,0,0,186,73,84,"gagaatttaatactcaggtctttaaattgtttatttaccagttcaactattccagcttgtgcttgcatcaaaataaaaaatgatgacacaagtaaaccaacagctaattttcttaagaaaaataccataatgaaaaataactacataaaaatttaatttagtggtttttgagttggtgtaagtgct","Candidatus Pelagibacter giovannonii","0.94"
"GG04_001891575","no rank","Vertebrata",0.580310880829015,"","","","","","","","","DQ645678","[]",7742,0,0,0,0,0,0,0,0,0,0,0,0,0,0,0,0,0,0,0,0,0,0,0,0,0,0,0,0,0,0,0,0,0,0,0,0,0,150,0,0,0,0,0,0,0,0,0,0,155,50,150,"cttgctcggtgtgccagatcgtcgggcgtgttaggtctaggcgttgagcaagtgtgtgatgcatgaggcgtacctgtgttggccgtgtgcaggtcatgtaagaatcccgaaatcctgacagtgagttaaccaaaagttaacgtgagcaaaagcag","",""
"GG04_001891440","no rank","Vertebrata",0.53072625698324,"","","","","","","","","KR061357","[]",7742,0,0,0,0,0,0,0,0,0,0,0,0,0,0,0,0,0,0,0,0,0,0,0,0,0,0,0,0,0,0,0,0,0,0,0,0,0,157,0,0,0,0,0,0,0,0,0,0,143,42,157,"ttcccttccgccagtcggtggcgtcaccgacgccacgcctccagcaggcgtagtcggggagcccgccagacgtggcagacccagcgcttccgctagagcggcagcctgctgcggaagcgtcgagtccgtcgggggcacgatgc","",""
"GG04_000803886","no rank","Vertebrata",0.591623036649215,"","","","","","","","","HQ343002","[]",7742,0,0,0,0,0,0,0,0,0,0,0,0,0,0,170,0,0,0,0,0,0,0,0,0,0,0,0,0,0,0,0,0,0,0,0,0,0,0,0,0,0,0,0,0,0,0,0,0,158,96,170,"gttttatttctagaattaaagtggctcaatttggctatgggaaaactatttatatctcgcatccaaatggatttactactgtttatgcacacttaagcaagtatgcaaatcaaatagaagcgtatgtaaaatctattcagtacaaaaaagaaaagtat","",""
"GG04_000780097","no rank","Vertebrata",0.575,"","","","","","","","","NC_028177","[]",7742,0,0,0,0,0,0,0,0,0,0,1,2,0,0,0,0,0,0,0,0,0,1,0,0,0,0,0,0,0,0,0,0,0,0,0,0,0,282,0,0,0,0,0,0,0,0,0,0,155,92,286,"agacatcaaaattattcccggccacggcccaatggccaacattgcagacctaagtaagagcctagccactattaaggcaacacaaaaaatcattcagcaaggtgtaagcgccgggttgtctgaccgcaaaatagaagcaaagctcagcgactacg","",""
"GG04_000207476","no rank","Vertebrata",0.545454545454545,"","","","","","","","","KU159666","[]",7742,0,8,0,35,0,0,0,9,10,0,9,1,5,4,8,70,0,7,11,0,0,2,0,10,0,1,0,0,11,0,44,0,9,42,5,0,0,0,0,0,0,0,0,0,0,0,0,0,143,84,301,"ccagcgtgccgatcggccacaggcccgatgaaaaccatgtgtccaacacatcgggatctcgtgtcagctctacaccgaccccggcctgtgcctgcgcttcggcttcggatgcggcgcaatattgattgccgtcggcgtcaaac","uncultured marine bacterium 582","0.923"
"GG04_001566432","no rank","Vertebrata",0.565445026178011,"","","","","","","","","NC_011709","[]",7742,0,0,0,0,0,0,0,0,383,0,0,0,0,0,0,0,0,0,0,0,0,0,0,0,0,0,0,0,0,0,0,0,0,0,0,0,0,0,0,0,0,0,0,0,0,0,0,0,145,160,383,"gatcgtcgcggagcacacggatgtacgcggcgatcgaaccgatcgaatcgaatcccgcatgaatgatttagatcccgtaaccaaaaccaaaaccaaacatgcatgtgtcccacccacttataccggttaccggatcacgaagcgg","",""
"GG04_001041660","no rank","Vertebrata",0.565,"","","","","","","","","NC_002631","[]",7742,0,0,0,0,0,0,0,0,0,0,0,0,0,0,0,0,0,0,0,0,0,0,0,0,0,0,0,0,0,706,0,0,0,0,0,0,0,0,0,0,0,0,0,0,0,0,0,0,179,381,706,"caaaaaagaccctgtcaaaaaagaacctgtaaagaaaataccagttaagaaaataccagttaaggaaactcttgttgagaaagtcgagaacactgttttggaaaaaagtggaagtgttgagagtaaagaaccaaagcgaaagggttggtggtctactttttactaagtagaccaccaac","",""
"GG04_001024282","no rank","Percomorphaceae",0.878612716763006,"Opisthokonta","Metazoa","Chordata","Actinopterygii","","","","","AF488479","[]",1489872,0,0,0,0,0,3,0,0,0,0,0,0,0,0,0,0,0,0,0,0,0,0,0,0,0,0,0,0,0,2,0,0,5,0,2,0,0,0,0,0,0,0,0,0,0,0,0,2,168,14,14,"caccgcggttatacgagaggcccaaattgatgaaaaacggcgtaaagcgtggttaagaaaaaagagaaaatatggccgaacagcttcaaagcagttatacgcacccgaaagtatgaaacccaattacgaaagtagctctacctgtcctgaacccacgaagctaagaaa","Gadus morhua","0.929"
"GG04_000276062","infraclass","Teleostei",0.810344827586207,"Opisthokonta","Metazoa","Chordata","Actinopterygii","","","","","NC_026718","[]",32443,0,1,2,1,1,1,1,1,1,0,1,0,1,0,0,0,2,2,0,2,0,1,0,0,0,2,0,0,1,0,1,0,1,0,2,0,0,0,0,0,0,0,0,0,0,0,0,1,169,21,26,"caccgcggttagacgagagacccaagttgacatcaaacggcgtaaagagtggttaagaaccttccaaactaaagctaaaccccctcctggccgttatacgcatccgaaagggtgagacaccactacaaaagtagctttataattacctgactccacgacagttaagaaa","Maurolicus muelleri","1"
"GG04_000195142","subfamily","Clupeinae",0.937142857142857,"Opisthokonta","Metazoa","Chordata","Actinopterygii","Clupeiformes","Clupeidae","","","KC193687","[Sprattus sprattus| Clupea pallasii| Clupea harengus]",7948,0,1,0,1,0,2,0,0,0,0,0,0,0,0,0,0,0,1,1,1,0,0,0,0,1,0,0,0,0,0,1,0,2,0,0,0,0,0,0,0,0,0,0,0,0,0,0,1,171,12,12,"caccgcggttatacgagagaccctagttgatatgtcggtaagaagtgattgtgaatgaacaagcactaaagccaaaagagccctcaggccgttatacgcacccggggcctcgaaccactatcacgaaagtagctttaccctcgcccaccagaacccacgagagctgggaca","Clupea harengus","0.937"
"GG04_001339803","subfamily","Clupeinae",0.959537572254335,"Opisthokonta","Metazoa","Chordata","Actinopterygii","Clupeiformes","Clupeidae","","","NC_009578","[Sprattus sprattus| Clupea pallasii| Clupea harengus]",7948,0,0,0,0,0,0,0,0,0,0,0,0,0,0,0,0,0,0,0,0,0,3,0,0,0,8,0,0,0,0,0,0,1,0,0,0,0,0,0,0,0,0,0,0,0,0,0,0,171,12,12,"accgcggctatacgagagacccaagttgataccacccggcgtaaagagtggttatggaaacaagcactaaagccaaagagccctcaggccgttatacgcacccggggcctcgaaccactatcacgaaagtagctttaccctcgcccaccagaacccacgagagctgggaca","Clupea harengus","0.959"
"GG04_000229778","subfamily","Clupeinae",0.971264367816092,"Opisthokonta","Metazoa","Chordata","Actinopterygii","Clupeiformes","Clupeidae","","","KC193777","[Sprattus sprattus| Clupea pallasii| Clupea harengus]",7948,0,2,0,0,2,2,0,4,1,0,1,0,0,0,1,0,1,4,1,0,0,1,0,0,1,1,1,0,0,7,3,0,3,2,0,0,0,0,0,0,0,0,0,0,0,0,0,1,171,5,39,"caccgcggttatacgagagaccctagttgatatattcggcgtaaagagtggttatggaaaacaagcactaaagccaaagagccctcaggccgttatacgcacccggggcctcgaaccactatcacgaaagtagctttccctgccccacagcaacccacgagagctgggaca","Clupea harengus","0.971"
"GG04_000379757","subfamily","Clupeinae",0.970930232558139,"Opisthokonta","Metazoa","Chordata","Actinopterygii","Clupeiformes","Clupeidae","","","KC193687","[Sprattus sprattus| Clupea pallasii| Clupea harengus]",7948,0,14,0,2,3,3,0,0,1,0,0,0,0,0,0,0,5,0,0,2,0,0,0,0,6,1,1,0,0,6,2,1,11,1,1,0,0,0,0,0,0,0,0,0,0,0,0,9,169,14,69,"caccgcggttatacgagagaccctagttgatatattcggcgtaaaggtgtgtgaagaacaagcactaaagccaaagagccctcaggccgttatacgcacccggggcctcgaaccactatcacgaaagtagctttaccctcgcccaccagaacccacgagagctgggaca","Clupea harengus","0.971"
"GG04_000828267","subfamily","Clupeinae",0.953757225433526,"Opisthokonta","Metazoa","Chordata","Actinopterygii","Clupeiformes","Clupeidae","","","KC193758","[Sprattus sprattus| Clupea pallasii| Clupea harengus]",7948,0,0,0,0,0,3,0,0,0,0,0,0,0,0,0,1,0,0,0,0,0,1,0,0,0,0,0,0,0,2,0,0,20,0,6,0,0,0,0,0,0,0,0,0,0,0,0,40,171,73,73,"caccgcggttatacgagaggcccaaattgatgaaaacggcgtaaagagtggttatggaaacaagcactaaagccaaagagccctcaggccgttatacgcacccggggcctcgaaccactattacgaaagtagctttaccctcgcccaccagaacccacgagagctgggaca","Clupea harengus","0.953"
"GG04_000098271","subfamily","Clupeinae",0.942857142857143,"Opisthokonta","Metazoa","Chordata","Actinopterygii","Clupeiformes","Clupeidae","","","KC193734","[Sprattus muelleri| Sprattus sprattus| Clupea pallasii| Clupea harengus]",7948,0,0,0,0,8,12,0,0,0,0,0,0,0,0,0,0,4,4,0,0,0,0,0,0,16,6,0,0,0,1,0,0,35,0,1,0,0,0,0,0,0,0,0,0,0,0,0,0,174,87,87,"caccgcggttatacgagaggcccaagttgacaaacaacggcgtaaagagtggttagggaaacaagcactaaagccaaagagccctcaggccgttatacgcacccggggcctcggaaccactatcacgaaagtagctttaccctcgcccaccagaacccacgagcagctgggaca","Clupea harengus","0.943"
"GG04_000050284","subfamily","Clupeinae",0.96551724137931,"Opisthokonta","Metazoa","Chordata","Actinopterygii","Clupeiformes","Clupeidae","","","KC193777","[Sprattus sprattus| Clupea pallasii| Clupea harengus]",7948,0,15,2,8,19,14,0,5,18,0,17,6,1,0,5,0,21,13,13,14,0,8,0,4,24,18,3,0,0,30,12,3,39,20,5,0,0,0,0,0,0,0,0,0,0,0,0,5,170,7,342,"caccgcggttatacgagagaccctagttgatatattcggcgtaaagagtggttatggaaaacaagcactaaagccaaagagccctcaggccgttatacgcacccggggcctcgaaccactatcacgaaagtagctttccctgccccacagaacccagagcagctgggaca","Clupea harengus","0.965"
"GG04_000000412","species","Clupea harengus",1,"Opisthokonta","Metazoa","Chordata","Actinopterygii","Clupeiformes","Clupeidae","Clupea","Clupea harengus","KC193777","[Clupea harengus]",7950,1,73288,14469,14541,100487,48732,33452,19797,26106,0,33777,18571,6260,0,15142,17555,56494,78146,23212,49160,0,20214,1,9081,76925,57602,32930,12,1,72631,39775,12047,105799,75763,22202,0,1,0,1,0,0,0,0,2,0,0,0,31607,172,237356,1185784,"caccgcggttatacgagagaccctagttgatatattcggcgtaaagagtggttatggaaaacaagcactaaagccaaagagccctcaggccgttatacgcacccggggcctcgaaccactatcacgaaagtagctttaccctcgcccaccagaacccacgagagctgggaca","Clupea harengus","1"
"GG04_000139732","suborder","Gadoidei",0.880681818181818,"Opisthokonta","Metazoa","Chordata","Actinopterygii","Gadiformes","","","","DQ356935","[Boreogadus saida| Arctogadus glacialis| Molva molva| Trisopterus luscus| Pollachius pollachius| Gadus macrocephalus| Gadus morhua| Trisopterus minutus| Gadus ogac| Gadus chalcogrammus| Melanogrammus aeglefinus| Merlangius merlangus| Microgadus proximus| Lota lota]",1489845,0,0,1,0,0,1,0,1,0,0,1,1,0,0,0,0,1,0,0,0,0,4,0,0,0,0,0,0,0,0,0,0,0,0,2,0,0,0,0,0,0,0,0,0,0,0,0,2,164,14,14,"caccgcggttatacgagaggccaatagtatgaaaaacggcgtaaagcgtggttaagaaaaagaagaaagaatgcggaccacattcaaagcagttatacgcatccgaagtcacgaagaacaatcacgaaagttgccctaaaactccactcatcaagaccataaaa","Arctogadus glacialis","0.907"
"GG04_000282382","suborder","Gadoidei",0.884393063583815,"Opisthokonta","Metazoa","Chordata","Actinopterygii","Gadiformes","","","","KC844053","[]",1489845,0,0,1,0,0,1,0,0,0,0,0,0,0,0,0,0,0,3,0,0,0,0,0,0,0,3,4,0,0,0,0,0,0,0,1,0,0,0,0,0,0,0,0,1,0,0,0,1,170,13,15,"caccgcggttatacgagaggcccaagttgatgaaatgcggcgtaaagagtggttaagaaaattaaagaataaggccgaacaacctcaaagcagttatacgcatccgaggccacgaagtacaattacgaaagtagccctaatgaaaatctgactccacgaaagccataaaa","Ciliata mustela","1"
"GG04_000764492","suborder","Gadoidei",0.913793103448276,"Opisthokonta","Metazoa","Chordata","Actinopterygii","Gadiformes","","","","KC844053","[Boreogadus saida| Brosme brosme| Arctogadus glacialis| Molva molva| Microgadus proximus| Gadus chalcogrammus| Lota lota]",1489845,0,0,0,0,0,0,0,0,0,0,0,13,0,0,0,0,0,0,0,0,0,0,0,0,0,0,0,0,0,0,0,0,1,0,1,0,0,0,0,0,0,0,0,0,0,0,0,0,170,10,15,"caccgcggttatacgagaggcccaagttgatgaaaaacggcgtaaagcgtggttaagaaaatgatacaaatagggccgaatagcctcaaagcagttatacgcactcgaggccacgaagcacagtcacgaaagtggccctactaaaatttgatcccacgaaaaccataaaa","Raniceps raninus","1"
"GG04_001321496","suborder","Gadoidei",0.895348837209302,"Opisthokonta","Metazoa","Chordata","Actinopterygii","Gadiformes","","","","AB182307","[Boreogadus saida| Microgadus proximus| Arctogadus glacialis| Pollachius pollachius| Gadus macrocephalus| Gadus morhua| Gadus ogac| Gadus chalcogrammus| Melanogrammus aeglefinus| Merlangius merlangus| Lota lota]",1489845,0,0,0,0,0,0,0,0,0,0,0,0,0,0,0,0,0,0,0,0,0,1,0,0,0,1,0,0,0,0,0,0,7,0,13,0,0,0,0,0,0,0,0,0,0,0,0,0,167,22,22,"caccgcggttatacgagagacccaagttgataccacccggcgtaaagagtggttatggaaataaagactaaagccgcacaccttcaaagcagttatacgcatccgaagtcacgaagaacaatcacgaaagttgccctaaaacctccgattccacgaaagccataaaa","",""
"GG04_000036764","suborder","Gadoidei",0.88953488372093,"Opisthokonta","Metazoa","Chordata","Actinopterygii","Gadiformes","","","","NC_010121","[Boreogadus saida| Arctogadus glacialis| Trisopterus luscus| Pollachius pollachius| Gadus macrocephalus| Gadus morhua| Trisopterus minutus| Gadus ogac| Gadus chalcogrammus| Melanogrammus aeglefinus| Merlangius merlangus| Microgadus proximus| Lota lota]",1489845,0,0,2,0,0,2,0,0,0,0,0,0,3,0,0,0,3,0,1,0,0,2,0,0,0,1,1,0,0,0,0,0,1,1,2,0,0,0,0,0,0,0,0,0,0,0,0,8,168,19,27,"caccgcggttatacgagagacccaaattgataaaaaacggcgtaaagcgtggttaagaagataaaaatatacggtcaaacagcctcaaagcagttatacgcactcgaggtcacgaagaacaattacgaaagtatccctaaaacctctgactccacgaaaaccacaaaa","Gadiculus argenteus","1"
"GG04_000877376","suborder","Gadoidei",0.870056497175141,"Opisthokonta","Metazoa","Chordata","Actinopterygii","Gadiformes","","","","EU877741","[Lota lota| Boreogadus saida| Arctogadus glacialis| Molva molva| Trisopterus luscus| Pollachius pollachius| Gadus macrocephalus| Microgadus proximus| Trisopterus minutus| Gadus ogac| Gadus chalcogrammus| Melanogrammus aeglefinus| Merlangius merlangus| Gadus morhua]",1489845,0,0,0,0,0,6,0,0,0,0,0,0,0,0,0,0,0,0,0,0,0,0,0,0,0,0,0,0,0,1,0,0,10,0,7,0,0,0,0,0,0,0,0,0,0,0,0,8,168,32,32,"caccgcggttatacgagaggcccaagttgacaaacaacggcgtaaagagtggttagggggtttactaaactgagccgaacgctttcaaagcagttatacgcatccgaagtcacgaagaacaatcacgaaagttgccctaaaacctccgattccacgaaagccataaaa","Hippoglossoides platessoides","0.908"
"GG04_000023243","suborder","Gadoidei",0.902298850574713,"Opisthokonta","Metazoa","Chordata","Actinopterygii","Gadiformes","","","","DQ020497","[Boreogadus saida| Microgadus proximus| Arctogadus glacialis| Pollachius pollachius| Gadus macrocephalus| Gadus morhua| Gadus ogac| Gadus chalcogrammus| Melanogrammus aeglefinus| Merlangius merlangus| Lota lota]",1489845,0,0,0,0,0,1,0,0,0,0,0,0,0,0,0,0,40,0,0,0,0,0,0,0,0,0,0,0,0,12,0,0,1,0,0,0,0,0,0,0,0,0,0,0,0,0,0,4,163,58,58,"accgcggttatacgagaggccatatatgaaaaacggcgtaaagcgtggttaagaaaatacagagaaaatatggccgaacaacttcaaagcagttatacgcatccgaagtcacgaagaacaatcacgaaagttgcctaaacgctcatcatcaagaaccataaaa","Melanogrammus aeglefinus | Merlangius merlangus","0.958 | 0.958"
"GG04_000005442","suborder","Gadoidei",0.908571428571429,"Opisthokonta","Metazoa","Chordata","Actinopterygii","Gadiformes","","","","AB182305","[Boreogadus saida| Microgadus proximus| Arctogadus glacialis| Pollachius pollachius| Gadus macrocephalus| Gadus morhua| Gadus ogac| Gadus chalcogrammus| Melanogrammus aeglefinus| Merlangius merlangus| Lota lota]",1489845,2,0,26,0,0,74,1,9,0,0,0,1,1,0,0,0,23,0,0,0,0,1,0,0,3,3,2,0,0,12,4,0,24,0,35,0,0,0,0,0,0,0,0,0,0,0,0,45,169,110,266,"caccgcggttatacgagaggcctataatgatgaaaaacggcgtaaagcgtggttaagaaaaacagaagaaatgctggaccgaacagcttcaaagcagttatacgcatccgaagtcacgaagaacaatcacgaaagttgcctaaaacctctgtcatcaagaaccataaaa","Arctogadus glacialis","0.933"
"GG04_000974293","suborder","Gadoidei",0.896551724137931,"Opisthokonta","Metazoa","Chordata","Actinopterygii","Gadiformes","","","","DQ356935","[Boreogadus saida| Microgadus proximus| Arctogadus glacialis| Pollachius pollachius| Gadus macrocephalus| Gadus morhua| Trisopterus minutus| Gadus ogac| Gadus chalcogrammus| Melanogrammus aeglefinus| Merlangius merlangus| Lota lota]",1489845,3,0,45,1,12,61,2,39,0,0,22,4,5,0,0,4,16,0,0,3,0,191,0,5,3,11,11,2,0,28,0,0,62,42,87,0,0,4,0,0,0,0,0,0,0,0,2,95,165,758,760,"caccgcggttatacgagaggccataatgatgaaaaacggcgtaaagcgtggttaagaaaaatagaagaatgcgaccgaacattcaaagcagttatacgcatccgaagtcacgaagaacaatcacgaaagttgccctaaaactcacgtcatcaacgaaccataaaa","",""
"GG04_000000391","suborder","Gadoidei",0.86046511627907,"Opisthokonta","Metazoa","Chordata","Actinopterygii","Gadiformes","","","","KP644346","[]",1489845,1,0,0,0,0,1,0,0,0,0,1,0,0,0,0,0,24146,0,0,0,0,1,0,0,0,1,0,0,0,42718,0,0,0,0,1,0,0,0,0,0,0,0,0,0,0,0,0,0,170,13894,66870,"caccgcggttatacgagaggcccaagttgattaaatgcggcgtaaagagtggttatgaaaattaaacaataaggtcgaatatcctcagagcagttatacgcatccgaggtcacgaagcacagtcacgaaagtagccctactataattctgaccccacgaaaaccatagaa","Enchelyopus cimbrius","1"
"GG04_000950510","suborder","Gadoidei",0.88953488372093,"Opisthokonta","Metazoa","Chordata","Actinopterygii","Gadiformes","","","","KC844053","[]",1489845,0,0,1,0,1,3,0,1,0,0,248,0,0,0,0,0,5,1,0,0,0,0,0,0,10470,51876,12540,1,0,1,0,0,7,0,3,0,0,0,0,0,0,0,0,0,0,0,0,3,170,20566,75161,"caccgcggttatacgagaggcccaagttgatgaaacgcggcgtaaagagtggttaagaaaactaaaaaataaggccgaacaacctcagagcagttatacgcatccgaggccacgaagtacaattacgaaagtagccctaataaaaatctgactccacgaaaaccataaaa","Ciliata septentrionalis","1"
"GG04_001270797","family","Gadidae",0.953216374269006,"Opisthokonta","Metazoa","Chordata","Actinopterygii","Gadiformes","Gadidae","","","DQ356935","[Boreogadus saida| Microgadus proximus| Arctogadus glacialis| Pollachius pollachius| Gadus macrocephalus| Gadus morhua| Gadus ogac| Gadus chalcogrammus| Melanogrammus aeglefinus| Merlangius merlangus]",8045,0,0,0,0,0,0,0,0,0,0,0,0,0,0,0,0,0,0,0,0,0,0,0,0,0,0,0,0,0,0,0,0,11,0,0,0,0,0,0,0,0,0,0,0,0,0,0,0,168,11,11,"caccgcggttatacgagagacccaaattgataaaaacggcgtaaagcgtggttaagagacaaaaaaaatacggccgaacagattcaaagcagttatacgcatccgaagtcacgaagaacaatcacgaaagttgccctaaaacctccgattccacgaaaagccataaaa","Arctogadus glacialis","0.953"
"GG04_001600369","family","Gadidae",0.95906432748538,"Opisthokonta","Metazoa","Chordata","Actinopterygii","Gadiformes","Gadidae","","","DQ356941","[Boreogadus saida| Arctogadus glacialis| Pollachius pollachius| Gadus macrocephalus| Gadus morhua| Gadus ogac| Gadus chalcogrammus| Melanogrammus aeglefinus| Merlangius merlangus]",8045,0,0,0,0,0,0,0,0,0,0,0,0,0,0,0,0,0,0,0,0,0,0,0,0,0,0,0,0,0,0,0,0,0,0,11,0,0,0,0,0,0,0,0,0,0,0,0,0,169,11,11,"caccgcggttatacgagaggcccaaattgatgaaaaacggcgtaaagcgtggttaaggaaataaaaagaatagggccgaacaacctcaaagcagttatacgcatccgaagtcacgaagaacaatcacgaaagttgccctaaaacctccgattccacgaaagccataaaa","Gadus morhua","0.959"
"GG04_000984075","family","Gadidae",0.941520467836257,"Opisthokonta","Metazoa","Chordata","Actinopterygii","Gadiformes","Gadidae","","","AB182307","[Boreogadus saida| Microgadus proximus| Arctogadus glacialis| Pollachius pollachius| Gadus macrocephalus| Gadus morhua| Gadus ogac| Gadus chalcogrammus| Melanogrammus aeglefinus| Merlangius merlangus]",8045,0,0,0,0,0,3,1,0,0,0,0,0,0,0,0,0,0,0,0,0,0,0,0,0,0,0,0,0,0,0,0,0,5,0,0,0,0,0,0,0,0,0,0,0,0,0,0,3,168,12,12,"caccgcggttatacgagagaccctagttgatatattcggcgtaaagagtggttagaaaaaagagaaaatatggccgaacagcttcaaagcagttatacgcatccgaagtcacgaagaacaatcacgaaagttgccctaaaacctccgattccactgaaagccataaaa","Gadus morhua","0.941"
"GG04_001268456","family","Gadidae",0.930232558139535,"Opisthokonta","Metazoa","Chordata","Actinopterygii","Gadiformes","Gadidae","","","AB182305","[Boreogadus saida| Microgadus proximus| Arctogadus glacialis| Pollachius pollachius| Gadus macrocephalus| Gadus morhua| Gadus ogac| Gadus chalcogrammus| Melanogrammus aeglefinus| Merlangius merlangus]",8045,0,0,0,0,0,0,0,0,0,0,0,0,0,0,0,0,0,0,0,0,0,0,0,0,0,0,0,0,0,0,0,0,14,0,0,0,0,0,0,0,0,0,0,0,0,0,0,0,170,14,14,"caccgcggttatacgagaggcccaaattgatgaaaaacggcgtaaagcgtggttaagaaaaaagagaaaatatggccgaacggcttcaaagcagttatacgcattcgaaacaacgaagatcaagcacgcaagttgccctaaaaaactctgaccccacgaaagccataaaa","Gadus morhua",""
"GG04_000031601","family","Gadidae",0.947058823529412,"Opisthokonta","Metazoa","Chordata","Actinopterygii","Gadiformes","Gadidae","","","DQ356942","[Melanogrammus aeglefinus| Merlangius merlangus]",8045,0,2,0,0,0,6,0,1,0,0,0,0,0,0,0,0,5,0,0,0,0,0,0,0,0,0,0,0,0,1,1,0,0,0,0,0,0,0,0,0,0,0,0,0,0,0,0,1,165,4,17,"caccgcggttatacgagaggctcaaattgatgaaagacgagaagcgtgataaagaacaagagaaaatatggccgaacagcttcaaagcagttatacgcatccgaagtcacgaagaacaatcacgaaagttgccttaaaacctctgattccacgaaagccataaaa","Melanogrammus aeglefinus | Merlangius merlangus","0.947 | 0.947"
"GG04_000127780","family","Gadidae",0.937142857142857,"Opisthokonta","Metazoa","Chordata","Actinopterygii","Gadiformes","Gadidae","","","DQ020497","[Boreogadus saida| Microgadus proximus| Arctogadus glacialis| Pollachius pollachius| Gadus macrocephalus| Gadus morhua| Gadus ogac| Gadus chalcogrammus| Melanogrammus aeglefinus| Merlangius merlangus]",8045,0,0,0,0,0,4,0,0,0,0,1,0,0,0,0,0,1,0,0,0,0,0,0,1,0,0,0,0,0,0,3,0,2,0,4,0,0,0,0,0,0,0,0,0,0,0,0,1,171,16,17,"caccgcggttatacgagaggcctataatatgaaaaacggcgtaaagcgtggttaagaaaatacagaggaaaatatggccgaacaacttcaaagcagttatacgcatccgaagtcacgaagaacaatcacgaaagttgcctaaaactctcgattccacgaaaagccataaaa","Gadus morhua","0.937"
"GG04_000572961","family","Gadidae",0.926136363636364,"Opisthokonta","Metazoa","Chordata","Actinopterygii","Gadiformes","Gadidae","","","AB182305","[Boreogadus saida| Microgadus proximus| Arctogadus glacialis| Pollachius pollachius| Gadus macrocephalus| Gadus morhua| Gadus ogac| Gadus chalcogrammus| Melanogrammus aeglefinus| Merlangius merlangus]",8045,0,0,5,0,0,1,0,0,0,0,0,0,0,0,0,0,0,0,0,0,0,0,0,0,0,0,0,0,0,0,0,0,3,0,2,0,0,0,0,0,0,0,0,0,0,0,0,6,172,17,17,"caccgcggttatacgagaggcccaaattgatgaaaaacggcgtaaagcgtggttaagaaaaaaagagaaaatatggccgaacagcttcaaagcagttatacgcatccgaagtcacgaagaacagatcaactgaacttgaaccctaaacctcgtcatcaacgaagccataaaa","Gadus morhua",""
"GG04_000014171","family","Gadidae",0.948275862068966,"Opisthokonta","Metazoa","Chordata","Actinopterygii","Gadiformes","Gadidae","","","DQ356942","[Melanogrammus aeglefinus| Merlangius merlangus]",8045,0,1,1,0,0,7,0,0,0,0,0,2,0,0,0,0,5,0,0,0,0,0,0,0,0,0,0,0,0,2,0,0,0,0,1,0,0,0,0,0,0,0,0,0,0,0,0,0,170,19,19,"caccgcggttatacgagaggctcaaattgatgaaaaacggcgtaaagcgtggttaagaaaacaagagaaaatatggccgaacagcttcaaagcagttatacgcatccgaagtcacgaagaacaatacgaaagtgaccttaaacctactgatcactcgaaagaccataaaa","Melanogrammus aeglefinus | Merlangius merlangus","0.948 | 0.948"
"GG04_000059359","family","Gadidae",0.964912280701754,"Opisthokonta","Metazoa","Chordata","Actinopterygii","Gadiformes","Gadidae","","","DQ356942","[Melanogrammus aeglefinus| Merlangius merlangus]",8045,0,0,0,0,0,7,0,0,0,0,0,0,0,0,0,0,5,0,0,0,0,0,0,0,0,3,0,0,0,2,2,0,0,0,0,0,0,0,0,0,0,0,0,0,0,0,0,0,166,5,19,"caccgcggttatacgagaggctcaaattgatgaaaaacggcgtaaagcgtggttaagaaaacaaggaaataatgcgacagcttcaaagcagttatacgcatccgaagtcacgaagaacaatcacgaaagttgccttaaaacctctgattccacgaaagccataaaa","Melanogrammus aeglefinus | Merlangius merlangus","0.965 | 0.965"
"GG04_000534691","family","Gadidae",0.931034482758621,"Opisthokonta","Metazoa","Chordata","Actinopterygii","Gadiformes","Gadidae","","","EU877741","[Boreogadus saida| Gadus morhua| Arctogadus glacialis| Pollachius pollachius| Gadus macrocephalus| Microgadus proximus| Gadus ogac| Gadus chalcogrammus| Melanogrammus aeglefinus| Merlangius merlangus]",8045,1,0,2,0,0,0,0,1,0,0,0,0,1,0,0,1,0,0,0,0,0,2,0,0,0,0,0,0,0,0,0,0,4,0,4,0,0,0,0,0,0,0,0,0,0,0,0,4,169,11,20,"caccgcggttatacgagaggcccaaattgatgaaaaacggcgtaagacgtggttgataaaaagaaagaaataatgcgaccaagcttcaaagcagttatacgcatccgaagtcacgaagaacaatcacgaaagttgccctaaaacctccgattccacgaaagccataaaa","Arctogadus glacialis","0.936"
"GG04_000518390","family","Gadidae",0.970760233918129,"Opisthokonta","Metazoa","Chordata","Actinopterygii","Gadiformes","Gadidae","","","EU877741","[Arctogadus glacialis| Gadus macrocephalus| Gadus morhua| Gadus ogac| Gadus chalcogrammus| Melanogrammus aeglefinus| Merlangius merlangus]",8045,0,0,6,0,0,0,0,1,0,0,0,0,0,0,0,0,0,0,0,0,0,0,0,0,1,0,0,0,0,1,0,0,4,0,5,0,0,0,0,0,0,0,0,0,0,0,0,7,169,1,25,"caccgcggttatacgagagcaacctaatgatgaaaaacggcgtaaagcgtggttaagaaaaaagagaaaatatggccgaacagcttcaaagcagttatacgcatccgaagtcacgaagaacaatcacgaaagttgccctaaaacctccgattccacgaaagccataaaa","Gadus morhua","0.971"
"GG04_000596822","family","Gadidae",0.937142857142857,"Opisthokonta","Metazoa","Chordata","Actinopterygii","Gadiformes","Gadidae","","","EU877741","[Boreogadus saida| Gadus morhua| Arctogadus glacialis| Pollachius pollachius| Gadus macrocephalus| Microgadus proximus| Gadus ogac| Gadus chalcogrammus| Melanogrammus aeglefinus| Merlangius merlangus]",8045,0,0,6,0,0,18,0,0,0,0,0,0,0,0,0,0,0,0,0,0,0,0,0,0,0,0,0,0,0,0,0,0,0,0,0,0,0,0,0,0,0,0,0,0,0,0,0,1,172,8,25,"caccgcggttatacgagaggcccaaattgatgaaaaacggcgtaaagctgatgataaaagaaaagaagaaatgctggaccgaacagcttcaaagcagttatacgcatccgaagtcacgaagaacaatcacgaaagttgccctaaaacctccgattccacgaaagccataaaa","Gadus morhua","0.942"
"GG04_000652452","family","Gadidae",0.936416184971098,"Opisthokonta","Metazoa","Chordata","Actinopterygii","Gadiformes","Gadidae","","","NC_004449","[Boreogadus saida| Microgadus proximus| Arctogadus glacialis| Pollachius pollachius| Gadus macrocephalus| Gadus morhua| Gadus ogac| Gadus chalcogrammus| Melanogrammus aeglefinus| Merlangius merlangus]",8045,0,0,5,0,0,11,0,0,0,0,0,0,0,0,0,0,0,0,0,1,0,0,0,0,0,0,0,0,0,0,0,0,3,0,2,0,0,0,0,0,0,0,0,0,0,0,0,3,170,11,25,"caccgcggttatacgagaggcccaaattgatgaaaaacggcgtaaagcgtgattgataaaagaaaagaagaaatgcggaccaagcttcaaagcagttatacgcatccgaagtcacgaagaacaatcacgaaagttgccctaaaacctccgattccacgaaagccataaaa","Arctogadus glacialis","0.936"
"GG04_000573109","family","Gadidae",0.935672514619883,"Opisthokonta","Metazoa","Chordata","Actinopterygii","Gadiformes","Gadidae","","","EU877741","[Boreogadus saida| Gadus morhua| Arctogadus glacialis| Pollachius pollachius| Gadus macrocephalus| Microgadus proximus| Gadus ogac| Gadus chalcogrammus| Melanogrammus aeglefinus| Merlangius merlangus]",8045,0,0,10,0,0,0,0,0,0,0,0,0,0,0,0,0,0,0,0,0,0,3,0,0,0,0,0,0,0,0,0,0,6,0,4,0,0,0,0,0,0,0,0,0,0,0,0,21,164,19,44,"caccgcggttatacgagaggcccaaattgatgaaaaacggcgtaaagcgtggttaagaaaaaagagaaaatatggccgaacagcttcaaagcagttatacgcatccgaagtcacgaagaacaacacaagtacctaacctaccgactctcacgaaagccataaaa","Gadus morhua","0.936"
"GG04_000543284","family","Gadidae",0.942528735632184,"Opisthokonta","Metazoa","Chordata","Actinopterygii","Gadiformes","Gadidae","","","EU877741","[Boreogadus saida| Gadus morhua| Arctogadus glacialis| Pollachius pollachius| Gadus macrocephalus| Microgadus proximus| Gadus ogac| Gadus chalcogrammus| Melanogrammus aeglefinus| Merlangius merlangus]",8045,0,0,1,0,0,15,0,1,0,0,0,0,0,0,0,0,4,0,0,0,0,0,0,0,0,0,0,0,0,2,0,1,7,0,14,0,0,0,0,0,0,0,0,0,0,0,0,9,171,7,54,"caccgcggttatacgagaggcctataatatgaaaaacggcgtaaagcgtggttaagaaaaacagaagaaatgctggaccgaacagcttcaaagcagttatacgcatccgaagtcacgaagaacaatcacgaaagttgccctaaaacctccgattccacgaaagccataaaa","Arctogadus glacialis","0.942"
"GG04_000610945","family","Gadidae",0.919540229885057,"Opisthokonta","Metazoa","Chordata","Actinopterygii","Gadiformes","Gadidae","","","EU877741","[Boreogadus saida| Gadus morhua| Arctogadus glacialis| Pollachius pollachius| Gadus macrocephalus| Microgadus proximus| Gadus ogac| Gadus chalcogrammus| Melanogrammus aeglefinus| Merlangius merlangus]",8045,0,0,32,0,0,2,0,0,0,0,0,0,0,0,0,0,1,0,0,1,0,0,0,0,0,0,0,0,0,0,0,0,10,0,4,0,0,0,0,0,0,0,0,0,0,0,0,40,167,39,90,"caccgcggttatacgagaggcccaaattgatgaaaaacggcgtaaagcgtggttaagaaaaaagagaaaatatggccgaacagcttcaaagcagttatacgcatccgaagtcacgaagaacaatcacgaagatgtctaaccctaacctctcatcaagaaccataaaa","Gadus morhua","1"
"GG04_000582738","family","Gadidae",0.923976608187134,"Opisthokonta","Metazoa","Chordata","Actinopterygii","Gadiformes","Gadidae","","","EU877741","[Boreogadus saida| Gadus morhua| Arctogadus glacialis| Pollachius pollachius| Gadus macrocephalus| Microgadus proximus| Gadus ogac| Gadus chalcogrammus| Melanogrammus aeglefinus| Merlangius merlangus]",8045,0,0,33,0,0,17,1,0,0,0,0,0,2,0,0,0,0,0,0,1,0,4,0,0,0,0,0,0,0,0,0,0,10,0,6,0,0,0,0,0,0,0,0,0,0,0,1,37,166,55,112,"caccgcggttatacgagaggcccaaattgatgaaagacgagaagcgtgataaagaaaagaagaaatgctggaccgaacagcttcaaagcagttatacgcatccgaagtcacgaagaacaatcacgaaagttgccctaaaacctccgattccacgaaagccataaaa","Gadus morhua","0.929"
"GG04_000044745","family","Gadidae",0.965317919075145,"Opisthokonta","Metazoa","Chordata","Actinopterygii","Gadiformes","Gadidae","","","DQ356945","[Arctogadus glacialis| Pollachius pollachius| Gadus ogac| Gadus chalcogrammus| Melanogrammus aeglefinus| Merlangius merlangus| Pollachius virens]",8045,0,2,0,0,0,31,0,4,0,0,1,14,0,0,0,0,12,0,0,0,0,6,0,0,8,6,4,0,0,19,2,0,0,3,11,0,0,0,0,0,0,0,0,0,0,0,0,1,171,3,124,"caccgcggttatacgagaggctcaaattgatgaaaaacggcgtaaagcgtggttaagaaaatacagaggaaaatatggccgaacaacttcaaagcagttatacgcatccgaagtcacgaagaacaatcacgaaagttgcctaaaactctcgattccacgaaagccataaaa","Pollachius virens","0.965"
"GG04_000030692","family","Gadidae",0.970930232558139,"Opisthokonta","Metazoa","Chordata","Actinopterygii","Gadiformes","Gadidae","","","DQ356942","[Melanogrammus aeglefinus| Merlangius merlangus]",8045,1,1,6,0,0,39,0,1,0,0,0,0,0,0,0,0,10,0,0,0,0,0,0,0,1,1,1,0,0,5,2,0,11,0,27,0,0,0,0,0,0,0,0,0,0,0,0,22,169,1,128,"caccgcggttatacgagaggcctataatatgaaaaacggcgtaaagcgtggttaagaaaacaagagaaaatatggccgaacagcttcaaagcagttatacgcatccgaagtcacgaagaacaatcacgaaagttgccttaaaacctctgattccacgaaagccataaaa","Melanogrammus aeglefinus | Merlangius merlangus","0.971 | 0.971"
"GG04_000054031","family","Gadidae",0.947368421052632,"Opisthokonta","Metazoa","Chordata","Actinopterygii","Gadiformes","Gadidae","","","EU877741","[Boreogadus saida| Gadus morhua| Arctogadus glacialis| Pollachius pollachius| Gadus macrocephalus| Microgadus proximus| Gadus ogac| Gadus chalcogrammus| Melanogrammus aeglefinus| Merlangius merlangus]",8045,1,0,18,0,0,4,0,2,0,0,0,0,2,0,0,1,4,0,0,2,0,2,0,0,1,0,0,0,0,0,0,1,6,0,3,0,0,0,0,0,0,0,0,0,0,0,0,82,167,6,129,"caccgcggttatacgagaggcccaaattgatgaaaaacggcgtaaagcgtggttaagaaaaaagagaaaatatggccgaacagcttcaaagcagttatacgcatccgaagtcacgaagaacaatcacgaaagttgccctaactaccgctcatcaacgaaccataaaa","Gadus morhua","1"
"GG04_000044355","family","Gadidae",0.965317919075145,"Opisthokonta","Metazoa","Chordata","Actinopterygii","Gadiformes","Gadidae","","","EU877741","[Boreogadus saida| Arctogadus glacialis| Pollachius pollachius| Gadus macrocephalus| Gadus morhua| Gadus ogac| Gadus chalcogrammus| Melanogrammus aeglefinus| Merlangius merlangus]",8045,1,0,28,0,0,7,0,1,0,0,0,0,0,0,0,0,2,0,0,1,0,1,0,0,0,0,0,0,0,1,0,0,8,0,14,0,0,1,0,0,0,0,0,0,0,0,2,77,172,4,144,"caccgcggttatacgagaggcccaaattgatgaaaaacggcgtaaagcgtggttaagaaaaagagaagaaatgctggaccgaacagcttcaaagcagttatacgcatccgaagtcacgaagaacaatcacgaaagttgccctaaaacctccgattccacgaaagccataaaa","Arctogadus glacialis","0.971"
"GG04_000056396","family","Gadidae",0.959302325581395,"Opisthokonta","Metazoa","Chordata","Actinopterygii","Gadiformes","Gadidae","","","DQ356942","[Melanogrammus aeglefinus| Merlangius merlangus]",8045,0,1,75,0,0,306,3,4,0,0,0,2,1,0,0,0,50,0,0,1,0,13,0,0,3,8,1,0,0,24,11,0,135,0,105,0,0,0,0,0,0,0,0,0,0,0,0,223,168,34,966,"caccgcggttatacgagaggctcaaattgatgaaaaacggcgtaaagcgtggttaagaaaacaagagaaaatatggccgaacagcttcaaagcagttatacgcatccgaagtcacgaagaacaatcacgaaagttgcctaaaacctctgtcatcaacgaaccataaaa","Melanogrammus aeglefinus | Merlangius merlangus","0.959 | 0.959"
"GG04_000000419","family","Gadidae",1,"Opisthokonta","Metazoa","Chordata","Actinopterygii","Gadiformes","Gadidae","","","DQ356942","[Melanogrammus aeglefinus| Merlangius merlangus]",8045,13,12272,5841,7,18,60495,8,12384,0,0,19,14877,21,1,0,4,78978,1,0,11,0,35,0,4,25845,34470,15351,8,0,56600,44975,2,13996,36,19901,0,2,5,0,0,0,0,2,3,0,1,8,14761,170,9,410955,"caccgcggttatacgagaggctcaaattgatgaaaaacggcgtaaagcgtggttaagaaaacaagagaaaatatggccgaacagcttcaaagcagttatacgcatccgaagtcacgaagaacaatcacgaaagttgccttaaaacctctgattccacgaaagccataaaa","Melanogrammus aeglefinus | Merlangius merlangus","1 | 1"
"GG04_000496188","genus","Gadus",0.903954802259887,"Opisthokonta","Metazoa","Chordata","Actinopterygii","Gadiformes","Gadidae","Gadus","","EU877741","[Gadus macrocephalus| Gadus morhua]",8048,0,0,0,0,0,2,0,0,0,0,0,0,0,0,0,0,1,0,0,0,0,0,0,0,1,1,1,0,0,2,4,1,1,0,1,0,0,0,0,0,0,0,0,0,0,0,0,0,175,13,15,"agccgcggtaatacggagggtccgagcgttaatcggaattactgggcgtaaagcgtggttaagaaaaaagagaaaatatggccgaacagcttcaaagcagttatacgcatccgaagtcacgaagaacaatcacgaaagttgccctaaaacctccgattccacgaaagccataaaa","Gadus morhua","1"
"GG04_000643766","genus","Gadus",0.958823529411765,"Opisthokonta","Metazoa","Chordata","Actinopterygii","Gadiformes","Gadidae","Gadus","","EU877741","[Gadus macrocephalus| Gadus morhua]",8048,0,0,1,0,0,12,0,0,0,0,0,0,0,0,0,0,1,0,0,0,0,0,0,0,0,0,0,0,0,0,0,0,1,0,0,0,0,0,0,0,0,0,0,0,0,0,0,2,166,3,17,"caccgcggttatacgagaggcccaaattgatgaaaaacggcgtaaagcgtggttaagaaaaaagagaaaatatggccgaacagcttcaaagcagttatacgcaccacgataagaagacaatcacgaaagttgccctaaaacctccgattccacgaaagccataaaa","Gadus morhua","0.959"
"GG04_000000389","genus","Gadus",1,"Opisthokonta","Metazoa","Chordata","Actinopterygii","Gadiformes","Gadidae","Gadus","","EU877741","[Gadus macrocephalus| Gadus morhua]",8048,63033,12031,672467,15476,12736,315653,26174,102831,40,1,21721,18048,51642,27,6,28784,170947,1257,4,39182,11,107938,7,9557,44547,65655,31268,10945,0,108109,62325,26337,457973,51639,254314,1,3,12595,1,0,5,4604,31,18548,3,10,44611,874168,169,716038,3737265,"caccgcggttatacgagaggcccaaattgatgaaaaacggcgtaaagcgtggttaagaaaaaagagaaaatatggccgaacagcttcaaagcagttatacgcatccgaagtcacgaagaacaatcacgaaagttgccctaaaacctccgattccacgaaagccataaaa","Gadus morhua","1"
"GG04_000048123","species","Micromesistius poutassou",1,"Opisthokonta","Metazoa","Chordata","Actinopterygii","Gadiformes","Gadidae","Micromesistius","Micromesistius poutassou","NC_015102","[Micromesistius poutassou]",81636,0,0,1,0,2,1,0,2,0,0,2,1,1,0,0,0,1,0,0,0,0,0,0,0,0,3,19297,0,0,2,0,0,2,1,0,0,0,0,0,0,0,0,0,0,0,0,0,4,170,1231,19320,"caccgcggttatacgagaggctcaaattgatgaaaaacggcgtaaagcgtggttaagaaaacaagagatatatggccgaacagcttcaaagcagttatacgcattcgaaaccacgaagaacacccacgaaagttgccctaaaaaactctgattccacgaaaaccatagaa","Micromesistius poutassou","1"
"GG04_000000535","species","Pollachius virens",1,"Opisthokonta","Metazoa","Chordata","Actinopterygii","Gadiformes","Gadidae","Pollachius","Pollachius virens","DQ356945","[Pollachius virens]",8060,12,7,109,2,24111,6025,3,14854,1,0,43617,9649,13,1,1,5,13929,0,0,11434,3,29985,0,15591,8132,22053,13933,5982,0,8124,27,1,3018,80487,7700,0,0,680,0,0,0,0,0,2,0,1,10,2655,170,200,322157,"caccgcggttatacgagaggctcaaattgatgaaaaacggcgtaaagcgtggttaagaaaataagaggaaatacggccgaacaacttcaaagcagttatacgcatccgaagtcacgaagaacaatcacgaaagttgccctaaaatctccgattccacgaaagccataaaa","Pollachius virens","1"
"GG04_000000520","species","Trisopterus luscus",0.958823529411765,"Opisthokonta","Metazoa","Chordata","Actinopterygii","Gadiformes","Gadidae","Trisopterus","Trisopterus luscus","KP644343","[Trisopterus luscus]",27722,0,0,4,0,0,4,0,1,0,0,2,2,3,32492,0,0,7799,0,0,2,0,1,0,0,3,3,2,0,0,0,0,0,2353,1,1,0,0,0,0,0,0,0,0,0,0,0,0,14,168,16175,42687,"caccgcggttatacgagagacccaaattgataaaaacggcgtaaagcgtggttaagaagacaaaaaaatacggccgaacagattcaaagcagttatacgcattcgaaacaacgaagatcaagcacgcaagttgccctaaaaaactctgaccccacgaaagccataaaa","Trisopterus esmarkii","1"
"GG04_000018545","species","Brosme brosme",0.982352941176471,"Opisthokonta","Metazoa","Chordata","Actinopterygii","Gadiformes","Lotidae","Brosme","Brosme brosme","LC091828","[Brosme brosme]",81638,4,4,32,0,1,21,4,7,0,0,1,1,5197,4,1,1,10,0,1,1,0,7,0,0,1,5,0,2,0,4,16,0,28,6,18311,0,0,1,0,0,0,0,0,0,0,0,2,43,170,8884,23716,"caccgcggttatacgagagacccaaattgatgaaaaacggcgtaaagcgtggttaagaaaataagaaaaatagggtcgaacagcctcaaagcagttatacgcattcgaggccacgaagcacagtcacgaaagtggccctactaacccctgattccacgaaagccatagaa","Brosme brosme","1"
"GG04_000830499","species","Molva molva",0.994186046511628,"Opisthokonta","Metazoa","Chordata","Actinopterygii","Gadiformes","Lotidae","Molva","Molva molva","KP644346","[Molva molva]",163112,0,0,0,0,0,0,0,0,0,0,0,0,7999,0,0,1,0,0,0,0,0,0,0,0,0,0,0,0,0,0,0,0,0,0,461,0,0,0,0,0,0,0,0,0,0,0,0,0,172,3912,8461,"caccgcggttatacgagagacccaagttgatgaaaaacggcgtaaagcgtggttaaggaaataaaaagaataggggccgaacaacctcaaagcagttatacgcattcgaggtcacgaagcacagtcacgaaagtggccctactaaatccctgattccacgaaagccataaaa","Molva molva","0.994"
"GG04_000024968","species","Mallotus villosus",0.994047619047619,"Opisthokonta","Metazoa","Chordata","Actinopterygii","Osmeriformes","Salangidae","Mallotus","Mallotus villosus","HM106491","[Mallotus villosus]",30960,4,4652,1649,30992,8814,57657,61,32900,8147,0,29577,41952,20667,8133,18046,4370,24,138963,41049,25830,2,6936,3,33141,1438,13296,4,21,10504,9,6,55,30423,108152,61912,0,3,1,0,0,1,0,7,2,40,0,16,13440,167,119656,752899,"caccgcggttatacgagtggcccaagttgaaagttaccggcgtaaagagtggttagggaaaaataaactaaagtcgaacaccccctaggctgttatacgcttctgggggaacgaagccccactacgaaggtggctttaatacacctgaacccacgacaactaagata","Mallotus villosus","0.994"
"GG04_000804478","suborder","Cottioidei",0.952662721893491,"Opisthokonta","Metazoa","Chordata","Actinopterygii","Perciformes","","","","KM057992","[]",8100,0,0,0,0,5,1,0,1,0,0,0,1,0,0,4,0,1,2,1,0,0,0,0,0,0,2,0,0,0,0,1,0,0,0,3,0,0,0,0,0,0,0,0,0,0,0,0,0,169,16,22,"caccgcggttatacgagaggcccaagttgacaaacaccggcgtaaagagtggttaagaaaaaactcatactaaagcccaacatcttcaaggctgttatacgcaaccgaagacaggaggttcaaccacgaaggtggctttatctgatctgaccccacgaaagctaaggaa","Triglops murrayi","1"
"GG04_000232215","genus","Anarhichas",0.970760233918129,"Opisthokonta","Metazoa","Chordata","Actinopterygii","Perciformes","Anarhichadidae","Anarhichas","","EF427918","[Anarhichas denticulatus| Anarhichas minor| Anarhichas lupus]",8203,0,0,3,0,0,0,0,0,0,0,0,0,1,0,0,0,0,2,0,0,0,0,0,0,2,1,0,0,0,0,0,0,3,0,0,0,0,0,0,0,0,0,0,0,0,0,2,0,168,3,14,"caccgcggttatacgagaggcccaagttgaaagaccccggcgtaaagcgtggttaagttaaaatttgtactaaagccgaacatcttcacggctgttatacgcacccgaagataagaagttcaaccacgaaggtagctttattaatactgaccaccgaaagctacggca","Anarhichas spp.  ||  Anarhichas denticulatus | Anarhichas lupus | Anarhichas minor","0.971 | 0.971 | 0.971"
"GG04_000597433","genus","Anarhichas",0.964912280701754,"Opisthokonta","Metazoa","Chordata","Actinopterygii","Perciformes","Anarhichadidae","Anarhichas","","EF427918","[Anarhichas denticulatus| Anarhichas minor| Anarhichas lupus]",8203,0,0,9,0,0,0,0,0,0,0,0,0,0,0,0,0,0,0,0,0,0,0,0,0,0,0,0,0,0,0,0,0,2,0,5,0,0,0,0,0,0,0,0,0,0,0,0,10,169,4,26,"caccgcggttatacgagaggcccaagttgaaagaccccggcgtaaagcgtggttaagttaaaatttgtactaaagccgaacatcttcacggctgttatacgcacccgaagataagaagttcaaccacgaaggtagctttatttaatctgaacccacgaaagccataaaa","Anarhichas spp.  ||  Anarhichas denticulatus | Anarhichas lupus | Anarhichas minor | Anarhichas orientalis","1 | 1 | 1 | 1"
"GG04_000581988","genus","Anarhichas",0.947368421052632,"Opisthokonta","Metazoa","Chordata","Actinopterygii","Perciformes","Anarhichadidae","Anarhichas","","EF427918","[Anarhichas denticulatus| Anarhichas minor| Anarhichas lupus]",8203,0,0,30,0,0,0,0,0,0,0,0,0,0,0,0,0,0,0,0,0,0,0,0,0,0,0,0,0,0,0,0,0,29,0,26,0,0,0,0,0,0,0,0,0,0,0,0,19,168,104,104,"caccgcggttatacgagaggcccaaattgatgaaaacggcgtaaagcgtggttaagttaaaatttgtactagagccgaacatcttcacggctgttatacgcacccgaagataagaagtccaaccacgaaggtagctttatttaatctgaacccacgaaagctacggca","Anarhichas spp.  ||  Anarhichas denticulatus | Anarhichas lupus | Anarhichas minor","0.953 | 0.953 | 0.953"
"GG04_000119580","genus","Anarhichas",1,"Opisthokonta","Metazoa","Chordata","Actinopterygii","Perciformes","Anarhichadidae","Anarhichas","","EF427918","[Anarhichas denticulatus| Anarhichas minor| Anarhichas lupus]",8203,1,1,58764,2,5173,13129,2,2,5,0,3,5,15272,4692,22748,7,2095,17403,7,0,0,5,3,1,39462,17733,1,33,0,3,3117,1,29136,0,26817,0,0,1,0,1,0,0,0,3,0,3,32355,15866,169,83325,303852,"caccgcggttatacgagaggcccaagttgaaagaccccggcgtaaagcgtggttaagttaaaatttgtactaaagccgaacatcttcacggctgttatacgcacccgaagataagaagttcaaccacgaaggtagctttatttaatctgaacccacgaaagctacggca","Anarhichas spp.  ||  Anarhichas denticulatus | Anarhichas lupus | Anarhichas minor","1 | 1 | 1"
"GG04_001408011","species","Icelus spatula",1,"Opisthokonta","Metazoa","Chordata","Actinopterygii","Perciformes","Cottidae","Icelus","Icelus spatula","NC_027587","[Icelus spatula]",980331,0,0,0,0,0,0,0,0,0,0,0,0,0,0,0,0,0,0,0,0,0,0,0,0,3,22823,0,0,0,0,0,0,1,0,0,0,0,0,0,0,0,0,0,0,0,0,0,0,168,5618,22827,"caccgcggttatacgagaggcccaagttgacaaacaccggcgtaaagagtggttaagttaaaacgcatactaaagccaaacgtcttcaaggctgttatacgcaaccgaagacaggaagttcaaccacgaaggtggctttacctacctgaacccacgaaagctaaggaa","Artediellus atlanticus | Icelus cataphractus | Icelus spatula","1 | 1 | 1"
"GG04_000677460","species","Myoxocephalus scorpius",1,"Opisthokonta","Metazoa","Chordata","Actinopterygii","Perciformes","Cottidae","Myoxocephalus","Myoxocephalus scorpius","LC036924","[Myoxocephalus scorpius]",8097,2,0,1,2,20599,8,0,1,1,1,4,4,5,1,0,0,4,2,0,1,0,3,0,0,4,12,0,0,0,1,1,0,9,1,4,0,2,0,0,0,0,0,1,6,1,0,6,13,169,5152,20700,"caccgcggttatacgagaggcccaagttgacaaacaccggcgtaaagcgtggttaagtaaaaactcacactaaagccaaacatcttccaggctgttatacgcaaccgaagacaggaagttcaaccacgaaagtggctttatctagtctgaacccacgaaagctaaggaa","Myoxocephalus scorpius","1"
"GG04_000195565","species","Cyclopterus lumpus",1,"Opisthokonta","Metazoa","Chordata","Actinopterygii","Perciformes","Cyclopteridae","Cyclopterus","Cyclopterus lumpus","KM057954","[Cyclopterus lumpus]",8103,0,2,7,7,35522,25,1,0,10651,0,18,32769,5,18,3,2,21,13,2,7,0,7,0,3,23,10,4,1,0,5,5,1,14,4,12,0,1,1,0,0,1,0,3,0,3,1,12,23,169,20445,79207,"caccgcggttatacgagaggcccaagttgacagacaccggcgtaaagagtggttaagctaaaacttaaactaaagccaaacatcttcaagactgttatacgtacccgaagacaggaaactcaaccacgaaagtagctttatttaatctgaccccacgaaagctacggca","Cyclopterus lumpus","1"
"GG04_000228285","species","Liparis fabricii",0.994082840236686,"Opisthokonta","Metazoa","Chordata","Actinopterygii","Perciformes","Liparidae","Liparis","Liparis fabricii","LC069522.1","[Liparis fabricii]",241823,0,0,1,1,1,0,0,0,1,0,1,1,0,1,0,0,3,3,1,0,0,1,0,5,2,4,1,0,0,0,2,0,1,1,0,0,0,0,0,0,0,0,0,0,1,0,1,3,169,14,36,"caccgcggttatacgagaggcccaagttgaaagacaccggcgtaaagcgtggttaagctaaaatttaaattaaagttaaacatcttcaagactgttatacgtatccgaaggcaggaacctcaattacgaaagtaactttatataagctgaatccacgaaagctatagca","Liparis fabricii","0.994"
"GG04_000017560","genus","Pholis",0.988095238095238,"Opisthokonta","Metazoa","Chordata","Actinopterygii","Perciformes","Pholidae","Pholis","","FJ687232","[Pholis crassispina| Pholis nebulosa]",56725,0,0,8,0,19100,4,0,0,0,0,2,4,3,1,2,0,1,2,1,0,1,2,0,1,7,9,0,1,0,1,2,0,8,0,1,0,0,0,0,0,1,0,0,1,0,0,9,4,168,1214,19176,"caccgcggttatacgagaggcccaagttgacagacatcggcgtaaagagtggttaagttaaaattgtactaaagccgaacatcctccaggctgttatacgcatccgaagataagaagttcaaccacgaaggtagctttatttaatctgaacccacgaaagctacggca","Pholis gunnellus","1"
"GG04_000842836","subfamily","Sebastinae",0.941520467836257,"Opisthokonta","Metazoa","Chordata","Actinopterygii","Perciformes","Sebastidae","","","EU008930","[]",274705,0,0,0,0,0,0,0,0,0,0,0,0,4,0,0,0,0,0,0,0,0,0,0,0,2,0,0,0,0,0,0,0,4,0,2,0,0,0,0,0,0,0,0,0,0,0,0,0,169,12,12,"caccgcggttatacgagaggcccaagttgaaagaccccggcgtaaagcgtggttatggaaaataaagactaaagccgcacaccttcaaaagctgttatacgcatccgaaggctagaagatcaaccacgaaggtagctttacaacccctgaccccacgaaagctctggca","Sebastes spp.  ||  Sebastes norvegicus | Sebastes viviparus","0.953 | 0.953"
"GG04_001283245","subfamily","Sebastinae",0.952662721893491,"Opisthokonta","Metazoa","Chordata","Actinopterygii","Perciformes","Sebastidae","","","EU008930","[]",274705,0,0,0,0,0,0,0,0,0,0,0,0,0,0,0,0,1,0,0,0,0,0,0,0,0,0,0,0,0,0,0,0,7,0,4,0,0,0,0,0,0,0,0,0,0,0,0,0,167,4,12,"caccgcggctatacgagagacccaagttgataccacccggcgtaaagagtggttatggaaataaagactaaagccgcacaccttcaaagctgttatacgcatccgaaggctagaagatcaaccacgaaggtagctttacaacccctgaccccacgaaagccataaaa","Sebastes spp.  ||  Sebastes norvegicus | Sebastes viviparus","0.994 | 0.994"
"GG04_000202902","subfamily","Sebastinae",0.952380952380952,"Opisthokonta","Metazoa","Chordata","Actinopterygii","Perciformes","Sebastidae","","","EU008930","[]",274705,0,0,0,0,0,0,0,0,0,0,0,0,1,0,0,0,1,4,0,1,0,2,0,0,3,2,0,0,0,0,0,0,11,0,0,0,0,0,0,0,0,0,0,0,0,0,0,0,164,15,25,"caccgcggctatacgagagcactagtataccacccggcgtaaagagtggttatggaaataaagactaaagccgcacaccttcaaagctgttatacgcatccgaaggctagaagatcaaccacgaaggtagctttacaacccctgaccccacgaaagctctggca","Sebastes spp.  ||  Sebastes norvegicus | Sebastes viviparus","0.964 | 0.964"
"GG04_001201577","subfamily","Sebastinae",0.929411764705882,"Opisthokonta","Metazoa","Chordata","Actinopterygii","Perciformes","Sebastidae","","","EU008930","[]",274705,0,0,0,0,0,0,0,0,0,0,0,0,0,0,0,0,0,0,0,0,0,2,0,0,1,1,0,0,0,0,0,0,26,0,4,0,0,0,0,0,0,0,0,0,0,0,0,0,167,34,34,"caccgcggttatacgagaggctcaaattgatgaaaacggcgtaaagcgtggttatggaaataaagactaaagccgcacaccttcaaagctgttatacgcatccgaaggactagaagatcaaccacgaaggtagctttacaacccctgaccccacgaaagctctggca","Sebastes spp.",""
"GG04_000091627","subfamily","Sebastinae",0.935294117647059,"Opisthokonta","Metazoa","Chordata","Actinopterygii","Perciformes","Sebastidae","","","EU008930","[]",274705,0,0,0,0,0,0,0,0,0,0,0,0,0,0,0,0,3,7,0,0,0,3,0,0,13,3,0,0,0,0,0,0,17,0,1,0,0,0,0,0,0,0,0,0,0,0,0,0,168,47,47,"caccgcggttatacgagaggcccaagttgacaaacaacggcgtaaaagagtggttgtggaaataaagactaaagccgcacaccttcaaagctgttatacgcatccgaaggctagaaggtcaaccacgaaggtagctttacaacccctgaccccacgaaagctctggca","Sebastes spp.",""
"GG04_000001881","genus","Sebastes",0.988095238095238,"Opisthokonta","Metazoa","Chordata","Actinopterygii","Perciformes","Sebastidae","Sebastes","","EU008930","[Sebastes owstoni| Sebastes ruberrimus| Sebastes hubbsi| Sebastes oblongus| Sebastes pachycephalus| Sebastes steindachneri| Sebastes taczanowskii| Sebastes vulpes| Sebastes inermis| Sebastes thompsoni| Sebastes schlegelii| Sebastes trivittatus| Sebastes koreanus| Sebastes longispinis]",34820,0,6,1,1,2,0,0,5312,0,0,3,8088,9741,8196,0,5603,10144,31812,5055,1791,0,12181,0,12460,22684,29209,14143,0,0,14458,0,0,20588,3984,5700,0,0,0,0,0,0,0,0,0,0,0,1,3,168,124039,221166,"caccgcggctatacgagagacccaagttgataccacccggcgtaaagagtggttatggaaaataaagactaaagccgcacaccttcaaagctgttatacgcatccgaaggctagaagatcaaccacgaaggtagctttacaacccctgaccccacgaaagctctggca","Sebastes spp.  ||  Sebastes norvegicus | Sebastes viviparus","1 | 1"
"GG04_000051080","species","Leptoclinus maculatus",0.994082840236686,"Opisthokonta","Metazoa","Chordata","Actinopterygii","Perciformes","Stichaeidae","Leptoclinus","Leptoclinus maculatus","NC_027588","[Leptoclinus maculatus]",980417,4,0,17,1,30,22589,0,1,6,1,9,9,14,8035,11,6,3492,15,3,5,0,17,3,1,3901,16,4,88,0,4,6979,0,47,3,14,0,2,0,0,0,0,0,0,17921,0,0,15,12362,169,2683,75625,"caccgcggttatacgagaggcccaagttgacagactccggcgtaaagagtggttaagttaaaatatatactaaagccgaacatcctcaaagctgttatacgcacccgaagacaagaagttcaaccacgaaggtggctttatttagtctgaacccacgaaagctacggca","Lumpenus lampretaeformis","1"
"GG04_000728931","species","Lycodes terraenovae",0.982142857142857,"Opisthokonta","Metazoa","Chordata","Actinopterygii","Perciformes","Zoarcidae","Lycodes","Lycodes terraenovae","LC278199","[Lycodes terraenovae]",215415,0,0,2,0,0,0,0,0,0,0,0,0,0,0,0,0,0,1,0,0,0,1,0,0,1,1,0,0,0,0,1,0,3,0,0,0,0,0,0,0,0,0,0,0,0,0,20785,0,168,6318,20795,"caccgcggttatacgagaggcccaagttgaaagaccccggcgtaaagagtggttaagctagaatttatactaaagccgaacatcctcatggctgttatacgcacccgagggtaagaagctcaaccacgaaggtagctttatatgtctgaacccacgaaagctacggca","Lycodes vahlii","1"
"GG04_000069161","family","Pleuronectidae",0.953216374269006,"Opisthokonta","Metazoa","Chordata","Actinopterygii","Pleuronectiformes","Pleuronectidae","","","AF488478","[]",8256,0,0,0,0,0,1,0,0,0,0,2,0,0,2,0,0,2,0,0,0,0,0,0,0,3,0,0,0,0,0,0,0,4,0,0,0,0,0,0,0,0,0,0,0,0,0,0,0,166,14,14,"accgcggttatacgagaggcccaagttgacaaacacggcgtaaagagtggttaggggatttactaaactagagccgaacgctttcaaagctgttatacgcacccgaaagtagatcaatccaatcgaaagtagctctacttatcctgaacccacgaaagctaaggaa","Hippoglossoides platessoides","0.959"
"GG04_000959063","family","Pleuronectidae",0.902857142857143,"Opisthokonta","Metazoa","Chordata","Actinopterygii","Pleuronectiformes","Pleuronectidae","","","AF488480","[]",8256,0,0,0,0,1,0,0,0,0,0,1,0,0,0,0,0,0,0,0,0,0,4,0,0,2,2,0,0,0,0,0,0,1,0,1,0,0,1,0,0,0,0,0,0,0,0,0,1,166,14,14,"caccgcggttatacgagaggcccaagttgacaaacaacggcgtaagagtgagtgtggatggataactaacagcgacgactttcaaagctgttatacgcaacccgaaagtatgaaacccaattacgaaagtagctctacctgtcctgaacccacgaaagctaagaaa","Glyptocephalus cynoglossus","0.907"
"GG04_000510738","family","Pleuronectidae",0.911764705882353,"Opisthokonta","Metazoa","Chordata","Actinopterygii","Pleuronectiformes","Pleuronectidae","","","KT943413","[]",8256,0,0,0,0,0,14,0,0,0,0,0,0,0,0,0,0,0,0,0,0,0,0,0,0,0,0,0,0,0,0,1,0,0,0,0,0,0,0,0,0,0,0,0,0,0,0,0,0,168,15,15,"caccgcggttatacgagaggcccaagttgacagactccggcgtaaagagtggttagttaaaatatatactaaagccgaacatcctcaaagctgttatacgcacccgagagtatgaaacccaattacgaaagtagctctacctgtcctgaacccacgaaagctaagaaa","Glyptocephalus cynoglossus","0.911"
"GG04_000098561","family","Pleuronectidae",0.929411764705882,"Opisthokonta","Metazoa","Chordata","Actinopterygii","Pleuronectiformes","Pleuronectidae","","","AF488480","[]",8256,0,0,0,0,4,2,0,0,0,0,0,0,0,0,0,0,1,0,0,0,0,0,0,0,6,0,0,0,0,0,0,0,3,0,0,0,0,0,0,0,0,0,0,0,0,0,0,0,168,16,16,"caccgcggttatacgagagaccctagttgatatattcggcgtaaagagtggttaggggaattctaaactagagccgaacgctttcaaagctgttatacgcacccgaaagtatgaaacccaattacgaaaagtagctctacctgtcctgaacccacgaaagctaagaaa","Microstomus kitt","0.947"
"GG04_000201705","family","Pleuronectidae",0.953216374269006,"Opisthokonta","Metazoa","Chordata","Actinopterygii","Pleuronectiformes","Pleuronectidae","","","AF488480","[]",8256,0,0,0,0,0,0,0,0,0,0,1,0,0,0,0,1,1,9,0,0,0,8,0,0,7,5,0,0,0,0,0,0,2,0,0,0,0,4,0,0,0,0,0,0,0,0,0,1,167,5,39,"caccgcggttatacgagaggcccaagttgacaaacaacggcgtaaagagtggttggatggatctaaactagagccgaacgctttcaaagctgttatacgcacccgaaagtatgaaacccaattacgaaagtagctctacctgtcctgaacccacgaaagctaagaaa","Microstomus kitt","0.965"
"GG04_000000449","family","Pleuronectidae",0.982248520710059,"Opisthokonta","Metazoa","Chordata","Actinopterygii","Pleuronectiformes","Pleuronectidae","","","AF488480","[Isopsetta isolepis| Microstomus pacificus| Kareius bicoloratus| Hippoglossoides platessoides| Lepidopsetta bilineata| Limanda aspera| Pseudopleuronectes americanus| Hippoglossus hippoglossus| Platichthys stellatus| Reinhardtius hippoglossoides| Pleuronectes quadrituberculatus| Psettichthys melanostictus| Cleisthenes herzensteini| Hippoglossus stenolepis]",8256,34215,2,659,16993,31663,47960,0,6,39,0,68852,14064,3,22658,7,8727,150739,95164,6,38629,0,52167,0,4,136157,36958,0,1,0,39199,17613,5,120053,2,40718,0,1,7747,1,1,1,0,0,6,1,2,6,24560,169,243706,1005589,"caccgcggttatacgagaggcccaagttgacaaacaacggcgtaaagagtggttaggggaattactaaactagagccgaacgctttcaaagctgttatacgcacccgaaagtatgaaacccaattacgaaagtagctctacctgtcctgaacccacgaaagctaagaaa","Microstomus kitt","1"
"GG04_000000580","species","Pleuronectes quadrituberculatus",1,"Opisthokonta","Metazoa","Chordata","Actinopterygii","Pleuronectiformes","Pleuronectidae","Pleuronectes","Pleuronectes quadrituberculatus","LC049653","[Pleuronectes quadrituberculatus]",641111,13137,1,1,4908,15,9124,1,2,13,0,103,7,8,8073,1,6,17379,5202,2,3851,0,8,0,0,6812,6,0,0,0,8,1,0,24697,1,3630,0,0,2,0,0,0,0,0,0,0,2,0,4287,169,3,101288,"caccgcggttatacgagaggcccaagttgacaaacaacggcgtaaagagtggttagggaatttactaaactagagccgaacgctttcaaagctgttatacgcacccgaaagtatgaaacccaattacgaaagtagctctacctatcctgaacccacgaaagctaaggaa","Pleuronectes platessa","1"
"GG04_000481045","species","Oncorhynchus gorbuscha",1,"Opisthokonta","Metazoa","Chordata","Actinopterygii","Salmoniformes","Salmonidae","Oncorhynchus","Oncorhynchus gorbuscha","EF455489","[Oncorhynchus gorbuscha]",8017,0,7176,0,0,0,0,0,0,0,0,0,0,0,0,0,0,0,1,2,0,0,1,0,1,0,0,0,0,0,1,0,0,0,0,0,0,0,0,0,0,0,0,0,0,0,0,0,0,170,2188,7182,"caccgcggttatacgagaggccctagttgataactaccggcgtaaagagtggttatggaaaaatatttaataaagccgaacaccccctcagccgtcatacgcatctgggagcacgaagacctactgcgaaagcagctttaattatgcctgaccccacgacagctaagaaa","Oncorhynchus gorbuscha","1"
"GG04_000145616","species","Salmo salar",1,"Opisthokonta","Metazoa","Chordata","Actinopterygii","Salmoniformes","Salmonidae","Salmo","Salmo salar","HQ167667","[Salmo salar]",8030,4,14,7,1,10,10,1,0,2,0,3,8,3,4,0,0,5,43279,100683,5269,29,28107,0,21411,13,21,2,0,4,8,4,7,15,13,8,0,1,0,0,0,0,0,0,0,10,9,2,6,170,34133,198973,"caccgcggttatacgagaggccctagttgataactaccggcgtaaagagtggttacggaaaaatatttaataaagccgaacaccccctcagccgtcatacgcacctgggggcacgaagatctactacgaaagcagctttaattatacctgaacccacgacagctacgaca","Salmo salar","1"
"GG04_000155426","genus","Ammodytes",0.994082840236686,"Opisthokonta","Metazoa","Chordata","Actinopterygii","Uranoscopiformes","Ammodytidae","Ammodytes","","AP006023","[Ammodytes hexapterus| Ammodytes personatus]",84620,15489,0,0,0,1,8310,0,0,11588,0,29488,0,8301,0,0,0,0,1,0,1,0,15583,0,0,2,16829,1,0,0,2,0,0,3,0,0,0,0,0,0,0,0,0,0,1,0,0,2,2,169,41555,105604,"caccgcggttatacgagaggcccaagctgatagaccccggcgtaaagagtggttaagataaacttaaaactaaagccgaacaccctcacagctgttatacgcacccgagagtaagaagcccaactacgaaagtggctttacaacccctgaacccacgaaagctatgaca","Ammodytes marinus | Hyperoplus lanceolatus | Ammodytes tobianus","1 | 1 | 1"
"GG04_000000383","species","Amblyraja radiata",0.994475138121547,"Opisthokonta","Metazoa","Chordata","Chondrichthyes","Rajiformes","Rajidae","Amblyraja","Amblyraja radiata","AF448012","[Amblyraja radiata]",386614,0,0,0,0,0,0,0,0,0,0,0,0,0,0,0,0,0,0,0,0,0,0,0,0,0,0,0,0,0,0,0,0,1,0,0,8,0,0,0,0,0,0,0,0,0,0,95,0,181,63,104,"caccgcggttatacgagtaactcacattaatacttcacggcgtaaagggtgattaaaagtttctaaaaaatactagagttataaccttataaagctgtcatacgcacctataaaaggaataatacactgacgaaagtaactctaattagatagagcttttgacctcacgacagttaagaca","Amblyraja radiata","0.994"
"GG04_000305030","genus","Bos",1,"Opisthokonta","Metazoa","Chordata","Mammalia","Artiodactyla","Bovidae","Bos","","NC_006853","[Bos taurus| Bos javanicus| Bos primigenius]",9903,0,0,0,0,0,1,0,0,0,0,0,0,0,0,0,0,0,0,0,0,0,1,0,0,0,0,13610,16360,0,0,0,0,0,1,0,0,0,0,0,0,0,0,0,0,0,0,0,1,168,8396,29974,"caccgcggtcatacgattaacccaagctaacaggagtacggcgtaaaacgtgttaaagcaccataccaaatagggttaaattctaactaagctgtaaaaagccatgattaaaataaaaataaatgacgaaagtgaccctacaatagccgacgcactatagctaagacc","Bos taurus","1"
"GG04_000381329","species","Sus scrofa",1,"Opisthokonta","Metazoa","Chordata","Mammalia","Artiodactyla","Suidae","Sus","Sus scrofa","NC_000845","[Sus scrofa]",9823,0,0,0,0,1,0,0,0,0,1,8385,3682,2,0,0,0,0,0,7,395,0,0,0,0,0,2168,2,2,0,5579,0,0,0,0,0,0,6249,0,0,0,0,0,0,0,0,0,5,0,169,13166,26478,"caccgcggtcatacgattaacccaaattaatagatccacggcgtaaagagtgtttaagaaaaaaaatcacaatagagttaaattataactaagctgtaaaaagccctagttaaaataaaataacccacgaaagtgactctaataatcctgacacacgatagctaggacc","Sus scrofa","1"
"GG04_000012533","species","Canis lupus",0.994082840236686,"Opisthokonta","Metazoa","Chordata","Mammalia","Carnivora","Canidae","Canis","Canis lupus","NC_008092","[Canis lupus]",9612,0,0,0,0,0,0,0,0,0,0,0,0,0,0,0,0,37,0,0,0,0,0,0,0,0,0,0,0,0,0,0,0,0,0,0,0,0,0,0,0,0,0,0,0,0,0,0,0,169,24,37,"caccgcggtcatacgattaacccaaactaataggcctacggcgtaaagcgtgttcaagatactttaacactaaagttaaaacttaactaagccgtaaaaagctacagttatcataaaataaaccacgaaggtgactttataataatctgactacacgatagctaagacc","Canis lupus familiaris","1"
"GG04_000192434","species","Phocoena phocoena",1,"Opisthokonta","Metazoa","Chordata","Mammalia","Cetacea","Phocoenidae","Phocoena","Phocoena phocoena","NC_005280","[Phocoena phocoena]",9742,0,0,0,0,0,0,0,0,0,0,2,0,0,0,0,0,0,631,0,0,0,0,0,0,0,0,0,0,0,0,0,0,3,1,0,0,0,199,0,0,0,0,0,0,0,0,0,0,170,422,836,"caccgcggtcatacgattgacccaagttaatagacacccggcgtaaagagtgtcgaggagtaacataaaataaagtcaaatcttagttaagctgtaaaaagccataactaaacctaagctaaaccacgaaagtaactttatcacaaaccgagtacacgacaactaagacc","Phocoena phocoena","1"
"GG04_000885934","parvorder","Catarrhini",0.823529411764706,"Opisthokonta","Metazoa","Chordata","Mammalia","Primates","","","","NC_014047","[]",9526,0,0,0,0,0,0,0,0,0,0,0,0,0,0,0,0,0,0,0,0,0,0,0,0,0,0,0,0,0,0,0,0,0,0,0,0,0,0,0,0,0,0,0,0,0,0,0,40,167,33,40,"caccgcagccatacaattaacctgagctaatagaactcagcataaagagtgttttaggtctatccttaataaagctaagcttcatctcagttgtataaaacccgggctgaaataaaataaactatgaaggaggctttaatacttctgaagacacaatagctaagacc","Homo sapiens","1"
"GG04_000750052","parvorder","Catarrhini",0.804733727810651,"Opisthokonta","Metazoa","Chordata","Mammalia","Primates","","","","NC_001645","[]",9526,0,0,0,0,0,1,0,1,0,0,34,0,0,0,0,0,0,0,0,0,0,0,0,0,0,0,0,0,0,76,0,0,0,0,0,0,0,15,0,0,0,0,0,0,0,19,0,0,160,71,146,"caccacacgattaacccgagctaatggaactcagcgtaaagagtgtttaaggtctgccctcaataaagttaaagcccatctaagttgtaaaaaactccagctgaaataaaatgtactacaaaagtagctttaataccctgaagacacaatagctaagacc","Homo sapiens","1"
"GG04_000000015","species","Homo sapiens",1,"Opisthokonta","Metazoa","Chordata","Mammalia","Primates","Hominidae","Homo","Homo sapiens","NC_012920","[Homo sapiens]",9606,216,0,38,114,776,96,135,966,272,1843,79,236,0,351,0,1,53,0,0,0,11,830,4718,180,164,27,1275,0,0,7914,666,44,8,463,3,0,750,3941,506,2231,2,42,0,577,25,596,154,167,171,13144,30470,"caccgcggtcacacgattaacccaagtcaatagaagccggcgtaaagagtgttttagatcaccccctccccaataaagctaaaactcacctgagttgtaaaaaactccagttgacacaaaatagactacgaaagtggctttaacatatctgaacacacaatagctaagacc","Homo sapiens","1"
"GG04_000733502","no rank","Gnathostomata",0.63,"Opisthokonta","Metazoa","Echinodermata","Echinoidea","","","","","KR477900","[]",7776,0,0,0,0,0,0,0,0,0,0,0,0,0,0,0,0,0,0,0,0,0,0,0,0,0,0,0,0,0,0,0,0,0,0,0,0,0,0,0,0,0,0,0,0,0,0,14,0,187,10,14,"cgacgcggttatacgtaaggtctaagtttttgttgagaaaggcgtaaagggtgcgtaggtgagtgagtttaaggggggtagatataacttttatgtagcggtagaatgcttgaatataaacaggtacatcaaaagcgaaggcaatttattactaaaaactgacgctcaagcacgaaagtgggggtag","Neoaulaxinia persicum","0.947"
"GG04_000452427","no rank","Gnathostomata",0.687830687830688,"Opisthokonta","Metazoa","Echinodermata","Echinoidea","","","","","NC_026867","[]",7776,0,0,0,0,749,0,0,0,0,0,0,0,0,706,0,0,0,0,16,0,0,0,0,0,1,0,0,0,1,0,14,0,0,0,3,0,0,822,0,0,0,0,0,0,0,0,0,6,168,1236,2318,"caccgcggttatacataaggtaatagctaataaaatatggtaaaaaatgtggtaagaattagtttaagtaaaataaaaataccctctagcagtaataagctaacagaacttaagttacaataacagcaatataattttaccttctctcaccccactaaagctctaaca","Asterias rubens","0.994"
