"id","rank","scientific_name","best_identity","superkingdom_name","kingdom_name","phylum_name","class_name","order_name","family_name","genus_name","species","best_match","species_list","taxid","X1.EB28.05.19","X1.EB29.05.19","X1.EB31.05.19","X1.LB28.05.19","X1.LB29.05.19","X1.LB31.05.19","X18KB7065603","X18KB7065604","X18KB7065605","X18KB7065606","X18KB7065607","X18KB7065608","X18KB7065609","X18KB7065610","X18KB7065611","X18KB7065612","X18KB7065613","X18KB7065614","X18KB7065615","X18KB7065616","X18KB7065617","X18KB7065618","X18KB7065619","X18KB7065620","X18KB7065621","X18KB7065622","X18KB7065623","X18KB7065624","X18KB7065625","X18KB7065626","X18KB7065627","X18KB7065628","X18KB7065629","X18KB7065630","X18KB7065631","X18KB7065632","X18KB7065633","X18KB7065634","X18KB7065635","X18KB7065636","X18KB7065637","X18KB7065638","X18KB7065639","X18KB7065640","X18KB7065641","X18KB7065642","X18KB7065644","X19KB5524101","X19KB5524102","X19KB5524103","X19KB5524104","X19KB5524105","X19KB5524106","X19KB5524107","X19KB5524108","X19KB5524109","X19KB5524110","X19KB5524111","X19KB5524112","X19KB5524113","X19KB5524114","X19KB5524115","X19KB5524116","X19KB5524117","X19KB5524118","X19KB5524119","X19KB5524120","X19KB5524121","X19KB5524122","X19KB5524123","X19KB5524124","X19KB5524125","X19KB5524126","X19KB5524127","X19KB5524128","X19KB5524129","X19KB5524130","X19KB5524131","X19KB5524132","X2.EB28.05.19","X2.EB29.05.19","X2.LB28.05.19","X2.LB29.05.19","KPH107","KPH152","PCRblank_B1","PCRblank_D1","seq_length","cluster_weight","total_reads","sequence","annotated_name","annotated_pident"
"GL01_000000076","no rank","Theria",0.754285714285714,"","","","","","","","","NC_023950","[]",32525,0,0,14,0,0,0,0,0,0,0,0,0,0,0,0,0,0,0,0,0,0,0,0,0,0,0,0,0,0,0,0,0,0,0,0,0,0,0,0,0,0,0,0,0,0,0,0,0,0,0,0,0,0,0,0,0,0,0,0,0,0,0,0,0,0,0,0,0,0,0,0,0,0,0,0,0,0,0,5,0,0,0,0,0,0,0,0,158,13,19,"cactgaggtcatatgattaacccaaatcaatagtacccaacacgtttatgattatgtctaactaaagctaaactgtaagccataaaaggcaatagctaaaatgaaaataaactatgaaagtgactttattatgttctgaatttaaaatagctaagacc","Homo sapiens","1"
"GL01_000611370","no rank","Vertebrata",0.54639175257732,"","","","","","","","","NC_029384","[]",7742,0,0,0,0,0,0,0,0,0,0,0,0,0,0,0,0,0,0,0,0,0,0,0,0,0,0,0,0,0,0,0,0,0,0,0,0,0,0,0,0,0,0,0,0,0,0,0,0,0,0,0,0,0,0,0,0,0,0,0,0,11,0,0,0,0,0,0,0,0,0,0,0,0,0,0,0,0,0,0,0,0,0,0,0,0,0,0,151,6,11,"acctccctgataatcaggctctgttcatcctccccatcccctgcagccccgtccaaacttccatttccccaaatgccaacaaagagattccccccctcttctgccaggcctctgagccaaaagatgaataaactctcagcaggtctgggtc","",""
"GL01_000084525","no rank","Vertebrata",0.556149732620321,"","","","","","","","","NC_030174","[]",7742,0,0,0,0,0,0,0,0,0,0,0,0,0,0,0,0,0,0,0,0,0,0,0,0,0,0,0,0,0,0,0,0,0,12,0,0,0,0,0,0,0,0,0,0,0,0,0,0,0,0,0,0,0,0,0,0,0,0,0,0,0,0,0,0,0,0,0,0,0,0,0,0,0,0,0,0,0,0,0,0,0,0,0,0,0,0,0,141,6,12,"ctaaccaaacaataactcatagcgacccaccagctgtctgcacggataaacgcccctccgcaatcaccccgtgacaagaaaggaatcgcatacaccaaaaggaacaggtgttatgtcattagccaccgtgcgcacacgcgc","",""
"GL01_000501427","no rank","Vertebrata",0.528795811518325,"","","","","","","","","NC_015617","[]",7742,0,0,0,0,0,0,0,0,0,0,0,0,0,0,0,0,0,0,0,0,0,0,0,0,0,0,0,0,0,0,0,0,0,0,0,0,0,0,0,0,0,0,0,0,0,0,0,0,0,0,0,0,0,0,0,0,0,13,0,0,0,0,0,0,0,0,0,0,0,0,0,0,0,0,0,0,0,0,0,0,0,0,0,0,0,0,0,144,11,13,"tcctccttctcgctgcaggccacctgagggttaggattagataaggattcggattaggagttaggggtagggttagggttggggctcattctcgctgtaggccacctgagggttagggttcaggttcgcattgaggttaggatt","",""
"GL01_000434463","no rank","Vertebrata",0.570680628272251,"","","","","","","","","NC_027683","[]",7742,0,0,0,0,0,0,0,0,0,0,0,0,0,0,0,0,0,0,0,0,0,0,0,0,0,0,0,0,0,0,0,0,0,0,0,0,0,0,0,0,0,0,0,0,0,0,0,0,0,0,0,0,3,0,0,0,0,0,0,0,0,0,0,0,0,0,0,0,0,0,0,0,0,12,0,0,0,0,0,0,0,0,0,0,0,0,0,161,12,15,"cgacgtagtacagtagatatctcaagacaattcccaccaaactcaggcgccacaattgacttgcgacacccaactatatctgacagggccttttgttttgtctttaccaatgaacggccgcgaaccggtcaagaatccacacctcgttgaatttggtgtgc","",""
"GL01_000338777","no rank","Vertebrata",0.547872340425532,"","","","","","","","","GQ273736","[]",7742,0,0,0,0,0,0,0,0,0,0,0,0,0,0,0,0,0,0,0,0,0,0,0,0,0,0,0,0,0,0,0,0,0,0,0,0,0,0,0,0,0,0,18,0,0,0,0,0,0,0,0,0,0,0,0,0,0,0,0,0,0,0,0,0,0,0,0,0,0,0,0,0,0,0,0,0,0,0,0,0,0,0,0,0,0,0,0,147,11,18,"ggttcagacccattgtgattggctttttgggttctggtcgaagaacccttttagtgcgtggtgactatccggacgctgccgtcggaaaggaacgagcggcaaggattgcgagtacgccggcaaccaaaccgcacacattcatgacac","",""
"GL01_000338637","no rank","Vertebrata",0.560606060606061,"","","","","","","","","NC_033347","[]",7742,0,0,0,0,0,0,0,0,0,0,0,0,0,0,0,0,0,0,0,0,0,0,0,0,0,0,0,0,0,0,0,0,0,0,0,0,0,0,0,0,0,0,19,0,0,0,0,0,0,0,0,0,0,0,0,0,0,0,0,0,0,0,0,0,0,0,0,0,0,0,0,0,0,0,0,0,0,0,0,0,0,0,0,0,0,0,0,172,7,19,"cattgccgctaatcttattttatttaaagtcgtgtgggcactaaacctttacggtgctgtaaccaatacagtctggattggtggcgcaggccttacagtgttcgtcatttggcatctgtatagctccaagactgtgaaagttgatttgcgcgtcgcagtctgtgcgtcgtgc","",""
"GL01_000358765","no rank","Vertebrata",0.557291666666667,"","","","","","","","","NC_010196","[]",7742,0,0,0,0,0,0,0,0,0,0,0,0,0,0,0,0,0,0,0,0,0,0,0,0,0,0,0,0,0,0,0,0,0,0,0,0,0,0,0,0,0,0,0,1,19,0,0,0,0,0,0,0,0,0,0,0,0,0,0,0,0,0,0,0,0,0,0,0,0,0,0,0,0,0,0,0,0,0,0,0,0,0,0,0,0,0,0,160,9,20,"aactttggtgttttacgaatctcctaaacgtcttgtgccatttttgcaggatgcgtgcacggtttatggggaaaataggcaggctgcgtattgccgcgaattaaccaaaaagtttgaagatatccaacgcggaacattggcagagttgttggccaaggcg","",""
"GL01_000611328","no rank","Vertebrata",0.556756756756757,"","","","","","","","","LC069737","[]",7742,0,0,0,0,0,0,0,0,0,0,0,0,0,0,0,0,0,0,0,0,0,0,0,0,0,0,0,0,0,0,0,0,0,0,0,0,0,0,0,0,0,0,0,0,0,0,0,0,0,0,0,0,0,0,0,0,0,0,0,0,20,0,0,0,0,0,0,0,0,0,0,0,0,0,0,0,0,0,0,0,0,0,0,0,0,0,0,144,20,20,"tgctcagctgggacggcaagccaagctggcccagtcgggccgtgggcatccatcccaagccaggctgcatggcagggaaggcccagagctgattttcaaactttttcatcgaaatttgcatgaattgtcaggaagcttaggaac","",""
"GL01_000286861","no rank","Vertebrata",0.542105263157895,"","","","","","","","","AP012237","[]",7742,0,0,0,0,0,0,0,0,0,0,0,0,0,0,0,0,0,0,0,0,0,0,0,0,0,0,0,0,0,0,0,0,0,0,0,0,0,0,0,0,0,1,0,0,21,0,0,0,0,0,0,0,0,0,0,0,0,0,0,0,0,0,0,0,0,0,0,0,0,0,0,0,0,0,0,0,0,0,0,0,0,0,0,0,0,0,0,146,8,22,"cctgacccatcggcgcacggtgaacctgagcccccttggaagacgggcgtcacggcacgacgcaaagagggtctttcccgaggctgggcatcctgtgctgcctcctttgaggacacctgatcctggccgaggaaagtcttcgccgt","",""
"GL01_000052160","no rank","Vertebrata",0.515789473684211,"","","","","","","","","KU159666","[]",7742,0,0,0,0,0,0,0,0,0,0,0,0,0,0,0,0,0,0,0,0,0,0,0,0,0,0,0,28,0,0,0,0,0,0,0,0,0,0,0,0,0,0,0,0,0,0,0,0,0,0,0,0,0,0,0,0,0,0,0,0,0,0,0,0,0,0,0,0,0,0,0,0,0,0,0,0,0,0,0,0,0,0,0,0,0,0,0,141,15,28,"ccgacaacacgttcctgccagctctctcgcttcatggtgagcgcggcatgagctagctcgctgctcgcatgacgctgtgcgctgggccggcgcacgcgtggtcactggcaggtgacgactggggttggggcgacctcggcg","",""
"GL01_000635662","no rank","Vertebrata",0.544502617801047,"","","","","","","","","AY887741","[]",7742,0,0,0,0,0,0,0,0,0,0,0,0,0,0,0,0,0,0,0,0,0,0,0,0,0,0,0,0,0,0,0,0,0,0,0,0,0,0,0,0,0,0,0,0,0,0,0,0,0,0,0,0,0,0,0,0,0,0,0,0,0,0,31,0,0,0,0,0,0,0,0,0,0,0,0,0,0,0,0,0,0,0,0,0,0,0,0,155,7,31,"tcccacgtgtgaaccgaccgtgcgctcctctcttcagtacacaagtccgccttgcatggcctgcgcggtgtatcggctccacgtcccacctaaacgacgttatgcttgttcccaactctcgacaccagctcatctccgtcggagctctgtccaac","",""
"GL01_000087558","no rank","Vertebrata",0.550802139037433,"","","","","","","","","AF488505","[]",7742,0,0,0,0,0,0,0,0,0,0,0,0,0,0,0,0,0,0,0,0,0,0,0,0,0,0,0,0,0,0,0,0,0,0,0,32,0,0,0,0,0,0,0,0,0,0,0,0,0,0,0,0,0,0,0,0,0,0,0,0,0,0,0,0,0,0,0,0,0,0,0,0,0,0,0,0,0,0,0,0,0,0,0,0,0,0,0,151,7,32,"cttgacgtgtatgtgttccaatacatcagagaagggttcaagaacaattggtggttggcaccagcggtatcaaccgttgcggctaacatcatcgacacttacactttctttgcagttgcattcaacaacagtgccaacgagtacatggcgg","",""
"GL01_000677460","no rank","Vertebrata",0.561855670103093,"","","","","","","","","AF023193","[]",7742,0,0,0,0,0,0,0,0,0,0,0,0,0,0,0,0,0,0,0,0,0,0,0,0,0,0,0,0,0,0,0,0,0,0,0,0,0,0,0,0,0,0,0,0,0,0,0,0,0,0,0,0,0,0,0,0,0,0,0,0,0,0,0,0,0,0,0,0,0,0,0,0,0,41,0,0,0,0,0,0,0,0,0,0,0,0,0,157,15,41,"acttgcgcgtgaaagggctcgcggcttgcatccaaggttgagacagggaatggcactgtccttacagaaccgttggtggggcttgcttggcattgcgctccagaaggctgttgcgcacgctgtgctcagtgcacctcttggggtcgagcttaggaga","",""
"GL01_000717622","no rank","Vertebrata",0.554347826086957,"","","","","","","","","NC_013981","[]",7742,0,0,0,0,0,0,0,0,0,0,0,0,0,0,0,0,0,0,0,0,0,0,0,0,0,0,0,0,0,0,0,0,0,0,0,0,0,0,0,0,0,0,0,0,0,0,0,0,0,0,0,0,0,0,0,0,0,0,0,0,0,0,0,0,0,0,0,0,0,0,0,0,0,0,0,0,0,0,0,0,0,0,0,63,0,0,0,144,18,63,"cccacacacatgctctcgcccacaattaaagccaggattgtccaaaccagcaagtccaggggcgagacgtccactacggccaatgacgagcctatgcatgccgtactcctcaaagccatcgagcttcccatctggacaggttcc","",""
"GL01_000051663","no rank","Vertebrata",0.537634408602151,"","","","","","","","","NC_015241","[]",7742,0,0,0,0,0,0,0,0,0,0,0,0,0,0,0,0,0,0,0,0,0,0,0,0,66,0,0,0,0,0,0,0,0,0,0,0,0,0,0,0,0,0,0,0,0,0,0,0,0,0,0,0,0,0,0,0,0,0,0,0,0,0,0,0,0,0,0,0,0,0,0,0,0,0,0,0,0,0,0,0,0,0,0,0,0,0,0,149,21,66,"ctcatgcgaataccaacttatgttgataataacgcttacccgaaccgactgtcttaccatatcgctcacacccgcaccctaatttgacaagcaccccgaccctccctgtattgtttcatgtgaaggcggtattaactggagtgactcgt","",""
"GL01_000611083","no rank","Vertebrata",0.551020408163265,"","","","","","","","","KU159666","[]",7742,0,0,0,0,0,0,0,0,0,0,0,0,0,0,0,0,0,0,0,0,0,0,0,0,0,0,0,0,0,0,0,0,0,0,0,0,0,0,0,0,0,0,0,0,0,0,0,0,0,0,0,0,0,0,0,0,0,0,0,0,86,0,0,0,0,0,0,0,0,0,0,0,0,0,0,0,0,0,0,0,0,0,0,0,0,0,0,161,27,86,"ctccacagcgacgcatcacctctgctttgagagcggcccggtcggaggccagcgctcgtgcttcctcctctggcagccgccatgacagctgccacattgaaagatcctgactttcacctcgtcgctctcctcggcatcagtcgcagtatcagcagcagatt","",""
"GL01_000661442","no rank","Vertebrata",0.554347826086957,"","","","","","","","","EU921680","[]",7742,0,0,0,0,0,0,0,0,0,0,0,0,0,0,0,0,0,0,0,0,0,0,0,0,0,0,0,0,0,0,0,0,0,0,0,0,0,0,0,0,0,0,0,0,0,0,0,0,0,0,0,0,0,0,0,0,0,0,0,0,0,0,0,0,0,0,0,0,0,86,0,0,0,0,0,0,0,0,1,0,0,0,0,0,0,0,0,146,33,87,"cacacacacacatactctcgcccacaatttaaaccaggagtgtccaaaccagcaagtccaggtgcgagacgtcctctacggctaatgacgagcctatgcatgccgtactcctcaaagccatcgagcttcccatctggacaggttgc","",""
"GL01_000338660","no rank","Vertebrata",0.560386473429952,"","","","","","","","","NC_015199","[]",7742,0,0,0,0,0,0,0,0,0,0,0,0,0,0,0,0,0,0,0,0,0,0,0,0,0,0,0,0,0,0,0,0,0,0,0,0,0,0,0,0,0,0,105,0,0,0,0,0,0,0,0,0,0,0,0,0,0,0,0,0,0,0,0,0,0,0,0,0,0,0,0,0,0,0,0,0,0,0,0,0,0,0,0,0,0,0,0,175,64,105,"tgcacctgcggcacaacgacaaccttctccacgatattctcggccagctgcacctgcggtaccgtgcccaccttctccacgatcttatcggccagctgcacctgcggcaccgtgacaacgttcaccgcgatcttctcggccatctgctcccacggcatcgcgacagccttctcca","",""
"GL01_000339857","no rank","Vertebrata",0.549738219895288,"","","","","","","","","AP012501","[]",7742,0,0,0,0,0,0,0,0,0,0,0,0,0,0,0,0,0,0,0,0,0,0,0,0,0,0,0,0,0,0,0,0,0,0,0,0,0,0,0,0,0,0,0,115,0,1,0,0,0,0,0,0,0,0,1,0,0,0,0,0,0,0,0,0,0,0,0,0,0,0,0,0,0,0,0,0,0,0,0,0,0,0,0,0,0,0,0,160,42,117,"cacggccttgtttttcctcgcgtacgaacctacgaagcgatatttagagcgaacgttaccgccggagcaaaattacgcggcgatgttcgccgccggcgcgaccgggtgtttggcgtcgagtatcgtgagagtgccgacggaagtgatcaagacgagagcg","Bathycoccus prasinos","1"
"GL01_000717893","no rank","Vertebrata",0.551351351351351,"","","","","","","","","NC_013981","[]",7742,0,0,0,0,0,0,0,0,0,0,0,0,0,0,0,0,0,0,0,0,0,0,0,0,0,0,0,0,0,0,0,0,0,0,0,0,0,0,0,0,0,0,0,0,0,0,0,0,0,0,0,0,0,0,0,0,0,0,0,0,0,0,0,0,0,0,0,0,0,0,0,0,0,0,0,0,0,0,0,0,0,0,0,71,54,0,0,146,49,125,"cacacacacacatgctctcggccacaattaaacccaggattgtcccaaccagcaagtccaggggcgagacgtccactacggccaatgacgagcctatgcatgccgtactcctcaaagccatcgagcttcccatctggacaggttcc","",""
"GL01_000080901","no rank","Vertebrata",0.543010752688172,"","","","","","","","","NC_032387","[]",7742,0,0,0,0,0,0,0,0,0,0,0,0,0,0,0,0,0,0,0,0,0,0,0,0,0,0,0,0,0,0,0,0,128,0,0,0,0,0,0,0,0,0,0,0,0,0,0,0,0,0,0,0,0,0,0,0,0,0,0,0,0,0,0,0,0,0,0,0,0,0,0,0,0,0,0,0,0,0,0,0,0,0,0,0,0,0,0,141,46,128,"ccgcaacccaagatatcagcatcaatgtatgccttgtgttccctggcgagtttgtcaatcgtttaccacacacgatgttgccatctttttgtgttgttaacgcgtttgcagccccctccccaaaacaaaaacaacacatct","",""
"GL01_000718949","no rank","Vertebrata",0.554347826086957,"","","","","","","","","AJ810124","[]",7742,0,0,0,0,0,0,0,0,0,0,0,0,0,0,0,0,0,0,0,0,0,0,0,0,0,0,0,0,0,0,0,0,0,0,0,0,0,0,0,0,0,0,0,0,0,0,0,0,0,0,0,0,0,0,0,0,0,0,0,0,0,0,0,0,0,0,0,0,0,0,0,0,0,0,0,0,0,0,0,0,0,0,0,130,0,0,0,142,40,130,"tgctgagagaaacgccaaggtgaccgtggattggcaagccagggagctccagatccaactccaaatcattgcagcaggacaggccagacattctcatattccaagaatgtgaccactatggctccctctcagaggggttggc","",""
"GL01_000338615","no rank","Vertebrata",0.565217391304348,"","","","","","","","","NC_033902","[]",7742,0,0,0,0,0,0,0,0,0,0,0,0,0,0,0,0,0,0,0,0,0,0,0,0,0,0,0,0,0,0,0,0,0,0,0,0,0,0,0,0,0,0,142,0,0,0,0,0,0,0,0,0,0,0,0,0,0,0,0,0,0,0,0,0,0,0,0,0,0,0,0,0,0,0,0,0,0,0,0,0,0,0,0,0,0,0,0,182,42,142,"aatttctggatggaatacatctttaccaccttcccataaagacatattatggtgacagcctgatgcagatactcccataaaaggcttactcataaagcatgcaattaaaccaaactcacgagcaacttgcgcacaaatttgacgataagtcgtcaagcggtcggcatttcttaatacgtcat","",""
"GL01_000338635","no rank","Vertebrata",0.583756345177665,"","","","","","","","","NC_031830","[]",7742,0,0,0,0,0,0,0,0,0,0,0,0,0,0,0,0,0,0,0,0,0,0,0,0,0,0,0,0,0,0,0,0,0,0,0,0,0,0,0,0,0,0,228,0,0,0,0,0,0,0,0,0,0,0,0,0,0,0,0,0,0,0,0,0,0,0,0,0,0,0,0,0,0,0,0,0,0,0,0,0,0,0,0,0,0,0,0,166,56,228,"cgaattccatacagggacatctgtttcttaggtgacaagcctgatgtagcagcacatgcctatgtcgatgatggcccgcacaacataattgctcttcgcgccgctgggcataacgtgattacgtttgaccaaccttacaatggcgatatcgacggacccagggcag","",""
"GL01_000717678","no rank","Vertebrata",0.551724137931034,"","","","","","","","","NC_022683","[]",7742,0,0,0,0,0,0,0,0,0,0,0,0,0,0,0,0,0,0,0,0,0,0,0,0,0,0,0,0,0,0,0,0,0,0,0,0,0,0,0,0,0,0,0,0,0,0,0,0,0,0,0,0,0,0,0,0,0,0,0,0,0,0,0,0,0,0,0,0,0,0,0,0,0,0,0,0,0,0,0,0,0,0,0,296,0,0,0,164,108,296,"ccgccagtcgtcggcccttgtcgtccgtcacaaaaatctttgccaatttgactctccactcatgtcgtcgagctcggtagcgtcaaagaaaatttgcgagcacttttacgattcgatcgcgcgactcgagtcgcgtgtcaaaccgccgaggcacactccaagtc","",""
"GL01_000650171","no rank","Vertebrata",0.575,"","","","","","","","","KR029983","[]",7742,0,0,0,0,0,0,0,0,0,0,0,0,0,0,0,0,0,0,0,0,0,0,0,0,0,0,0,0,0,0,0,0,0,0,0,0,0,0,0,0,0,0,0,0,0,0,0,0,0,0,0,0,0,0,0,0,0,0,0,0,0,0,0,0,0,325,0,0,0,0,0,0,0,0,0,0,0,0,0,0,0,0,0,0,0,0,0,175,173,325,"ccaacccacctgttgttgcagagtccctagagctggcatggataacacaacgcgcatgtcgacgtgcatactaatcacaaccatatcatgctcaattccaatacataagtcgtcgagctgtttgggtctcacctgcttcggaagacccattcaattgaatcttaaaaaagcgttc","",""
"GL01_000338675","no rank","Vertebrata",0.542105263157895,"","","","","","","","","LK022697","[]",7742,0,0,0,0,0,0,0,0,0,0,0,0,0,0,0,0,0,0,0,0,0,0,0,0,0,0,0,0,0,0,0,0,0,0,0,0,0,0,0,0,0,0,359,0,0,0,0,0,0,0,0,0,0,0,0,0,0,0,0,0,0,0,0,0,0,0,0,0,0,0,0,0,0,0,0,0,0,0,0,0,0,0,0,0,0,0,0,156,105,359,"attcgttgccatcagcaggtgcaacagtctttgccggattctccaccctgccaagttctggccatggagacgtaagtaccacattcgccacttttgtttccaccaggttcttgaccatcttctcatagatctccgcatcctggttactcttcgcca","",""
"GL01_000035720","no rank","Vertebrata",0.545945945945946,"","","","","","","","","NC_026229","[]",7742,0,0,0,0,0,0,0,0,0,0,0,0,0,0,0,0,0,0,394,0,0,0,0,0,0,0,0,0,0,0,0,0,0,0,0,0,0,0,0,0,0,0,0,0,0,0,0,0,0,0,0,0,0,0,0,0,0,0,0,0,0,0,0,0,0,0,0,0,0,0,0,0,0,0,0,0,0,0,0,0,0,0,0,0,0,0,0,142,69,394,"gcgcgttccagtcgccatcgagtcgttcgtcgtcaagatcgccgctcgttgtaacctcgcgtgtacgtactgctacgagttcttcgcgcatgaccagtcgtggcgctcgagaccaccattcatgtcggtcgagacggctagg","",""
"GL01_000424746","no rank","Vertebrata",0.55026455026455,"","","","","","","","","NC_020610","[]",7742,0,0,0,0,0,0,0,0,0,0,0,0,0,0,0,0,0,0,0,0,0,0,0,0,0,0,0,0,0,0,0,0,0,0,0,0,0,0,0,0,0,0,0,0,0,0,0,0,0,0,0,401,0,0,0,1,0,0,0,0,0,0,0,0,0,0,0,0,0,0,0,0,0,0,0,0,0,0,0,0,0,0,0,1,0,0,0,153,262,403,"tgtgtaagaaacacgggagacatgaatttgttgatgcttcaagaagggccttaagtccgggggtgaaaaatttgctttggtaatgagcatacatgacagacattgggacatgaaattgattgatttcatgaaattgtaagagaatagattggg","",""
"GL01_000652831","no rank","Vertebrata",0.529411764705882,"","","","","","","","","DQ645678","[]",7742,0,0,0,0,0,0,0,0,0,0,0,0,0,0,0,0,0,0,0,0,0,0,0,0,0,0,0,0,0,0,0,0,0,0,0,0,0,0,0,0,0,0,0,0,0,0,0,0,0,0,0,0,0,0,0,0,0,0,0,0,0,0,0,0,0,0,857,0,0,0,0,0,0,0,0,0,0,0,0,0,0,0,0,0,0,0,0,142,182,857,"gatttcggatctggccgtccactctcctggactgcgaggctacactctaggagtccacaaactgggagtttaatctcgcgccaccgattttggatctggcggtccagtctcctggaccgggaggctacactctgggagtcta","",""
"GL01_000339852","no rank","Vertebrata",0.590909090909091,"","","","","","","","","NC_005033","[]",7742,0,0,0,0,0,0,0,0,0,0,0,0,0,0,0,0,0,0,0,0,0,0,0,0,0,0,0,0,0,0,0,0,0,0,0,1,0,0,0,0,0,0,0,1228,0,0,0,0,0,0,0,0,1,0,0,0,1,0,0,0,0,0,0,0,0,0,0,0,0,0,0,0,0,0,0,3,0,0,0,0,0,0,0,0,0,0,0,170,484,1234,"ctaaagaaaaagagtttttaaaagggttcaccaagaggtaagtgattaattttaatatatttttaaaattattgaagtaatgagtaattgatttaaataggatattttgataaaatccatcactcaaatttatgtgcagtatcattcctaaatatacttagaggtaacca","Methylophilales bacterium","0.959"
"GL01_000277588","no rank","Vertebrata",0.554347826086957,"","","","","","","","","NC_002504","[]",7742,0,0,0,0,0,0,0,0,0,0,0,0,0,0,0,0,0,0,0,0,0,0,0,0,0,0,0,0,0,0,0,0,0,0,0,0,0,0,0,0,0,1374,0,0,0,0,0,0,0,0,0,0,0,0,0,0,0,0,0,0,0,0,0,0,0,0,0,0,0,0,0,0,0,0,0,0,0,0,0,0,0,0,0,0,0,0,0,144,417,1374,"cacacacacatgctctcgcccacaattaaacccaggattgttccaaccagcaagtccaggtgcgagacgttcactacggccaatgacgagcctatgcatgccgtactcctcgaagccatcgagcttcccatctggacaggttgc","",""
"GL01_000029297","no rank","Vertebrata",0.538461538461538,"","","","","","","","","DQ645678","[]",7742,0,0,0,0,0,0,0,0,0,0,0,0,0,0,0,0,0,16,0,13,0,0,0,0,0,0,0,0,0,0,0,0,0,0,0,0,0,0,0,0,0,0,0,0,0,0,0,0,0,0,0,0,0,0,0,0,0,1,0,0,32,0,0,0,0,0,0,0,1346,0,0,0,0,0,0,0,0,0,0,0,0,0,0,0,0,0,0,154,302,1408,"ctccacgcagctggtgcccactcccgacctctgcgcaatgcacactcgtccacctggtgcctcaatggagtatggcttgcttcgagaggcgcctcaccttaatcactgtcgaggtcgcgcagctgtgcagggcactgctgacttcacacgtatg","",""
"GL01_000212714","no rank","Vertebrata",0.540540540540541,"","","","","","","","","NC_031628","[]",7742,0,0,0,0,0,0,0,0,0,0,0,0,0,0,0,3,0,0,0,0,0,0,0,0,0,0,0,0,0,0,0,0,0,0,0,0,0,1,0,0,0,8,0,2180,0,0,0,0,0,0,1,0,0,0,0,0,0,0,0,0,0,0,0,0,0,0,1,0,0,0,0,0,0,0,0,2,0,0,0,0,0,0,0,0,0,0,0,143,491,2196,"ccagcgtgccgatcggccataggcctgatgaaaaccatgtgtccagcacatcaggatcctgcgtcagctttacaccgaccccagcctgtgcctgcgcttcggcttcggatgcggcgcaatattgattgccgttggcgtcaaac","uncultured marine bacterium 582","0.965"
"GL01_000009982","no rank","Vertebrata",0.545454545454545,"","","","","","","","","KU159666","[]",7742,0,0,0,0,0,0,0,0,2,0,0,0,0,0,0,0,0,0,0,1,0,0,1565,0,0,0,0,2,0,0,2,0,0,0,0,1,0,0,0,0,0,0,0,0,0,0,0,0,0,0,0,0,5,0,0,0,0,21,1,4,1,1,0,0,0,0,512,0,0,0,0,0,0,0,16,643,0,1,0,0,0,0,0,0,0,0,0,143,393,2778,"ccagcgtgccgatcggccacaggcccgatgaaaaccatgtgtccaacacatcgggatctcgtgtcagctctacaccgaccccggcctgtgcctgcgcttcggcttcggatgcggcgcaatattgattgccgtcggcgtcaaac","uncultured marine bacterium 582","0.923"
"GL01_000025306","no rank","Vertebrata",0.536082474226804,"","","","","","","","","KF374998","[]",7742,0,0,0,0,0,0,0,0,0,0,0,2,0,0,0,0,0,0,0,0,0,0,0,0,0,0,0,0,0,0,0,0,3177,0,0,0,0,0,0,0,0,0,0,0,0,0,0,0,0,0,0,0,0,0,0,0,0,0,0,0,0,0,0,0,0,0,0,0,0,0,0,0,0,0,0,0,0,0,0,0,0,0,0,0,0,0,0,150,465,3179,"cgcaataaccgctcgacgacacccgcagacaacggcacatcatgcgaacagggaacgccgaaccaccgttggtcgaagagtccttacaccaacggccgagcaggttcgcgttgatgcccagctcgtcggcgatctggctcttctttacgc","",""
"GL01_000659276","no rank","Vertebrata",0.568627450980392,"","","","","","","","","NC_010095","[]",7742,0,0,0,0,0,0,0,0,0,0,0,0,0,0,0,0,0,0,0,0,0,0,0,0,1,0,0,0,0,0,0,0,0,0,0,0,0,0,0,0,0,0,0,0,0,0,0,0,0,0,0,0,0,0,0,0,0,0,0,0,0,0,1,0,0,0,0,0,0,7127,0,0,0,0,0,0,0,0,0,0,0,0,0,0,0,0,0,175,1787,7129,"tcaaatcattgctgtctacactgccttccccatgaataaacgagaggtcgataggttgaacgtcggttggccgcgtaggatgcagtgacatctgcacctcgagacgagcctccatcagactaagctcgcgcttcagatctgcattctgaacacacatgtcttcgtgtgtagactg","",""
"GL01_000478934","no rank","Clupeocephala",0.810810810810811,"Opisthokonta","Metazoa","Chordata","Actinopterygii","","","","","KP644346","[]",186625,0,0,0,0,0,0,0,0,0,0,0,0,0,0,0,0,0,0,0,0,0,0,0,0,0,0,0,0,0,0,0,0,0,0,0,0,0,0,0,0,0,0,0,0,0,0,0,0,0,0,0,0,0,115,0,0,0,0,0,0,0,0,0,0,0,0,0,0,0,0,0,0,0,0,0,0,0,0,0,0,0,0,0,0,0,0,0,180,114,115,"accgcggttatacgagaggcccaagttgacttaaattgtacggcgtaaagagtggattatgaaaatttaaacaataaaggtcgaaatatccgtcagagcagttatacgcatccgaggtcacgaagcacagtcacgaaaagtagccctactataattctgaccccaccgaaaaccatagaa","Enchelyopus cimbrius","0.95"
"GL01_000439027","infraclass","Teleostei",0.790055248618785,"Opisthokonta","Metazoa","Chordata","Actinopterygii","","","","","AB096005","[]",32443,0,0,0,0,0,0,0,0,0,0,0,0,0,0,0,0,0,0,0,0,0,0,0,0,0,0,0,0,0,0,0,0,0,0,0,0,0,0,0,0,0,0,0,0,0,0,0,0,0,0,0,0,20,0,0,0,0,0,0,1,0,0,0,0,0,0,0,0,0,0,0,0,0,0,0,0,0,0,0,0,0,0,0,0,0,0,0,168,19,21,"caccgcggttagacgagagaccattcaatgatcaaacggcgtaaagagtggttaagaaccttccaaactaaagctaaaccccctcctggccgttatacgcatccgaaagggtgagacaccactacaaaagtagctttataattacctgactccacgacagttaagaaa","Maurolicus muelleri","0.959"
"GL01_000436095","infraclass","Teleostei",0.767045454545455,"Opisthokonta","Metazoa","Chordata","Actinopterygii","","","","","NC_027858","[]",32443,0,0,0,0,0,0,0,0,0,0,0,0,0,0,0,0,0,0,0,0,0,0,0,0,0,0,0,0,0,0,0,0,0,0,0,0,0,0,0,0,0,0,0,0,0,0,0,0,0,0,0,0,14,0,0,0,0,0,0,12,0,0,0,0,0,0,0,0,0,0,0,0,0,0,0,0,0,0,0,0,0,0,0,0,0,0,0,163,17,26,"accgcggttagacgagagacccaagttgacatcaagcgagaagtgtgataagaccttccaaactaaagctaaaccccctcctggccgttatacgcatccgaaagggtgagacaccactacaaaagtagctttataattacctgactccacgacagttaagaaa","Maurolicus muelleri","0.946"
"GL01_000006973","infraclass","Teleostei",0.810344827586207,"Opisthokonta","Metazoa","Chordata","Actinopterygii","","","","","NC_026718","[]",32443,0,0,0,0,0,0,1,0,0,0,0,0,0,2,0,0,0,0,0,1,1,0,1,0,0,0,0,0,1,0,0,4,0,0,0,11,1,1,1,0,7,8,2,1,0,0,0,0,0,1,1,1,58814,0,0,3,1,10,0,42625,3,0,0,0,0,0,1,0,0,1,0,0,0,1,0,0,5,1,2,0,0,3,0,1,0,1,0,169,10943,101518,"caccgcggttagacgagagacccaagttgacatcaaacggcgtaaagagtggttaagaaccttccaaactaaagctaaaccccctcctggccgttatacgcatccgaaagggtgagacaccactacaaaagtagctttataattacctgactccacgacagttaagaaa","Maurolicus muelleri","1"
"GL01_000113629","order","Aulopiformes",0.819209039548023,"Opisthokonta","Metazoa","Chordata","Actinopterygii","Aulopiformes","","","","AP004210","[Scopelosaurus hoedti| Scopelarchus sp. ausc01| Bathysaurus ferox| Chlorophthalmus nigromarginatus| Alepisaurus ferox| Anotopterus pharao| Harpadon microchir| Coccorella atlantica| Saurida microlepis| Saurida umeyoshii| Omosudis lowii| Saurida wanieso| Saurida undosquamis]",68510,0,0,0,0,0,0,0,0,0,0,0,0,0,1,0,0,0,0,0,0,0,0,0,0,0,0,0,0,0,0,0,0,0,0,0,2,0,0,1,0,1,0,1,0,0,1,0,0,0,0,2,0,0,0,0,1,0,3,0,0,2,0,0,0,0,0,3,0,0,0,0,0,0,0,0,0,1,0,1,0,0,0,0,34543,1,0,0,172,3719,34564,"caccgcggttatacgagcgggcccaagctgacagacatcggcgtaaagcgtggttacggaacagcccaactaaagtcaaacattccctatgctgttatacgcttttggggaccggatgccccaccactaaagtaactttaaaagccttcccgaacccaccatagctacgaaa","Notolepis coatsorum","0.988"
"GL01_000585622","subfamily","Clupeinae",0.942528735632184,"Opisthokonta","Metazoa","Chordata","Actinopterygii","Clupeiformes","Clupeidae","","","KC193687","[Sprattus sprattus| Clupea pallasii| Clupea harengus]",7948,0,0,0,0,0,0,0,0,0,0,0,0,0,0,0,0,0,0,0,0,0,0,0,0,0,0,0,0,0,0,0,0,0,0,0,0,0,0,0,0,0,3,0,0,0,0,0,0,0,0,0,0,0,0,0,0,0,0,0,11,0,1,1,0,0,0,0,0,0,0,1,0,0,0,0,0,0,0,2,0,0,0,0,0,0,0,0,169,17,19,"caccgcggttatacgagagaccctagttgatatatttgcgaagaagtgtgtgaatgaacaagcactaaagccaaagagccctcaggccgttatacgcacccggggcctcgaaccactatcacgaaagtagctttaccctcgcccaccagaacccacgagagctgggaca","Clupea harengus","0.942"
"GL01_000000040","species","Clupea harengus",1,"Opisthokonta","Metazoa","Chordata","Actinopterygii","Clupeiformes","Clupeidae","Clupea","Clupea harengus","KC193777","[Clupea harengus]",7950,17,0,0,2,5,0,9,0,0,1,9,3,8,2,2,3,0,30,6,4,1,8,16,2,3,0,6,3,5,0,4,33,4,0,0,25,9,48218,24,14,18146,16770,11,15326,0,8,3479,26,0,31208,20385,1,23936,1390,0,7,3,22,58,133524,15,20490,65903,0,4,28,2,1,2,6,17457,2,0,11,2,22571,4452,10,11109,0,4,5,3,15,1,1,0,172,80362,454870,"caccgcggttatacgagagaccctagttgatatattcggcgtaaagagtggttatggaaaacaagcactaaagccaaagagccctcaggccgttatacgcacccggggcctcgaaccactatcacgaaagtagctttaccctcgcccaccagaacccacgagagctgggaca","Clupea harengus","1"
"GL01_000210699","order","Gadiformes",0.854651162790698,"Opisthokonta","Metazoa","Chordata","Actinopterygii","Gadiformes","","","","KP644346","[]",8043,0,0,0,0,0,0,0,0,0,0,0,0,0,0,0,0,0,0,0,0,0,0,0,0,0,0,0,0,0,0,0,0,0,0,0,1,0,3,0,0,1,0,0,0,0,0,0,0,0,0,1,0,1,1650,0,0,0,1,0,0,0,0,0,0,0,0,0,0,0,1,0,0,0,0,0,0,0,0,1,0,0,0,0,0,0,0,0,169,846,1660,"accgcggttatacgagaggcccaagttgattaaatgcggcgtaaagagtggttatgaaaattaaacaataaggtcgaatatcctcagagcagttatacgcatccgaggtcacgaagcacagtcacgaaagtagccctactataattctgaccccacgaaaaccatagaa","Enchelyopus cimbrius","1"
"GL01_000016641","suborder","Gadoidei",0.84375,"Opisthokonta","Metazoa","Chordata","Actinopterygii","Gadiformes","","","","NC_004449","[]",1489845,0,0,0,0,0,0,0,0,0,1,0,0,0,0,0,0,0,0,0,0,0,0,0,0,0,0,0,0,0,0,1,1,0,0,0,1,0,0,0,0,0,2,0,0,0,0,0,0,0,3,0,0,0,0,0,0,0,0,0,0,0,0,0,0,0,0,0,0,0,0,0,0,0,0,0,0,0,0,3,0,0,0,0,0,0,0,0,188,12,12,"cgcggttactcacggatgaggcccaaattgagcattgaaaaacggaaacggaaagacgtggttgataaaaaagaaaagaaataaatggccggaccagcactttcaaaagcagtttatacgcatccgaagtcacgaagaacaatcacgaaagttgccctaaaacctccgattccacgaaagccataaaa","",""
"GL01_000098861","suborder","Gadoidei",0.898876404494382,"Opisthokonta","Metazoa","Chordata","Actinopterygii","Gadiformes","","","","EU877741","[Boreogadus saida| Gadus morhua| Arctogadus glacialis| Pollachius pollachius| Gadus macrocephalus| Microgadus proximus| Trisopterus minutus| Gadus ogac| Gadus chalcogrammus| Melanogrammus aeglefinus| Micromesistius poutassou| Merlangius merlangus| Lota lota]",1489845,0,0,0,0,0,0,0,0,0,0,0,0,0,0,0,0,0,0,0,0,0,0,0,0,0,0,0,0,0,0,0,0,0,0,0,3,0,0,0,0,1,0,0,0,0,1,0,0,0,0,0,0,1,0,0,0,0,0,0,0,0,0,0,0,0,0,0,0,0,0,0,0,0,0,0,1,0,3,1,0,0,1,0,0,0,0,0,175,8,12,"agccgcggtaatacggagggatctagcgttattcggaataactgggcgtaaagcgtggttaagaaaaaagagaaaatatggccgaacagcttcaaagcagttatacgcatccgaagtcacgaagaacaatcacgaaagttgccctaaaacctccgattccacgaaagccataaaa","Gadus morhua","1"
"GL01_000394959","suborder","Gadoidei",0.873015873015873,"Opisthokonta","Metazoa","Chordata","Actinopterygii","Gadiformes","","","","NC_004449","[]",1489845,0,0,0,0,0,0,0,0,0,0,0,0,0,0,0,0,0,0,0,0,0,0,0,0,0,0,0,0,0,0,0,0,0,0,0,0,0,0,0,0,0,0,0,0,0,0,0,0,0,0,143,0,0,0,0,0,0,0,0,0,0,0,0,0,0,0,0,0,0,0,0,0,0,0,0,0,0,0,0,0,0,0,0,0,0,0,0,186,142,143,"ccgcggttactcacggatgaggcccaaaattgagcattgaaaaacggaaacggctaaagtacatagtttaagaaaaaaaagagaaaaatatggccgacagcttcaaagcagttatacgcatccgaagtcacgaagaacaatcacgaaagttgccctaaaacctccgattccacgaaagccataaaa","Gadus morhua","0.929"
"GL01_000088746","suborder","Gadoidei",0.848648648648649,"Opisthokonta","Metazoa","Chordata","Actinopterygii","Gadiformes","","","","NC_004449","[]",1489845,0,0,0,0,0,0,0,5,2,0,0,0,0,0,0,0,0,1,0,0,1,0,0,0,0,0,0,0,0,0,9,2,0,0,0,75,0,0,4,0,0,17,0,0,3,0,0,0,0,41,0,0,35,0,0,0,0,0,0,1,5,0,0,0,0,0,5,0,0,1,0,0,0,4,0,3,0,0,13,0,0,0,0,0,0,0,0,178,198,227,"cgcggttactcacggatgaggcccaaattgagcattgaaaaacggaaacggaagagtggttgataaaaaagaaaagaaataaatgcggaccacttcaaagcagttatacgcatccgaagtcacgaagaacaatcacgaaagttgccctaaaacctccgattccacgaaagccataaaa","",""
"GL01_000318474","suborder","Gadoidei",0.901098901098901,"Opisthokonta","Metazoa","Chordata","Actinopterygii","Gadiformes","","","","NC_004449","[Boreogadus saida| Microgadus proximus| Arctogadus glacialis| Pollachius pollachius| Gadus macrocephalus| Gadus morhua| Gadus ogac| Gadus chalcogrammus| Melanogrammus aeglefinus| Micromesistius poutassou| Merlangius merlangus| Lota lota]",1489845,0,0,0,0,0,0,0,4,7,10,0,0,0,0,0,0,0,3,0,0,5,0,0,0,0,0,0,0,0,0,0,38,0,0,0,22,0,0,1,0,32,77,6,0,0,2,0,0,0,39,0,0,76,0,0,0,2,0,0,0,7,0,1,0,0,0,2,0,0,8,0,0,0,7,0,1,15,1,34,0,0,1,0,0,0,0,0,178,140,401,"accgcggttatacgagaggcccaaattgacatgaaaacggaacgtaagacgtggttgaataaaaaaagaaagaataatggccggaccaagctttcaaagcagtttatacgcatccgaagtcacgaagaacaatcacgaaagttgccctaaaacctccgattccacgaaagccataaaa","Gadus morhua",""
"GL01_000079355","family","Gadidae",0.954285714285714,"Opisthokonta","Metazoa","Chordata","Actinopterygii","Gadiformes","Gadidae","","","EU877741","[Boreogadus saida| Gadus morhua| Arctogadus glacialis| Pollachius pollachius| Gadus macrocephalus| Microgadus proximus| Gadus ogac| Gadus chalcogrammus| Melanogrammus aeglefinus| Merlangius merlangus]",8045,0,0,0,0,0,0,0,0,0,0,0,0,0,0,0,0,0,0,0,0,0,0,0,0,0,0,0,0,0,0,0,2,0,0,0,3,0,0,0,0,2,1,0,0,0,1,0,0,0,1,0,0,0,0,0,0,0,0,0,0,0,0,0,0,0,0,0,0,0,0,0,0,0,0,0,0,0,0,2,0,0,0,0,0,0,0,0,173,3,12,"accgcggttatacgagaggcccaaattgatgaaaaacggacgtaaagcgtggttaagaaaaagagaagaaatgactggaccgaacagcttcaaagcagttatacgcatccgaagtcacgaagaacaatcacgaaagttgccctaaaacctccgattccacgaaagccataaaa","Arctogadus glacialis","0.965"
"GL01_000097417","family","Gadidae",0.937142857142857,"Opisthokonta","Metazoa","Chordata","Actinopterygii","Gadiformes","Gadidae","","","EU877741","[Boreogadus saida| Gadus morhua| Arctogadus glacialis| Pollachius pollachius| Gadus macrocephalus| Microgadus proximus| Gadus ogac| Gadus chalcogrammus| Melanogrammus aeglefinus| Merlangius merlangus]",8045,0,0,0,0,0,0,0,0,0,0,0,0,0,0,0,0,0,0,0,0,0,0,0,0,0,0,0,0,0,0,0,0,0,0,0,10,0,0,0,0,0,1,0,0,0,0,0,0,0,0,0,0,0,0,0,0,0,0,0,0,0,0,0,0,0,0,0,0,0,0,0,0,0,0,0,0,0,0,1,0,0,0,0,0,0,0,0,170,12,12,"accgcggttatacgagaggcccaaagttgacaatgaaaacggacgtaaagcgtggttaagaaaaagaagaaaatatggccgacacttcaaagcagttatacgcatccgaagtcacgaagaacaatcacgaaagttgccctaaaacctccgattccacgaaagccataaaa","Gadus morhua","0.942"
"GL01_000287570","family","Gadidae",0.932960893854749,"Opisthokonta","Metazoa","Chordata","Actinopterygii","Gadiformes","Gadidae","","","DQ356941","[Boreogadus saida| Microgadus proximus| Arctogadus glacialis| Pollachius pollachius| Gadus macrocephalus| Gadus morhua| Gadus ogac| Gadus chalcogrammus| Melanogrammus aeglefinus| Merlangius merlangus]",8045,0,0,0,0,0,0,0,0,1,0,0,0,0,0,0,0,0,0,0,0,0,0,0,0,0,0,0,0,0,0,0,0,0,0,0,0,0,0,0,0,0,2,0,0,0,0,0,0,0,3,0,0,2,0,0,0,0,0,0,0,0,0,0,0,0,0,0,0,0,0,0,0,0,1,0,0,0,0,1,0,0,2,0,0,0,0,0,177,4,12,"accgcggttatacgagaggcccaaattgacatgaaaaacggaacggtaaagcgtggttaagaaaaaagaaagaaaataatggccggaccaacttcaaagcagttatacgcatccgaagtcacgaagaacaatcacgaaagttgccctaaaacctccgattccacgaaagccataaaa","Gadus morhua","0.943"
"GL01_000240005","family","Gadidae",0.953488372093023,"Opisthokonta","Metazoa","Chordata","Actinopterygii","Gadiformes","Gadidae","","","EU877741","[Boreogadus saida| Gadus morhua| Arctogadus glacialis| Pollachius pollachius| Gadus macrocephalus| Microgadus proximus| Gadus ogac| Gadus chalcogrammus| Melanogrammus aeglefinus| Merlangius merlangus]",8045,0,0,0,0,0,0,0,0,0,0,0,0,0,0,0,0,0,0,0,0,0,0,0,0,0,0,0,0,0,0,0,1,0,0,0,1,0,0,0,0,5,1,0,0,0,0,0,0,0,2,0,0,0,0,0,0,0,0,0,0,0,0,0,0,0,0,0,0,0,5,0,0,0,0,0,0,0,0,0,0,0,1,0,0,0,0,0,168,8,16,"caccgcggttatacgagaggcccaaattgatgaaaaacggcgtaaagcgtggttaagaaaaaagagaaaatatggccgaacagcttcaaagcagttatacgcatccgaagtcacgaagaacaatcacgaaagttgccctaaacgacctctcatcaacgaaccataaaa","Gadus morhua","0.953"
"GL01_000077129","family","Gadidae",0.921348314606742,"Opisthokonta","Metazoa","Chordata","Actinopterygii","Gadiformes","Gadidae","","","DQ356941","[Boreogadus saida| Microgadus proximus| Arctogadus glacialis| Pollachius pollachius| Gadus macrocephalus| Gadus morhua| Gadus ogac| Gadus chalcogrammus| Melanogrammus aeglefinus| Merlangius merlangus]",8045,0,0,0,0,0,0,0,2,1,3,0,0,0,0,0,0,0,4,0,0,1,0,0,0,0,0,0,0,0,0,1,17,0,0,0,4,0,0,1,0,4,31,0,0,0,1,0,0,0,8,0,0,13,0,0,0,0,0,0,0,3,0,0,0,0,0,1,0,0,2,0,0,0,3,0,1,0,1,15,0,0,1,0,0,0,0,0,174,15,118,"accgcggttatacgagaggcccaaattgacattgaaaaaggaacgtaagcgtggttaagaaaaaagaaagaaataatggccggaccaacttcaaagcagttatacgcatccgaagtcacgaagaacaatcacgaaagttgccctaaaacctccgattccacgaaagccataaaa","Gadus morhua","0.931"
"GL01_000000007","family","Gadidae",0.994117647058824,"Opisthokonta","Metazoa","Chordata","Actinopterygii","Gadiformes","Gadidae","","","DQ356942","[Melanogrammus aeglefinus| Merlangius merlangus]",8045,4,1,0,1,3,0,0,1,2,0,1,0,0,2,0,3,0,0,0,1,0,6,1,0,1,0,0,0,0,0,0,3,3,0,0,418,0,1,3258,0,19,6,0,0,1,2,0,0,0,4286,4,0,7999,567,1,2,1,5,2986,1,0,0,0,0,0,0,1042,0,2,10,0,9,1,7,0,0,11362,13816,3,0,0,1,0,1,0,1,0,169,54,45845,"accgcggttatacgagaggctcaaattgatgaaaaacggcgtaaagcgtggttaagaaaacaagagaaaatatggccgaacagcttcaaagcagttatacgcatccgaagtcacgaagaacaatcacgaaagttgccttaaaacctctgattccacgaaagccataaaa","Melanogrammus aeglefinus | Merlangius merlangus","1 | 1"
"GL01_000078628","genus","Gadus",0.925714285714286,"Opisthokonta","Metazoa","Chordata","Actinopterygii","Gadiformes","Gadidae","Gadus","","EU877741","[Gadus macrocephalus| Gadus morhua]",8048,0,0,0,0,0,0,0,0,0,0,0,0,0,0,0,0,0,0,0,0,0,0,0,0,0,0,0,0,0,0,0,1,0,0,0,2,0,0,0,0,3,2,0,0,0,0,0,0,0,3,0,0,1,0,0,0,0,0,0,0,0,0,0,0,0,0,0,0,0,0,0,0,0,0,0,0,0,0,0,0,0,0,0,0,0,0,0,173,12,12,"accgcggttatacgagaggcccaaattgatgaaaaacggacgtagagcggttgataaaagaaaagaaagaaatgactggacgaacagcttcaaagcagttatacgcatccgaagtcacgaagaacaatcacgaaagttgccctaaaacctccgattccacgaaagccataaaa","Arctogadus glacialis","0.931"
"GL01_000007323","genus","Gadus",0.942528735632184,"Opisthokonta","Metazoa","Chordata","Actinopterygii","Gadiformes","Gadidae","Gadus","","EU877741","[Gadus macrocephalus| Gadus morhua]",8048,0,0,0,0,0,0,0,7,0,0,0,0,0,0,0,0,0,0,0,0,0,0,0,0,0,0,0,0,0,0,0,1,0,0,0,5,0,0,0,0,0,0,0,0,0,0,0,0,0,1,0,0,1,0,0,0,0,0,0,0,0,0,0,0,0,0,0,0,0,0,0,0,0,0,0,2,0,0,0,0,0,0,0,0,0,0,0,172,2,17,"cgcagcttcatacgagaggccaaagcatttgatgaaaaaacggcgtaaagcgtggttaagaaaaaagagaaaatatggccgaacagcttcaaagcagttatacgcatccgaagtcacgaagaacaatcacgaaagttgccctaaaacctccgattccacgaaagccataaaa","Gadus morhua","0.969"
"GL01_000029308","genus","Gadus",0.959537572254335,"Opisthokonta","Metazoa","Chordata","Actinopterygii","Gadiformes","Gadidae","Gadus","","EU877741","[Gadus macrocephalus| Gadus morhua]",8048,0,0,0,0,0,0,0,0,0,0,0,0,0,0,0,0,0,1,0,0,0,0,0,0,0,0,0,0,0,0,0,3,0,0,0,0,0,0,0,0,3,4,0,0,0,0,0,0,0,2,0,0,0,0,0,0,0,0,0,1,1,0,0,0,0,0,0,0,0,0,0,0,0,0,0,0,0,0,2,0,0,0,0,0,0,0,0,171,1,17,"accgcggctatacgagaggcccaaattgatgaaaaaccggcgtaaagacgtggttaaagaaaaaagagaaatatggaccgaacagcttcaaagcagttatacgcatccgaagtcacgaagaacaatcacgaaagttgccctaaaacctccgattccacgaaagccataaaa","Gadus morhua","0.965"
"GL01_000047596","genus","Gadus",0.948571428571429,"Opisthokonta","Metazoa","Chordata","Actinopterygii","Gadiformes","Gadidae","Gadus","","EU877741","[Gadus macrocephalus| Gadus morhua]",8048,0,0,0,0,0,0,0,0,0,0,0,0,0,0,0,0,0,0,0,0,2,0,0,0,0,0,0,0,0,0,0,11,0,0,0,5,0,0,2,0,8,10,0,0,1,0,0,0,0,18,0,0,5,0,0,0,0,0,0,0,2,0,0,0,0,0,3,0,0,3,0,0,0,1,0,0,0,0,15,0,0,0,0,0,0,0,0,173,4,86,"accgcggttatgcgagaggcccaaattgatgaaaaaccggacgtaaagacgtggttaaagaaaaaagagaaataatggaccgaacagcttcaaagcagttatacgcatccgaagtcacgaagaacaatcacgaaagttgccctaaaacctccgattccacgaaagccataaaa","Gadus morhua","0.954"
"GL01_000015322","genus","Gadus",0.959302325581395,"Opisthokonta","Metazoa","Chordata","Actinopterygii","Gadiformes","Gadidae","Gadus","","EU877741","[Gadus macrocephalus| Gadus morhua]",8048,0,0,0,0,0,0,0,0,2,0,0,0,0,0,0,0,0,0,0,0,0,0,0,0,0,0,0,1,0,0,0,0,0,0,0,131,0,0,0,0,0,0,0,0,0,0,0,0,0,0,0,0,0,0,0,0,0,0,0,0,0,0,0,0,0,0,0,0,0,0,0,0,0,1,0,0,0,0,0,0,0,0,0,0,0,0,0,170,50,135,"accgcggttatacgagaggcccaagttgacaaacaacggcgtaaagcgtggttaagaaaaaagagaaaaatatggccgaacagcttcaaagcagattatacgcatccgaagtcacgaagaacaatcacgaaagttgccctaaaacctccgattccacgaaagccataaaa","Gadus morhua","0.965"
"GL01_000007007","genus","Gadus",0.965317919075145,"Opisthokonta","Metazoa","Chordata","Actinopterygii","Gadiformes","Gadidae","Gadus","","EU877741","[Gadus macrocephalus| Gadus morhua]",8048,0,0,0,0,0,0,0,41,1,3,0,0,0,0,0,0,0,1,0,0,3,0,0,0,0,0,0,0,0,0,8,6,0,0,0,32,0,0,2,0,0,8,4,0,1,1,0,0,0,2,0,0,21,0,0,0,0,0,0,0,1,0,0,0,0,0,4,0,0,3,0,0,0,5,0,37,1,0,8,1,0,1,0,0,0,0,0,172,1,195,"accgcagttatacgagaggcccaaacatttgatgaaaaaacggcgtaaagcgtggttaagaaaaaagagaaaatatggccgaacagcttcaaagcagttatacgcatccgaagtcacgaagaacaatcacgaaagttgccctaaaacctccgattccacgaaagccataaaa","Gadus morhua","0.971"
"GL01_000291124","genus","Gadus",0.942528735632184,"Opisthokonta","Metazoa","Chordata","Actinopterygii","Gadiformes","Gadidae","Gadus","","EU877741","[Gadus macrocephalus| Gadus morhua]",8048,0,0,0,0,0,0,0,0,0,0,0,0,0,0,0,0,0,0,0,0,0,0,0,0,0,0,0,0,0,0,0,0,0,0,0,0,0,0,0,0,0,1,0,0,0,0,0,0,0,1,2470,0,0,0,0,0,0,0,0,0,0,0,0,0,0,0,0,0,0,0,0,0,0,0,0,0,0,0,0,0,0,0,0,0,0,0,0,171,1,2472,"accgcggttatacgagaggcccaaattgacatgaaaacggaacgtaagacatagttaagaaaaaagagaaaatatggccgaacagcttcaaagcagttatacgcatccgaagtcacgaagaacaatcacgaaagttgccctaaaacctccgattccacgaaagccataaaa","Gadus morhua","0.948"
"GL01_000007017","genus","Gadus",1,"Opisthokonta","Metazoa","Chordata","Actinopterygii","Gadiformes","Gadidae","Gadus","","EU877741","[Gadus macrocephalus| Gadus morhua]",8048,10,13,1,0,6,18,5,3130,10297,3927,1,4,2,10,0,4,0,5341,2,1,2197,5,1,18,9,21,0,1,4,1,3790,26754,4,5,1,30926,5,4,4668,3,149268,63538,1911,4,1645,6472,5,0,0,52565,43159,4,28929,410,1,3,2415,21,2045,1514,6234,5,1498,0,1,6,3768,6,3,45313,2,8,4,14754,1,5448,17029,12796,21362,1,5,5265,0,14,1,5,3,169,114352,578630,"caccgcggttatacgagaggcccaaattgatgaaaaacggcgtaaagcgtggttaagaaaaaagagaaaatatggccgaacagcttcaaagcagttatacgcatccgaagtcacgaagaacaatcacgaaagttgccctaaaacctccgattccacgaaagccataaaa","Gadus morhua","1"
"GL01_000051720","genus","Pollachius",0.994117647058824,"Opisthokonta","Metazoa","Chordata","Actinopterygii","Gadiformes","Gadidae","Pollachius","","DQ356945","[Pollachius pollachius| Pollachius virens]",8059,0,1,0,0,0,0,0,0,0,0,0,0,0,0,0,0,0,0,0,0,0,0,0,0,0,1,0,0,0,0,0,2,0,1,0,1,0,0,1,0,2,0,0,1,2,14052,0,0,0,1,1,0,1,1,0,0,1,2,0,1,0,0,0,0,0,3,0,0,0,0,0,2,0,2,1,1,3,2,0,1,0,0,0,0,0,2,0,169,803,14089,"accgcggttatacgagaggctcaaattgatgaaaaacggcgtaaagcgtggttaagaaaataagaggaaatacggccgaacaacttcaaagcagttatacgcatccgaagtcacgaagaacaatcacgaaagttgccctaaaatctccgattccacgaaagccataaaa","Pollachius virens","1"
"GL01_000000051","species","Brosme brosme",0.976470588235294,"Opisthokonta","Metazoa","Chordata","Actinopterygii","Gadiformes","Lotidae","Brosme","Brosme brosme","LC091828","[Brosme brosme]",81638,0,3,0,0,1,0,7,0,0,0,0,0,4,0,0,0,0,0,0,2,0,0,0,0,0,0,0,0,0,2,0,0,0,0,0,0,0,0,0,0,0,0,0,0,0,0,1,0,0,1,0,0,0,0,0,0,0,1,0,0,0,0,0,0,0,0,2,1,0,0,0,3,0,0,0,0,0,0,0,0,0,1,0,0,0,0,0,169,18,29,"caccgcggttatacgagagacccaaattgatgaaaaacggcgtaaagcgtggttaagaaaataagaaaaatagggtcgaacagcctcaaagcagttatacgcattcgaggccacgaagcacagtcacgaaagtggcctactaacccctgattccacgaaagccatagaa","Brosme brosme","0.994"
"GL01_000000030","species","Lophius piscatorius",1,"Opisthokonta","Metazoa","Chordata","Actinopterygii","Lophiiformes","Lophiidae","Lophius","Lophius piscatorius","NC036988","[Lophius piscatorius]",8074,3,0,0,1,0,0,0,0,0,0,0,0,3,0,0,0,0,4,0,0,1,10,6,0,0,0,8,0,0,0,8,0,0,0,0,0,0,0,1,0,0,0,0,0,0,0,0,6,0,14,0,0,0,0,0,0,0,0,0,3,0,0,0,0,0,0,0,0,0,0,3,0,0,1,0,0,0,0,0,0,0,0,2,3,0,0,0,169,22,77,"caccgcggttatacgagaggcccaagttgacaacagtcggcgtaaagcgtggttaggccatcaacccccactaaagtcgaatgccctcaaagctgttatacgcacccgagggttagaagttcaaatacgaaagtaactttataagtctgaacccacgaaagctacggca","Lophius piscatorius","1"
"GL01_000000074","species","Gymnoscopelus nicholsi",1,"Opisthokonta","Metazoa","Chordata","Actinopterygii","Myctophiformes","Myctophidae","Gymnoscopelus","Gymnoscopelus nicholsi","AP012250","[Gymnoscopelus nicholsi]",123325,0,1,0,0,0,0,2,0,0,0,0,0,0,0,0,0,0,1,0,0,0,0,0,0,1,0,0,0,1,0,0,0,0,0,0,9,0,1,0,0,1,1,1,0,0,0,0,0,0,2,1,0,5,0,9,0,0,5,0,4,2,1,1,0,1,0,0,0,0,1,0,0,0,1,0,0,0,0,4,0,0,0,0,0,132158,0,0,170,11266,132214,"caccgcggtcatacgagtgagcccaagcggataatcagcggcgtaaagagtggttagggacccctaaaactaaagctgaacgcccgcagggccgttatacgcatccgacagcatgaaaccccaccacgaaagtggctttaatccaacccgaacccacgacagctatgata","Gymnoscopelus nicholsi","1"
"GL01_000000004","species","Mallotus villosus",0.988095238095238,"Opisthokonta","Metazoa","Chordata","Actinopterygii","Osmeriformes","Salangidae","Mallotus","Mallotus villosus","HM106491","[Mallotus villosus]",30960,2,3,0,2,0,2,8,6,4,56036,3,32627,2,9,0,3,2,8,1,11,0,5,1,4,0,18,2,2,8,4,15118,8,2,0,2,126142,4,29,16,0,28,42252,33,12,11,47,1,3,1,29739,26459,7,29701,79,7632,1,3,976975,2,18,27,11730,1992,6,13,9,20,1,1,3,3,3,3,219,0,5,1467,1,2,12,9,85825,4,10,3,2,1,167,126152,1444469,"accgcggttatacgagtggcccaagttgaaagttaccggcgtaaagagtggttagggaaaaaataaactaaagtcgaacaccccctaggctgttatacgcttctgggggaacgaagccccactacgaaggtggctttaatacacctgaacccacgacaactaagata","Mallotus villosus","0.994"
"GL01_000724578","suborder","Notothenioidei",0.926136363636364,"Opisthokonta","Metazoa","Chordata","Actinopterygii","Perciformes","","","","KU341409","[Chionodraco myersi| Chionodraco rastrospinosus| Dissostichus mawsoni| Champsocephalus gunnari| Gymnodraco acuticeps| Chionodraco hamatus| Chaenocephalus aceratus]",8205,0,0,0,0,0,0,0,0,0,0,0,0,0,0,0,0,0,0,0,0,0,0,0,0,0,0,0,0,0,0,0,0,0,0,0,0,0,0,0,0,0,0,0,0,0,0,0,0,0,0,0,0,0,0,0,0,0,0,0,0,0,0,0,0,0,0,0,0,0,0,0,0,0,0,0,0,0,0,0,0,0,0,0,14,0,0,0,172,3,14,"ccgcggttatacgagaggcccaagttgatagtccacggcgtaaagagtggttagggaagaataaataactaaagccagaatgattttaaatcgctgttatacgcacccaaaaacgagaagtccaaccacgaaagttgctttactaaaccctgaacccacgaaagctagggaa","Pseudochaenichthys georgianus","0.971"
"GL01_000719889","suborder","Notothenioidei",0.937142857142857,"Opisthokonta","Metazoa","Chordata","Actinopterygii","Perciformes","","","","KU341409","[Chionodraco myersi| Gymnodraco acuticeps| Chionodraco hamatus| Chionodraco rastrospinosus| Chaenocephalus aceratus]",8205,0,0,0,0,0,0,0,0,0,0,0,0,0,0,0,0,0,0,0,0,0,0,0,0,0,0,0,0,0,0,0,0,0,0,0,0,0,0,0,0,0,0,0,0,0,0,0,0,0,0,0,0,0,0,0,0,0,0,0,0,0,0,0,0,0,0,0,0,0,0,0,0,0,0,0,0,0,0,0,0,0,0,0,27,0,0,0,172,1,27,"accgcggttatacgagaggcccaagttgatagtccacggcgtaaagagtggttagggaaaataaatactaaagccgaatgttttaaacgctgttatacgcacccaaaaacgagaagtccaaaccacgaaagttgctttactaaaccctgaacccacgaaaacgcctagggaa","Pseudochaenichthys georgianus","0.971"
"GL01_000000013","genus","Anarhichas",0.994082840236686,"Opisthokonta","Metazoa","Chordata","Actinopterygii","Perciformes","Anarhichadidae","Anarhichas","","EF427918","[Anarhichas denticulatus| Anarhichas minor| Anarhichas lupus]",8203,2,1,1,1,1,0,0,0,0,1,0,0,0,3,0,0,0,2,2,0,0,2,0,0,0,0,0,0,2,0,4,4,1,0,0,4,0,0,0,0,11,15477,1184,1,0,20668,1,2,0,3475,0,1671,8060,843,0,1,2,4,0,2,1,0,0,0,0,0,3346,0,0,1,0,0,0,1,0,0,651,0,2,0,0,2,2,0,0,0,0,168,897,55439,"accgcggttatacgagaggcccaagttgaaagaccccggcgtaaagcgtggttaagttaaaatttgtactaaagccgaacatcttcacggctgttatacgcacccgaagataagaagttcaaccacgaaggtagctttatttaatctgaacccacgaaagctacggca","Anarhichas spp.  ||  Anarhichas denticulatus | Anarhichas lupus | Anarhichas minor","1 | 1 | 1"
"GL01_000056613","family","Channichthyidae",0.95906432748538,"Opisthokonta","Metazoa","Chordata","Actinopterygii","Perciformes","Channichthyidae","","","KU341409","[Chionodraco myersi| Chionodraco hamatus| Chionodraco rastrospinosus| Chaenocephalus aceratus]",30806,0,0,0,0,0,0,0,0,0,0,0,0,0,0,0,0,0,0,0,0,0,0,0,0,0,0,0,0,1,0,0,0,0,0,0,1,0,0,0,0,1,1,1,0,0,0,0,0,0,0,4,0,0,0,0,0,0,1,0,0,1,0,0,0,0,0,1,0,0,0,0,0,0,1,0,0,0,0,1,0,0,0,0,4749,0,0,0,168,2435,4763,"accgcggttatacgagaggcccaagttgatagtccacggcgtaaagagtggttagggaaaataaatactaaagccgaatgttttaaacgctgttatacgcacccaaaaacgagaagtccaaccacgaaagttgctttactaaaccctgaacccacgaaagctagggaa","Pseudochaenichthys georgianus","0.994"
"GL01_000048087","species","Myoxocephalus scorpius",1,"Opisthokonta","Metazoa","Chordata","Actinopterygii","Perciformes","Cottidae","Myoxocephalus","Myoxocephalus scorpius","LC036924","[Myoxocephalus scorpius]",8097,3,0,0,0,0,0,0,0,0,0,0,0,0,0,0,1,0,5,0,0,0,4,1,0,0,0,0,0,1,0,1,0,0,0,0,10,0,1,5,0,5,59110,1,0,0,3,0,2,0,6,0,0,12,1,0,0,0,4,0,2,1,0,0,0,0,1,2,0,2,0,0,0,0,2,0,1,2,0,1,0,3,0,4,0,0,0,0,169,6865,59197,"caccgcggttatacgagaggcccaagttgacaaacaccggcgtaaagcgtggttaagtaaaaactcacactaaagccaaacatcttccaggctgttatacgcaaccgaagacaggaagttcaaccacgaaagtggctttatctagtctgaacccacgaaagctaaggaa","Myoxocephalus scorpius","1"
"GL01_000000101","species","Cyclopterus lumpus",0.994082840236686,"Opisthokonta","Metazoa","Chordata","Actinopterygii","Perciformes","Cyclopteridae","Cyclopterus","Cyclopterus lumpus","KM057954","[Cyclopterus lumpus]",8103,0,0,0,3,0,0,0,0,0,0,0,0,0,0,0,0,0,2,0,0,0,0,0,0,2,0,0,0,0,0,2,1,0,0,0,0,0,0,5,0,0,0,0,0,0,0,0,1,0,6,0,1,0,0,0,0,0,0,0,3,1,0,0,0,0,2,0,0,0,0,0,0,0,2,0,0,2,0,0,0,0,0,0,3,1,0,0,168,24,37,"accgcggttatacgagaggcccaagttgacagacaccggcgtaaagagtggttaagctaaaacttaaactaaagccaaacatcttcaagactgttatacgtacccgaagacaggaaactcaaccacgaaagtagctttatttaatctgaccccacgaaagctacggca","Cyclopterus lumpus","1"
"GL01_000081497","genus","Pholis",0.988095238095238,"Opisthokonta","Metazoa","Chordata","Actinopterygii","Perciformes","Pholidae","Pholis","","FJ687232","[Pholis crassispina| Pholis nebulosa]",56725,0,0,0,0,4,0,0,0,0,0,0,0,0,0,0,0,0,0,0,1,1,0,0,0,0,0,0,0,0,0,0,0,13,0,0,0,0,0,0,0,0,0,0,0,0,0,0,0,0,0,0,0,0,0,0,0,1,0,0,0,0,0,0,0,0,0,0,0,0,0,0,0,0,0,0,0,0,0,0,0,0,4,0,0,0,0,0,168,15,24,"caccgcggttatacgagaggcccaagttgacagacatcggcgtaaagagtggttaagttaaaattgtactaaagccgaacatcctccaggctgttatacgcatccgaagataagaagttcaaccacgaaggtagctttatttaatctgaacccacgaaagctacggca","Pholis gunnellus","1"
"GL01_000338929","genus","Sebastes",0.988095238095238,"Opisthokonta","Metazoa","Chordata","Actinopterygii","Perciformes","Sebastidae","Sebastes","","EU008930","[Sebastes owstoni| Sebastes ruberrimus| Sebastes hubbsi| Sebastes oblongus| Sebastes pachycephalus| Sebastes steindachneri| Sebastes taczanowskii| Sebastes vulpes| Sebastes inermis| Sebastes thompsoni| Sebastes schlegelii| Sebastes trivittatus| Sebastes koreanus| Sebastes longispinis]",34820,0,0,0,0,0,0,0,0,0,0,0,0,0,0,0,0,0,0,0,0,0,0,0,0,0,0,0,0,0,0,0,0,0,0,0,5,0,0,0,0,0,1,2,0,0,0,0,0,0,0,920,0,4,0,0,0,0,0,0,0,0,0,0,0,0,0,0,0,0,0,0,0,0,0,0,0,0,0,0,0,0,0,0,0,0,0,0,168,520,932,"caccgcggctatacgagagacccaagttgataccacccggcgtaaagagtggttatggaaaataaagactaaagccgcacaccttcaaagctgttatacgcatccgaaggctagaagatcaaccacgaaggtagctttacaacccctgaccccacgaaagctctggca","Sebastes spp.  ||  Sebastes norvegicus | Sebastes viviparus","1 | 1"
"GL01_000035649","family","Stichaeidae",0.954022988505747,"Opisthokonta","Metazoa","Chordata","Actinopterygii","Perciformes","Stichaeidae","","","LC069671","[Leptoclinus maculatus| Chirolophis japonicus]",30892,0,0,0,0,0,0,0,0,0,0,0,0,0,0,0,0,0,0,2,0,0,0,0,0,0,0,0,0,1,0,2,0,0,0,0,0,0,0,0,0,0,1,0,0,0,0,0,0,0,0,0,0,0,0,0,0,0,1,0,0,3,0,0,0,0,0,0,0,0,0,0,0,0,1,0,0,3,0,0,0,0,0,0,0,0,0,0,173,1,14,"gccgcggttatacgagaggcccaagttgacagacaccggcgtaaagagtggttaagttaaaatttacactaaaagccgaacgtcctcaaggctgttatacgcacccgaagataagaagttcaaccacgaaggtggctttatttagtctgaacccactgaaaatgctgccggca","Leptoclinus maculatus","0.988"
"GL01_000058615","family","Stichaeidae",0.965317919075145,"Opisthokonta","Metazoa","Chordata","Actinopterygii","Perciformes","Stichaeidae","","","LC069671","[Leptoclinus maculatus| Chirolophis japonicus]",30892,0,0,0,0,0,0,0,0,0,0,0,0,0,0,0,0,0,0,0,0,0,0,0,0,0,0,0,1,1,0,4,0,0,0,0,0,0,0,0,0,0,5,0,0,0,0,0,0,0,0,0,0,0,0,0,0,0,2,0,0,4,0,0,0,0,0,0,0,0,0,0,0,0,0,0,0,0,0,0,0,0,0,0,0,0,0,0,173,2,17,"caccgcggttatacgagggggccccaaagtttgacagacaccggcgtaaagagtggttaagttaaaatttacactaaagccgaacgtcctcaaggctgttatacgcacccgaagataagaagttcaaccacgaaggtggctttatttagtctgaacccacgaaagctgcggca","Leptoclinus maculatus","0.971"
"GL01_000061606","family","Stichaeidae",0.941860465116279,"Opisthokonta","Metazoa","Chordata","Actinopterygii","Perciformes","Stichaeidae","","","LC069671","[Leptoclinus maculatus| Chirolophis japonicus]",30892,0,0,0,0,0,0,0,0,0,0,0,0,0,0,0,0,0,0,0,0,0,0,0,0,0,0,0,0,2,0,3,0,0,0,0,0,0,0,0,0,0,4,0,0,0,0,0,0,0,0,0,0,0,0,0,0,0,0,0,0,10,0,0,0,0,1,0,0,0,0,0,0,0,0,0,0,0,0,0,0,0,0,0,0,0,0,0,167,8,20,"accgcggttatacgagaggcccaagttgacagacaccggcgtaaagagtggttaagttaaaatttacactaaagccgaagcctcctagagcttgttacgcacccgaagataagaagttcaaccacgaaggtggctttatttagtctgaacccacgaaagctgcggca","Leptoclinus maculatus","0.953"
"GL01_000502508","family","Stichaeidae",0.946745562130177,"Opisthokonta","Metazoa","Chordata","Actinopterygii","Perciformes","Stichaeidae","","","LC069671","[Leptoclinus maculatus| Chirolophis japonicus]",30892,0,0,0,0,0,0,0,0,0,0,0,0,0,0,0,0,0,0,0,0,0,0,0,0,0,0,0,3,1,0,2,0,0,0,0,0,0,0,0,0,0,1,0,0,0,0,0,0,0,0,0,0,0,0,0,0,0,8,0,0,9,0,0,0,0,0,0,0,0,0,0,0,0,1,0,0,0,0,0,0,0,0,0,0,0,0,0,164,10,25,"accgcggttatacgagaggcccaagttgacagacaccggcgtaaagagtggttaagttaaaatttacactaagcgacgacctctagcagttatacgcacccgaagataagaagttcaaccacgaaggtggctttatttagtctgaacccacgaaagctgcggca","Leptoclinus maculatus","0.958"
"GL01_000000069","species","Leptoclinus maculatus",0.988165680473373,"Opisthokonta","Metazoa","Chordata","Actinopterygii","Perciformes","Stichaeidae","Leptoclinus","Leptoclinus maculatus","LC069671","[Leptoclinus maculatus]",980417,7,3,2,4,3,0,9,1,5,8,0,3,0,2,1,1,0,5,56872,5,3,6,0,6,0,0,1,51333,53766,1,109489,8,3,5,2,174,1,21,8,85,110835,120833,474,11,3,4367,3,0,1,1590,12,774,23827,391,0,4,9,116516,5,20,270164,8,7,0,34,44953,1779,0,20804,5,11,2,3,31213,1,8,23194,4,24,6,0,10,1,5,3,1,2,168,98177,1043760,"accgcggttatacgagaggcccaagttgacagacaccggcgtaaagagtggttaagttaaaatttacactaaagccgaacgtcctcaaggctgttatacgcacccgaagataagaagttcaaccacgaaggtggctttatttagtctgaacccacgaaagctgcggca","Leptoclinus maculatus","1"
"GL01_000085921","species","Lycodes terraenovae",0.982142857142857,"Opisthokonta","Metazoa","Chordata","Actinopterygii","Perciformes","Zoarcidae","Lycodes","Lycodes terraenovae","LC278199","[Lycodes terraenovae]",215415,0,0,0,0,0,0,0,0,0,0,0,0,0,0,0,0,0,0,0,0,0,0,0,0,0,0,0,0,0,0,0,0,0,0,0,423,0,0,0,0,3,12840,0,0,0,4,0,0,0,0,0,0,2,0,0,0,0,0,0,0,0,0,0,0,0,0,0,0,1,0,0,0,0,0,0,0,481,0,1,0,0,0,0,0,0,0,0,167,6076,13755,"accgcggttatacgagaggcccaagttgaaagaccccggcgtaaagagtggttaagctagaatttatactaaagccgaacatcctcatggctgttatacgcacccgaggataagaagctcaaccacgaaggtagctttatatgtctgaacccacgaaagctacggca","Lycodes vahlii","1"
"GL01_000093573","family","Pleuronectidae",0.919540229885057,"Opisthokonta","Metazoa","Chordata","Actinopterygii","Pleuronectiformes","Pleuronectidae","","","AF488478","[Cleisthenes herzensteini| Hippoglossoides platessoides| Limanda aspera| Pseudopleuronectes americanus| Hippoglossus hippoglossus| Platichthys stellatus| Pleuronectes quadrituberculatus| Hippoglossus stenolepis]",8256,0,0,0,0,0,0,0,0,0,0,0,0,0,0,0,0,0,0,0,0,0,0,0,0,0,0,0,0,0,0,0,0,0,0,0,7,0,0,2,0,0,0,0,0,0,0,0,0,0,0,0,0,0,0,0,0,0,0,0,0,0,0,0,0,0,0,0,0,0,0,0,0,0,1,0,0,1,0,0,0,0,0,0,0,0,0,0,168,5,11,"ccgcggttatacgagaggcccaagttgaccaaacaacggcgtaaagagtggattaggggtttacgaagtctagagcgaacgttacaagtctgattatacgcacccgaaagtatgaaacccaattacgaaagtagctctacttatcctgaacccacgaaagctaaggaa","Hippoglossoides platessoides","0.93"
"GL01_000150021","family","Pleuronectidae",0.965116279069767,"Opisthokonta","Metazoa","Chordata","Actinopterygii","Pleuronectiformes","Pleuronectidae","","","AF488478","[Cleisthenes herzensteini| Hippoglossoides platessoides| Limanda aspera| Pseudopleuronectes americanus| Hippoglossus hippoglossus| Platichthys stellatus| Pleuronectes quadrituberculatus| Hippoglossus stenolepis]",8256,0,0,0,0,0,0,0,0,0,0,0,0,0,0,0,0,0,0,0,0,0,0,0,0,0,0,0,0,0,0,0,0,0,0,0,2,0,0,0,0,0,0,0,0,0,0,0,0,0,0,0,0,0,0,0,0,0,15,0,0,0,0,0,0,0,0,0,0,0,0,0,0,0,0,0,0,0,0,0,0,0,0,0,0,0,0,0,169,1,17,"accgcggttatacgagtaggcccaagttgaacaataccggcgtaaagagtggttaggggatttactaaactagagccgaacgctttcaaagctgttatacgcacccgaaagtatgaaacccaattacgaaagtagctctacttatcctgaacccacgaaagctaaggaa","Hippoglossoides platessoides","0.97"
"GL01_000183909","family","Pleuronectidae",0.908571428571429,"Opisthokonta","Metazoa","Chordata","Actinopterygii","Pleuronectiformes","Pleuronectidae","","","AF488478","[Cleisthenes herzensteini| Hippoglossoides platessoides| Limanda aspera| Pseudopleuronectes americanus| Hippoglossus hippoglossus| Platichthys stellatus| Pleuronectes quadrituberculatus| Hippoglossus stenolepis]",8256,0,0,0,0,0,0,0,0,0,0,0,0,0,0,0,0,0,0,0,0,0,0,0,0,0,0,0,0,0,0,0,0,0,0,0,2,0,0,0,0,0,2,0,0,0,0,0,0,0,0,0,0,15,0,0,0,0,0,0,0,0,0,0,0,0,0,0,0,0,1,0,0,0,0,0,0,0,0,0,0,0,0,0,0,0,0,0,168,20,20,"ccgcggttatacgagaggcccaagttgaccaaacaacggcagtaaagagtggataggggcgttactaaactaagagcgaacgttcaagtctgattatacgcacccgaaaagtatgaaacccaattacgaaagtgctctacttatcctgaacccacgaaagctaaggaa","Hippoglossoides platessoides","0.919"
"GL01_000092534","family","Pleuronectidae",0.964912280701754,"Opisthokonta","Metazoa","Chordata","Actinopterygii","Pleuronectiformes","Pleuronectidae","","","AF488478","[Cleisthenes herzensteini| Hippoglossoides platessoides| Limanda aspera| Pseudopleuronectes americanus| Hippoglossus hippoglossus| Platichthys stellatus| Pleuronectes quadrituberculatus| Hippoglossus stenolepis]",8256,0,0,0,0,0,0,0,0,1,0,0,0,0,0,0,0,0,0,0,0,0,0,0,0,0,0,0,0,0,0,0,0,0,0,0,17,0,0,1,0,0,0,0,0,0,0,0,0,0,0,0,0,1,0,0,0,0,0,0,0,0,0,0,0,0,0,0,0,0,1,0,0,0,0,0,0,0,0,1,0,0,0,0,0,0,0,0,168,3,22,"accgcggttatacgagaggcccaagttgacaaacaacggcgtaaagagtggttgggattggatctaaactagagccgaacgctttcaaagctgttatacgcacccgaaagtatgaaacccaattacgaaagtagctctacttatcctgaacccacgaaagctaaggaa","Hippoglossoides platessoides","0.971"
"GL01_000111916","family","Pleuronectidae",0.941860465116279,"Opisthokonta","Metazoa","Chordata","Actinopterygii","Pleuronectiformes","Pleuronectidae","","","AF488478","[Cleisthenes herzensteini| Hippoglossoides platessoides| Limanda aspera| Pseudopleuronectes americanus| Hippoglossus hippoglossus| Platichthys stellatus| Pleuronectes quadrituberculatus| Hippoglossus stenolepis]",8256,0,0,0,0,0,0,0,0,0,0,0,0,0,0,0,0,0,0,0,0,0,0,0,0,0,0,0,0,0,0,0,0,0,0,0,27,0,0,0,0,0,0,0,0,0,0,0,0,0,0,0,0,0,0,0,0,0,0,0,0,0,0,0,0,0,0,0,0,0,0,0,0,0,0,0,0,0,0,0,0,0,0,0,0,0,0,0,167,12,27,"accgcggttatacgagaggcccaagttgacaaacaacggcgtaaagagtggttaggggatttactaaactagagccgaacgctttcaaagctgttatacgcacccgaaagtatgaaccatccagtaagtaagctcctacttatcctgaacccacgaaagctaaggaa","Hippoglossoides platessoides","0.947"
"GL01_000030764","family","Pleuronectidae",0.953757225433526,"Opisthokonta","Metazoa","Chordata","Actinopterygii","Pleuronectiformes","Pleuronectidae","","","AF488478","[Cleisthenes herzensteini| Hippoglossoides platessoides| Limanda aspera| Pseudopleuronectes americanus| Hippoglossus hippoglossus| Platichthys stellatus| Pleuronectes quadrituberculatus| Hippoglossus stenolepis]",8256,0,0,0,0,0,0,0,0,0,0,0,0,0,0,0,0,0,3,0,0,0,0,0,0,0,0,0,0,0,0,0,0,0,0,0,16,0,0,2,0,0,6,0,0,0,0,0,0,0,0,0,0,1,0,0,0,0,0,0,0,0,0,0,0,0,0,0,0,0,1,0,0,0,0,0,0,0,0,0,0,0,0,0,0,0,0,0,170,5,29,"accgcggttatacgagaggcccaagttgacaaacaacggcgtaaagggtggttaggggatttactaaactagagccgaacgctttcaaagctgttatacgcacccgaaagtaatgaacccaattaacgaaagtgctactaacttatcctgaacccacgaaagctaaggaa","Hippoglossoides platessoides","0.959"
"GL01_000102148","family","Pleuronectidae",0.890173410404624,"Opisthokonta","Metazoa","Chordata","Actinopterygii","Pleuronectiformes","Pleuronectidae","","","AF488478","[Cleisthenes herzensteini| Hippoglossoides platessoides| Limanda aspera| Pseudopleuronectes americanus| Hippoglossus hippoglossus| Platichthys stellatus| Pleuronectes quadrituberculatus| Hippoglossus stenolepis]",8256,0,0,0,0,0,0,0,0,0,0,0,0,0,0,0,0,0,0,0,0,0,0,0,0,0,0,0,0,0,0,0,0,0,0,0,34,0,0,0,0,0,1,0,0,0,0,0,0,0,0,0,0,1,0,0,0,0,2,0,0,0,0,0,0,0,0,0,0,0,0,0,0,0,0,0,0,0,0,0,0,0,0,0,0,0,0,0,163,35,38,"accgcggttatacgagaggcccaagttgacaaacagcgagaagtgatgatggtggagttaactaatagcagacgacgtttcaaagctgttatacgcacccgaaagtatgaaacccaattacgaaagtagctctacttatcctgaacccacgaaagctaaggaa","",""
"GL01_000085617","family","Pleuronectidae",0.910614525139665,"Opisthokonta","Metazoa","Chordata","Actinopterygii","Pleuronectiformes","Pleuronectidae","","","AF488478","[Cleisthenes herzensteini| Hippoglossoides platessoides| Limanda aspera| Pseudopleuronectes americanus| Hippoglossus hippoglossus| Platichthys stellatus| Pleuronectes quadrituberculatus| Hippoglossus stenolepis]",8256,0,0,0,0,0,0,0,0,1,0,0,0,0,0,0,0,0,1,0,0,0,0,0,0,0,0,0,0,0,0,0,0,0,0,0,25,0,0,0,0,0,5,0,0,0,0,0,0,0,0,0,0,6,0,0,0,0,0,0,0,0,0,0,0,0,0,0,0,3,0,0,0,0,0,0,0,1,0,0,0,0,0,0,0,0,0,0,176,2,42,"ccgcggttatacgagaggcccaagttgaccaaacaacggcagtaaagagtggagattagggggttttacgtaaacttagaaccgaacgcttacaagtctgattatacgcacccgaaagtatgaaacccaattacgaaagtagctctacttatcctgaacccacgaaagctaaggaa","Hippoglossoides platessoides","0.92"
"GL01_000011633","family","Pleuronectidae",0.925714285714286,"Opisthokonta","Metazoa","Chordata","Actinopterygii","Pleuronectiformes","Pleuronectidae","","","AF488478","[Cleisthenes herzensteini| Hippoglossoides platessoides| Limanda aspera| Pseudopleuronectes americanus| Hippoglossus hippoglossus| Platichthys stellatus| Pleuronectes quadrituberculatus| Hippoglossus stenolepis]",8256,0,0,0,0,0,0,0,0,2,0,0,0,0,0,0,0,0,0,0,0,0,0,0,0,0,0,0,0,0,0,0,0,2,0,0,30,0,0,2,0,0,7,0,0,0,0,0,0,0,0,0,0,6,0,0,0,0,1,0,0,1,0,0,0,0,0,0,0,0,0,0,0,0,2,0,0,0,0,0,0,0,0,0,0,0,0,0,173,41,53,"ccgcggttatacgagaggcccaagttgaccaaacaacggcagtaaagagtggatgggggtttgtggcttaaactaacagccgaacgctttcaaagctgttatacgcacccgaaagtatgaaacccaattacgaaagtagctctacttatcctgaacccacgaaagctaaggaa","Hippoglossoides platessoides","0.936"
"GL01_000396772","family","Pleuronectidae",0.936781609195402,"Opisthokonta","Metazoa","Chordata","Actinopterygii","Pleuronectiformes","Pleuronectidae","","","AF488485","[]",8256,0,0,0,0,0,0,0,0,0,0,0,0,0,0,0,0,0,0,0,0,0,0,0,0,0,0,0,0,0,0,0,0,0,0,0,0,0,0,0,0,0,0,0,0,0,0,0,0,0,0,62,0,0,0,0,0,0,0,0,0,0,0,0,0,0,0,0,0,0,0,0,0,0,0,0,0,0,0,0,0,0,0,0,0,0,0,0,170,6,62,"accgcggttatacgagaggcccaagttgacaaacaacggcgtaaagagtggttaggggaatttataaactagagccgaacgctttcaaagctgttatacgcacccgaaagtatgaaacccaattacgaaagtagctctacctgtactctaccaaccgaaagctaaggaaa","Pleuronectes platessa","0.953"
"GL01_000012616","family","Pleuronectidae",0.926136363636364,"Opisthokonta","Metazoa","Chordata","Actinopterygii","Pleuronectiformes","Pleuronectidae","","","AF488478","[Cleisthenes herzensteini| Hippoglossoides platessoides| Limanda aspera| Pseudopleuronectes americanus| Hippoglossus hippoglossus| Platichthys stellatus| Pleuronectes quadrituberculatus| Hippoglossus stenolepis]",8256,0,0,0,0,0,0,0,0,3,0,0,0,0,0,0,0,0,2,0,0,0,0,0,0,0,0,0,0,0,0,0,0,0,0,0,37,0,0,1,0,0,21,0,0,0,0,0,0,0,0,0,0,13,0,0,0,0,0,0,0,4,0,0,0,0,0,0,0,1,0,0,0,0,0,0,0,0,0,0,0,0,0,0,0,0,0,0,173,1,82,"ccgcggttatacgagaggcccaagttgaccaaacaacggcagtaaagagtggataggggttttacgtaaacttagaagccgaacgcttacaagtctgattatacgcacccgaaagtatgaaacccaattacgaaagtagctctacttatcctgaacccacgaaagctaaggaa","Hippoglossoides platessoides","0.936"
"GL01_000032705","family","Pleuronectidae",0.943181818181818,"Opisthokonta","Metazoa","Chordata","Actinopterygii","Pleuronectiformes","Pleuronectidae","","","AF488478","[Cleisthenes herzensteini| Hippoglossoides platessoides| Limanda aspera| Pseudopleuronectes americanus| Hippoglossus hippoglossus| Platichthys stellatus| Pleuronectes quadrituberculatus| Hippoglossus stenolepis]",8256,0,0,0,0,0,0,0,0,0,0,0,0,0,0,0,0,0,3,0,2,0,0,0,0,0,0,0,0,0,0,0,0,0,0,0,104,0,0,1,0,0,3,0,0,0,0,0,0,0,0,0,0,5,0,0,0,0,2,0,0,0,0,0,0,0,0,0,0,1,0,0,0,0,0,0,0,2,0,0,0,0,0,0,0,0,0,0,174,1,123,"ccgcggttatacgagaggcccaagttgaccaaacaacggcgtaaagagtggattagggggtttactaaacttagaagccgaacgctttacaaagtctgattatacgcacccgaaagtatgaaacccaattacgaaagtagctctacttatcctgaacccacgaaagctaaggaa","Hippoglossoides platessoides","0.954"
"GL01_000009393","family","Pleuronectidae",0.954285714285714,"Opisthokonta","Metazoa","Chordata","Actinopterygii","Pleuronectiformes","Pleuronectidae","","","AF488478","[Cleisthenes herzensteini| Hippoglossoides platessoides| Limanda aspera| Pseudopleuronectes americanus| Hippoglossus hippoglossus| Platichthys stellatus| Pleuronectes quadrituberculatus| Hippoglossus stenolepis]",8256,0,0,0,0,0,0,0,0,1,0,0,0,0,0,0,0,0,0,0,0,0,0,0,0,0,0,0,0,0,0,0,0,0,0,0,163,0,0,13,0,0,4,0,0,0,0,0,0,0,0,0,0,0,0,0,0,0,8,0,0,2,0,0,0,0,0,0,0,3,0,0,0,0,0,0,0,0,0,2,0,0,0,0,0,0,0,0,173,1,196,"ccgcggttatacgagaggcccaagttgaccaaacaacggcgtaaaagagtggttagggggattttactaaactagaagccgaacgctttcaaagctgattatacgcacccgaaagtatgaaacccaattacgaaagtagctctacttatcctgaacccacgaaagctaaggaa","Hippoglossoides platessoides","0.965"
"GL01_000090320","family","Pleuronectidae",0.964705882352941,"Opisthokonta","Metazoa","Chordata","Actinopterygii","Pleuronectiformes","Pleuronectidae","","","AF488478","[Cleisthenes herzensteini| Hippoglossoides platessoides| Limanda aspera| Pseudopleuronectes americanus| Hippoglossus hippoglossus| Platichthys stellatus| Pleuronectes quadrituberculatus| Hippoglossus stenolepis]",8256,0,0,0,0,0,0,0,0,0,0,0,0,0,0,0,0,0,0,0,0,0,0,0,0,0,0,0,0,0,0,0,0,0,0,0,193,0,0,0,0,0,2,0,0,0,0,0,0,0,1,0,0,0,0,0,0,0,0,0,0,0,0,0,0,0,0,0,0,0,1,0,0,0,0,0,0,0,0,0,0,0,0,0,0,0,0,0,166,4,197,"accgcggttatacgagagcacctagtacaaacaacggcgtaaagagtggttaggggatttactaaactagagccgaacgctttcaaagctgttatacgcacccgaaagtatgaaacccaattacgaaagtagctctacttatcctgaacccacgaaagctaaggaa","Hippoglossoides platessoides","0.97"
"GL01_000043999","family","Pleuronectidae",0.953216374269006,"Opisthokonta","Metazoa","Chordata","Actinopterygii","Pleuronectiformes","Pleuronectidae","","","AF488478","[Cleisthenes herzensteini| Hippoglossoides platessoides| Limanda aspera| Pseudopleuronectes americanus| Hippoglossus hippoglossus| Platichthys stellatus| Pleuronectes quadrituberculatus| Hippoglossus stenolepis]",8256,0,0,0,0,0,0,0,0,1,0,0,0,0,0,0,0,0,4,0,2,0,0,0,0,0,0,0,0,0,0,0,0,0,0,0,422,0,0,1,0,0,23,0,0,0,0,0,0,0,0,0,0,6,0,0,0,0,8,0,0,2,0,0,0,0,0,0,0,5,7,0,0,0,0,0,0,0,0,1,0,0,0,0,0,0,0,0,166,11,482,"accgcggttatacgagaggcccaagttgacaaacaacggcgtaaagagtggttaggggatttactaaactagagccgaacgctttcaaagctgttatacgcacccgaaagtatgaaacccaattacgaaagtagctctacttactctacaaccgaaagctaaggaa","Limanda aspera","1"
"GL01_000009394","family","Pleuronectidae",0.925714285714286,"Opisthokonta","Metazoa","Chordata","Actinopterygii","Pleuronectiformes","Pleuronectidae","","","AF488478","[Cleisthenes herzensteini| Hippoglossoides platessoides| Limanda aspera| Pseudopleuronectes americanus| Hippoglossus hippoglossus| Platichthys stellatus| Pleuronectes quadrituberculatus| Hippoglossus stenolepis]",8256,0,0,0,0,0,0,0,0,38,0,0,0,0,0,0,0,0,62,0,18,0,0,0,0,0,0,0,0,4,0,0,0,0,0,0,2277,0,0,235,0,0,69,2,0,0,0,0,0,0,1,0,0,32,0,0,0,0,115,0,0,196,0,0,0,0,0,0,0,55,15,0,0,0,0,0,0,0,0,15,0,1,0,0,0,0,0,0,170,5,3135,"ccgcggttatacgagaggcccaagttgaccaaacaacggcgtaaagagtggattaggggtttacgaaacttagaagccgaagcttacaagtctgattatacgcacccgaaagtatgaaacccaattacgaaagtagctctacttatcctgaacccacgaaagctaaggaa","Hippoglossoides platessoides","0.936"
"GL01_000043277","family","Pleuronectidae",0.964705882352941,"Opisthokonta","Metazoa","Chordata","Actinopterygii","Pleuronectiformes","Pleuronectidae","","","NC_009709","[]",8256,0,0,0,0,0,0,0,0,0,0,0,0,0,0,0,0,0,0,0,3,0,6632,0,0,0,0,0,0,0,0,0,0,0,0,0,1,0,1,0,0,2,0,0,1,0,2,0,0,0,0,0,0,2,0,0,0,0,1,0,0,0,0,0,0,0,0,0,0,0,2,0,0,0,0,0,0,0,0,0,0,0,0,0,0,0,0,0,168,50,6647,"accgcggttatacgagaggcccaagttgacaaacaacggcgtaaagagtggttaggggatttgctaaactagagccgaacgctttcaaagctgttatacgcacccgagagtatgaaacccaattacgaaagtagctctatctgtcctgaacccacgaaagctaagaaa","Glyptocephalus cynoglossus","0.994"
"GL01_000008937","family","Pleuronectidae",0.959770114942529,"Opisthokonta","Metazoa","Chordata","Actinopterygii","Pleuronectiformes","Pleuronectidae","","","AF488478","[Cleisthenes herzensteini| Hippoglossoides platessoides| Limanda aspera| Pseudopleuronectes americanus| Hippoglossus hippoglossus| Platichthys stellatus| Pleuronectes quadrituberculatus| Hippoglossus stenolepis]",8256,0,0,0,0,0,0,0,0,53,0,0,0,0,0,0,0,0,124,0,48,0,0,0,0,0,0,0,0,1,0,0,0,0,0,0,6490,0,0,389,0,0,373,0,0,0,0,0,0,0,1,0,0,173,0,0,0,0,537,0,0,201,0,0,0,0,0,0,0,99,14,0,0,0,1,0,0,8,0,36,0,0,0,0,0,0,0,0,172,1,8548,"ccgcggttatacgagaggcccaagttgaccaaacaacggcgtaaagagtggattaggggatttacgtaaactagaagccgaacgctttcaaagctgattatacgcacccgaaagtatgaaacccaattacgaaagtagctctacttatcctgaacccacgaaagctaaggaa","Hippoglossoides platessoides","0.971"
"GL01_000268624","family","Pleuronectidae",0.970414201183432,"Opisthokonta","Metazoa","Chordata","Actinopterygii","Pleuronectiformes","Pleuronectidae","","","AF488485","[]",8256,0,0,0,0,0,0,1,0,0,0,0,0,0,1,0,0,0,1,0,1,0,0,0,0,0,0,0,0,0,0,0,0,0,0,0,5,0,0,0,0,3,3,0,1,0,1,0,0,0,4,20535,0,6300,0,0,1,0,0,0,1,0,1371,0,0,0,1,0,0,0,1,0,0,1,0,0,0,0,0,0,0,0,1,0,1,0,0,0,168,58,28234,"accgcggttatacgagaggcccaagttgacaaacaacggcgtaaagagtggttaggggaattattaaactagagccgaacgctttcaaagctgttatacgcacccgaaagtatgaaacccaattacgaaagtagctctacctgtcctgaacccacgaaagctaagaaa","Microstomus kitt","0.994"
"GL01_000000011","family","Pleuronectidae",0.994082840236686,"Opisthokonta","Metazoa","Chordata","Actinopterygii","Pleuronectiformes","Pleuronectidae","","","AF488478","[Limanda aspera| Pseudopleuronectes americanus| Platichthys stellatus| Hippoglossoides platessoides| Cleisthenes herzensteini]",8256,8,1,0,1,10,2,18,2,21888,11,3,4,6,6,1,4,0,32385,11,34584,3,4907,10,0,7,121,1,7,3427,8,35,35,12001,5,1,758744,0,20,43252,33,115,162456,31,16,3,320,4,4,0,63,94521,9,66339,10,1,4,19,42393,1,33,22569,1618,3,5,34,18,21,5,24641,83295,12,3,8,11419,1,14,10657,10,15930,3,88,9,3,22,1,19,1,168,168643,1448313,"accgcggttatacgagaggcccaagttgacaaacaacggcgtaaagagtggttaggggatttactaaactagagccgaacgctttcaaagctgttatacgcacccgaaagtatgaaacccaattacgaaagtagctctacttatcctgaacccacgaaagctaaggaa","Hippoglossoides platessoides","1"
"GL01_000000095","species","Salmo salar",1,"Opisthokonta","Metazoa","Chordata","Actinopterygii","Salmoniformes","Salmonidae","Salmo","Salmo salar","HQ167667","[Salmo salar]",8030,0,0,0,6,24,0,1,11,0,1,12,0,0,0,0,0,0,0,1,32,1,0,0,0,3,0,0,0,0,2,3,33,0,1,9,11,0,6,0,0,0,4,3,11,0,0,0,0,0,27,9,0,14,53046,1,12,0,3,0,4,9,6,4,0,1,0,0,0,0,20,0,0,0,32,0,1,13,0,2,0,0,35,0,0,0,1,3,170,8168,53418,"caccgcggttatacgagaggccctagttgataactaccggcgtaaagagtggttacggaaaaatatttaataaagccgaacaccccctcagccgtcatacgcacctgggggcacgaagatctactacgaaagcagctttaattatacctgaacccacgacagctacgaca","Salmo salar","1"
"GL01_000339841","genus","Ammodytes",0.873015873015873,"Opisthokonta","Metazoa","Chordata","Actinopterygii","Uranoscopiformes","Ammodytidae","Ammodytes","","AP006023","[Ammodytes hexapterus| Ammodytes personatus]",84620,0,0,0,0,0,0,0,0,0,0,0,0,0,0,0,0,0,0,0,0,0,0,0,0,0,0,0,0,0,0,0,0,0,0,0,0,0,0,0,0,0,0,0,14,0,0,0,0,0,0,0,0,0,0,0,0,0,0,0,0,0,0,0,0,0,0,0,0,0,0,0,0,0,0,0,0,0,0,0,0,0,0,0,0,0,0,0,186,14,14,"ccgcggttatacgagaggcccaagctgactagaccccggcgtaaacgagtggttaagataaacttaaaactaaaagccgaaacataccctcaccaagcctcgttataacgcacccgtagagctaagaagccccaactagaaacgtggacatttaccaaacccctgaaacccacgaaagctatgaca","",""
"GL01_000340282","genus","Ammodytes",0.882978723404255,"Opisthokonta","Metazoa","Chordata","Actinopterygii","Uranoscopiformes","Ammodytidae","Ammodytes","","AP006023","[Ammodytes hexapterus| Ammodytes personatus]",84620,0,0,0,0,0,0,0,0,0,0,0,0,0,0,0,0,0,0,0,0,0,0,0,0,0,0,0,0,0,0,0,0,0,0,0,0,0,0,0,0,0,0,0,23,0,0,0,0,0,0,0,0,0,0,0,0,0,0,0,0,0,0,0,0,0,0,0,0,0,0,0,0,0,0,0,0,0,0,0,0,0,0,0,0,0,0,0,186,23,23,"ccgcggttatacgagaggcccaagctgatagaccccggcgtaaacgagtggttaagataaacttaaaactaaaagccgaaacaccctcacaagcctgttatacgcacccgagaagtaagaagccccaactacgaaagtggacatttaccaaacccccttgaaaccccactgaaaagcctatcgaca","",""
"GL01_000345775","genus","Ammodytes",0.891304347826087,"Opisthokonta","Metazoa","Chordata","Actinopterygii","Uranoscopiformes","Ammodytidae","Ammodytes","","AP006023","[Ammodytes hexapterus| Ammodytes personatus]",84620,0,0,0,0,0,0,0,0,0,0,0,0,0,0,0,0,0,0,0,0,0,0,0,0,0,0,0,0,0,0,0,0,0,0,0,0,0,0,0,0,0,0,0,41,0,0,0,0,0,0,0,0,0,0,0,0,0,0,0,0,0,0,0,0,0,0,0,0,0,0,0,0,0,0,0,0,0,0,0,0,0,0,0,0,0,0,0,181,38,41,"ccgcggttatacgagaggcccaagctgactagaccccggcgtaaacgagtggttaagataaacttaaaactaaaagccgaaacaccctcacagctgttatacgcaccgagagctaagaagaccccaactacgaaacgtggatttaccaaaccccttgaaaccccaccgaaaagctatgaca","Ammodytes marinus | Hyperoplus lanceolatus | Ammodytes tobianus","0.907 | 0.907 | 0.907"
"GL01_000339980","genus","Ammodytes",0.921348314606742,"Opisthokonta","Metazoa","Chordata","Actinopterygii","Uranoscopiformes","Ammodytidae","Ammodytes","","AP006023","[Ammodytes hexapterus| Ammodytes personatus]",84620,0,0,0,0,0,0,0,0,0,0,0,0,0,0,0,0,0,0,0,0,0,0,0,0,0,0,0,0,0,0,0,0,0,0,0,0,0,0,0,0,0,0,0,75,0,0,0,0,0,0,0,0,0,0,0,0,0,0,0,0,0,0,0,0,0,0,0,0,0,0,0,0,0,0,0,0,0,0,0,0,0,0,0,0,0,0,0,174,5,75,"accgcggttatacgagaggcccaagctgactagaccccggcgtaaacgagtggttaagataaacttaaaactaaagccgaaacaccctcacagctgttatacgcaccgagagtaagaagccccaactacgaaagtggcttacaacccctgaaccactgaaaagcctatacgaca","Ammodytes marinus | Hyperoplus lanceolatus | Ammodytes tobianus","0.951 | 0.951 | 0.951"
"GL01_000341803","genus","Ammodytes",0.965317919075145,"Opisthokonta","Metazoa","Chordata","Actinopterygii","Uranoscopiformes","Ammodytidae","Ammodytes","","AP006023","[Ammodytes hexapterus| Ammodytes personatus]",84620,0,0,0,0,0,0,0,0,0,0,0,0,0,0,0,0,0,0,0,0,0,0,0,0,0,0,0,0,0,0,0,0,0,0,0,0,0,0,0,0,0,0,0,222,0,0,0,0,0,0,0,0,0,0,0,0,0,0,0,0,0,0,0,0,0,0,0,0,0,0,0,0,0,0,0,0,0,0,0,0,0,0,0,0,0,0,0,172,5,222,"accgcggttatacgagaggcccaagctgatagaccccggcgtaaagagtggttaagataaacttaaaactaaagccgaaacaccctcacagctgttatacgcacccgagagtaagaagccccaactacgaaagtggctttacaaacccctgaacccacgaaagcctatgaca","Ammodytes marinus | Hyperoplus lanceolatus | Ammodytes tobianus","0.977 | 0.977 | 0.977"
"GL01_000340199","genus","Ammodytes",0.922651933701657,"Opisthokonta","Metazoa","Chordata","Actinopterygii","Uranoscopiformes","Ammodytidae","Ammodytes","","AP006023","[Ammodytes hexapterus| Ammodytes personatus]",84620,0,0,0,0,0,0,0,0,0,0,0,0,0,0,0,0,0,0,0,0,0,0,0,0,0,0,0,0,0,0,0,0,0,0,0,0,0,0,0,0,0,0,0,231,0,0,0,0,0,0,0,0,0,0,0,0,0,0,0,0,0,0,0,0,0,0,0,0,0,0,0,0,0,0,0,0,0,0,0,0,0,0,0,0,0,0,0,180,8,231,"accgcggttatacgagaggcccaagctgatagaccccggcgtaaacgagtggttaagataaacttaaaactaaaagccgaaacaccctcacagcctgttatacgcacccgagagtaagaagccccaactacgaaagtggctttacaaaccccctgaaacccactgaaaagcctatcgaca","Ammodytes marinus | Hyperoplus lanceolatus | Ammodytes tobianus","0.933 | 0.933 | 0.933"
"GL01_000259683","genus","Ammodytes",0.994082840236686,"Opisthokonta","Metazoa","Chordata","Actinopterygii","Uranoscopiformes","Ammodytidae","Ammodytes","","AP006023","[Ammodytes hexapterus| Ammodytes personatus]",84620,0,0,0,0,0,0,0,0,0,1,0,0,0,0,0,0,0,0,0,0,0,0,0,0,0,0,0,0,0,0,0,1,0,0,0,1,0,15,1,0,5,2,0,20340,0,0,0,0,0,0,0,0,0,0,0,0,0,0,0,2,0,1,0,0,0,1,0,0,0,0,0,0,0,1,0,2,0,0,0,0,0,0,0,0,0,0,0,169,13205,20373,"caccgcggttatacgagaggcccaagctgatagaccccggcgtaaagagtggttaagataaacttaaaactaaagccgaacaccctcacagctgttatacgcacccgagagtaagaagcccaactacgaaagtggctttacaacccctgaacccacgaaagctatgaca","Ammodytes marinus | Hyperoplus lanceolatus | Ammodytes tobianus","1 | 1 | 1"
"GL01_000344755","species","Ammodytes personatus",0.96551724137931,"Opisthokonta","Metazoa","Chordata","Actinopterygii","Uranoscopiformes","Ammodytidae","Ammodytes","Ammodytes personatus","AP006023","[Ammodytes personatus]",215382,0,0,0,0,0,0,0,0,0,0,0,0,0,0,0,0,0,0,0,0,0,0,0,0,0,0,0,0,0,0,0,0,0,0,0,0,0,0,0,0,0,0,0,16,0,0,0,0,0,0,0,0,0,0,0,0,0,0,0,0,0,0,0,0,0,0,0,0,0,0,0,0,0,0,0,0,0,0,0,0,0,0,0,0,0,0,0,174,1,16,"accgcggttatacgagaggcccaagctgactagaccccggcgtaaacgagtggttaaggtaaacttaaaactaaagccgaaacaccctcacagctagttactacgcacccgagagtaagaagcccaacctacgaaagtggctttacaacccctgaacccacgaaagctatgaca","Ammodytes spp.  ||  Ammodytes japonicus | Ammodytes personatus","0.966 | 0.966"
"GL01_000279373","species","Dendrocygna javanica",0.869109947643979,"Opisthokonta","Metazoa","Chordata","Aves","Anseriformes","Anatidae","Dendrocygna","Dendrocygna javanica","NC_012844","[Dendrocygna javanica]",60182,0,0,0,0,0,0,0,0,0,0,0,0,0,0,0,0,0,0,0,0,0,0,0,0,0,0,0,0,0,0,0,0,0,0,0,0,0,0,0,0,0,63,0,0,0,0,0,0,0,0,0,0,0,0,0,0,0,0,0,0,0,0,0,0,0,0,0,0,0,0,0,0,0,0,0,0,0,0,0,0,0,0,0,0,0,0,0,189,45,63,"caccgcggtcatacaagagacccaaatcaactgtcccatacgagcggcgtaaagagtggtaaaatgcttatcctactcaactaagatcaaaatgcaactaagctgtcgcaagcacaagatgcacctaaacacaccatcaagatgatcttaggaactagcgattaatttaagtccacgaaagccagggcc","Somateria spp.  ||  Somateria fischeri | Somateria mollissima | Somateria spectabilis","1 | 1 | 1"
"GL01_000091016","genus","Amblyraja",0.983425414364641,"Opisthokonta","Metazoa","Chordata","Chondrichthyes","Rajiformes","Rajidae","Amblyraja","","AF448012","[Amblyraja hyperborea| Amblyraja radiata]",117853,0,0,0,0,0,0,0,0,0,0,0,0,0,0,0,0,0,0,0,0,0,0,0,0,0,0,0,0,0,0,0,0,0,0,0,493,0,60,0,0,0,0,0,0,0,0,0,0,0,0,0,0,31,0,0,0,0,7,0,0,0,0,0,0,0,0,0,0,0,0,0,0,0,0,0,0,0,0,0,0,0,0,0,0,0,0,0,180,311,591,"accgcggttatacgagtaactcacattaatacttcacggcgtaaagggtgattaaaagtttctaaaaaatactagagttataaccttataaagctgtcatacgcacctataaaaggaataatacactgacgaaagtaactctaattagatggagcttttgacctcacgacagttaagaca","Amblyraja radiata","0.989"
"GL01_000673916","genus","Bos",1,"Opisthokonta","Metazoa","Chordata","Mammalia","Artiodactyla","Bovidae","Bos","","NC_006853","[Bos taurus| Bos javanicus| Bos primigenius]",9903,0,0,0,0,0,0,0,0,0,0,0,0,0,0,0,0,0,0,0,0,0,0,0,0,0,0,0,0,0,0,0,0,0,0,0,0,0,0,0,0,1,0,0,0,0,0,0,0,0,0,0,0,0,0,0,0,0,0,0,0,0,0,0,0,0,0,0,0,0,0,0,0,8419,0,0,0,5,0,1,0,0,0,0,1,0,0,0,168,2485,8427,"caccgcggtcatacgattaacccaagctaacaggagtacggcgtaaaacgtgttaaagcaccataccaaatagggttaaattctaactaagctgtaaaaagccatgattaaaataaaaataaatgacgaaagtgaccctacaatagccgacgcactatagctaagacc","Bos taurus","1"
"GL01_000042455","genus","Ovis",1,"Opisthokonta","Metazoa","Chordata","Mammalia","Artiodactyla","Bovidae","Ovis","","NC_001941","[Ovis aries| Ovis orientalis]",9935,0,0,0,0,0,0,0,0,0,0,0,0,0,0,0,0,0,0,0,607,0,0,0,0,0,0,0,0,0,0,0,0,0,0,0,0,0,0,0,0,0,0,0,0,0,0,0,0,0,0,0,0,0,0,0,0,0,0,0,0,0,0,0,0,0,0,0,0,0,0,0,0,0,0,0,0,0,0,0,0,0,0,0,0,0,0,0,168,304,607,"caccgcggtcatacgattgacccaagctaacaggagtacggcgtaaagcgtgttaaagcatcatactaaatagagttaaattttaattaaactgtaaaaagccataattataacaaaaataaatgacgaaagtaaccctacaatagctgatacaccatagctaagacc","Ovis aries","1"
"GL01_000484024","species","Rangifer tarandus",1,"Opisthokonta","Metazoa","Chordata","Mammalia","Artiodactyla","Cervidae","Rangifer","Rangifer tarandus","NC_007703","[Rangifer tarandus]",9870,0,0,0,0,0,0,0,0,0,0,0,0,0,0,0,0,0,0,0,0,0,0,0,0,0,0,0,0,0,0,0,0,0,0,0,0,0,0,0,0,0,0,0,0,0,0,0,0,0,0,0,0,0,0,0,0,298,0,0,0,0,0,0,0,0,0,0,0,0,0,0,0,0,0,0,0,0,0,0,0,0,0,0,0,0,0,0,168,90,298,"caccgcggtcatacgattaacccaagttaataggcctacggcgtaaagcgtgtttaaacactacaccaaataaagttaaattttaattaagctgtaaaaagccataatcacaatgaaaataaataacgaaagtaactttacaaccgctgaaacacgatagctaagatc","Rangifer tarandus","1"
"GL01_000425311","genus","Sus",0.896174863387978,"Opisthokonta","Metazoa","Chordata","Mammalia","Artiodactyla","Suidae","Sus","","NC_000845","[Sus celebensis| Sus scrofa]",9822,0,0,0,0,0,0,0,0,0,0,0,0,0,0,0,0,0,0,0,0,0,0,0,0,0,0,0,0,0,0,0,0,0,0,0,0,0,0,0,0,0,0,0,0,0,0,0,0,0,0,0,11,0,0,0,0,1,0,0,0,0,0,0,0,0,0,0,0,0,0,0,0,0,0,0,0,0,0,0,0,0,0,0,0,0,0,0,180,12,12,"accgcggtcatacgattaacccaaattaatagatccacggctaaagagtgtttaaagaaaaaaaacactataaagagattaaattataaataagactgtaaaaagaacccctagtttaaaaataaaaataaaccccacgaaagtgactctaaataatcctgacacacgatagctaggacc","Sus scrofa","0.901"
"GL01_000427300","genus","Sus",0.96,"Opisthokonta","Metazoa","Chordata","Mammalia","Artiodactyla","Suidae","Sus","","NC_000845","[Sus celebensis| Sus scrofa]",9822,0,0,0,0,3,0,0,0,0,0,0,0,0,0,0,0,0,0,0,0,0,0,0,0,0,0,0,0,0,0,0,0,0,0,0,0,0,0,0,0,0,0,0,0,0,0,0,0,0,0,0,2,0,0,0,0,12,0,0,0,0,0,0,0,2,0,0,0,0,0,0,0,0,0,0,0,0,0,0,0,0,0,0,0,0,0,0,175,4,19,"caccgcggtcatacgattaacccaaattagtagatccacggcgtaaagagtgtttaagaaaaaaaatcacaatagagattaaattataaactaagtactgtaaaaagccctagttaaaaataaaataacccaacgaaagtgactctaataatcctgacacacgatagctaggacc","Sus scrofa","0.96"
"GL01_000000116","species","Sus scrofa",0.994082840236686,"Opisthokonta","Metazoa","Chordata","Mammalia","Artiodactyla","Suidae","Sus","Sus scrofa","NC_000845","[Sus scrofa]",9823,0,0,0,0,26920,0,1,0,0,0,0,0,0,1,0,1,0,3,1,2,0,0,0,1,1,0,0,1,0,1,2,1,1,0,0,4041,0,5,3,0,2,8,3,0,0,7,0,0,798,4,3,14940,5,3,1,1,72367,5,0,4,2,0,1,0,34201,0,0,0,1,2,0,0,1671,3,0,1,2,0,6,8,4,5,1,2,2,0,1,169,32387,155050,"caccgcggtcatacgattaacccaaattaatagatccacggcgtaaagagtgtttaagaaaaaaaaccacaatagagttaaattataactaagctgtaaaaagccctagttaaaataaaataacccacgaaagtgactctaataatcctgacacacgatagctaggacc","Sus scrofa","1"
"GL01_000699372","subspecies","Canis lupus familiaris",1,"Opisthokonta","Metazoa","Chordata","Mammalia","Carnivora","Canidae","Canis","Canis lupus","NC_002008","[Canis lupus]",9615,0,0,0,0,0,0,0,0,0,0,0,0,0,0,0,0,0,0,0,0,0,0,0,0,0,0,0,0,0,0,0,0,0,0,0,0,0,0,0,0,0,0,0,0,0,0,0,0,0,0,0,0,0,0,0,0,0,0,0,0,0,0,0,0,0,0,0,0,0,0,0,0,0,0,0,0,0,73,0,0,0,0,0,0,0,0,0,169,43,73,"caccgcggtcatacgattaacccaaactaataggcctacggcgtaaagcgtgttcaagatacttttacactaaagttaaaacttaactaagccgtaaaaagctacagttatcataaaataaaccacgaaagtgactttataataatctgactacacgatagctaagacc","Canis lupus","1"
"GL01_000051685","species","Balaenoptera physalus",0.988235294117647,"Opisthokonta","Metazoa","Chordata","Mammalia","Cetacea","Balaenopteridae","Balaenoptera","Balaenoptera physalus","NC_001321","[Balaenoptera physalus]",9770,0,0,0,0,0,0,0,0,0,0,0,0,0,0,0,0,0,0,0,0,0,1,0,0,1,0,0,0,0,0,0,0,0,0,0,3,0,0,0,0,2,0,3,0,0,0,0,0,0,4,5,0,1,0,0,2,1,9,0,2,2,0,0,0,0,0,3,0,0,0,0,0,0,1,0,0,0,0,2,0,0,1,0,53626,0,0,0,169,6945,53669,"accgcggtcatacgatcgacccaaattaatagaagcacggcgtaaagagtgttaaggagccacatggaataaagtcaaaccttaattaagctgtaaaaagccctaattaaaattaagccaaactacgaaagtgactttaatataatctgatcacacgacagctaagatc","Balaenoptera physalus","1"
"GL01_000209686","species","Phocoena phocoena",1,"Opisthokonta","Metazoa","Chordata","Mammalia","Cetacea","Phocoenidae","Phocoena","Phocoena phocoena","NC_005280","[Phocoena phocoena]",9742,0,0,0,0,0,0,0,0,0,0,0,0,0,0,0,0,0,0,0,0,0,0,0,0,0,0,0,0,0,0,0,0,1,0,0,0,0,112,0,0,334,1785,80,0,0,1,0,0,0,2,0,1,17,0,0,0,0,5,0,0,19541,0,0,0,0,59,0,0,26,0,0,0,0,0,0,1,1,0,0,0,0,1,0,0,1,0,0,170,4450,21968,"caccgcggtcatacgattgacccaagttaatagacacccggcgtaaagagtgtcgaggagtaacataaaataaagtcaaatcttagttaagctgtaaaaagccataactaaacctaagctaaaccacgaaagtaactttatcacaaaccgagtacacgacaactaagacc","Phocoena phocoena","1"
"GL01_000368306","parvorder","Catarrhini",0.804733727810651,"Opisthokonta","Metazoa","Chordata","Mammalia","Primates","","","","NC_001645","[]",9526,0,0,0,0,0,0,0,0,0,0,0,0,0,0,0,0,0,0,0,0,0,0,0,0,0,0,0,0,0,0,0,0,0,0,0,0,0,0,0,0,0,0,0,0,0,0,0,1116,0,0,0,0,0,0,0,0,0,0,0,0,0,0,0,0,0,0,0,0,0,0,0,0,0,0,0,0,0,0,0,0,0,0,0,0,0,0,0,160,439,1116,"caccacacgattaacccgagctaatggaactcagcgtaaagagtgtttaaggtctgccctcaataaagttaaagcccatctaagttgtaaaaaactccagctgaaataaaatgtactacaaaagtagctttaataccctgaagacacaatagctaagacc","Homo sapiens","1"
"GL01_000025263","species","Homo sapiens",1,"Opisthokonta","Metazoa","Chordata","Mammalia","Primates","Hominidae","Homo","Homo sapiens","NC_012920","[Homo sapiens]",9606,0,1,1,0,0,0,0,0,0,3,1,0,0,0,0,2,0,0,113,0,0,99,46,0,0,1,34,0,2,0,0,103,0,1,2,4,0,0,0,0,1,0,1,0,0,0,9,0,64,0,0,0,16,0,0,0,0,0,27,1,1,8,7,0,39,0,0,2,0,0,2,0,12,0,43,0,0,10,15,0,0,1,0,0,0,0,0,172,408,672,"caccgcggtcacacgattaacccaagtcaatagaagccggcgtaaagagtgttttagatcaccccctccccaataaagctaaaactcacctgagttgtaaaaaactaccagttgacacaaaatagactacgaaagtggctttaacatatctgaacacacaatagctaagacc","Homo sapiens","0.994"
"GL01_000231889","subfamily","Arvicolinae",0.940828402366864,"Opisthokonta","Metazoa","Chordata","Mammalia","Rodentia","Cricetidae","","","NC_016427","[Myodes regulus| Eothenomys melanogaster| Myodes rufocanus| Eothenomys miletus| Microtus levis]",39087,0,0,0,0,0,0,0,0,0,0,0,0,0,0,0,0,0,0,0,0,0,0,0,0,0,0,0,0,0,0,0,0,0,0,0,0,0,0,0,0,128,0,0,0,0,0,0,0,0,0,0,0,0,0,0,0,0,0,0,0,0,0,0,0,0,0,0,0,0,0,0,0,0,0,0,0,0,0,0,0,0,0,0,0,0,0,0,168,53,128,"caccgcggtcatacgattaacccgaactaattattctcggcgtaaaacgtgttactgggaagccaaaaaatagaattaaaatccacccaatatgtgaaaattcatcgctggacctaaaaccaatgacgaaagtaattctaacctacctgatacacgacagctaagatc","Lemmus trimucronatus","0.976"
"GL01_000320741","no rank","Gnathostomata",0.656410256410256,"Opisthokonta","Metazoa","Echinodermata","Echinoidea","","","","","NC_023508","[]",7776,0,0,0,0,0,0,0,0,0,0,0,0,0,0,0,0,0,0,0,0,0,0,0,0,0,0,0,0,0,0,0,0,0,0,0,0,0,0,0,0,0,1,0,0,0,0,0,0,0,0,0,0,18,0,0,0,0,0,0,0,0,0,0,0,0,0,0,0,0,0,0,0,0,0,0,0,0,0,0,0,0,0,0,0,0,0,0,164,11,19,"aaccgcggttaaacgtggaaacttaaataaatcataccggcgtaaaccttaaccaagctacagacacaccctagacataaccccttcccagctgtgatacgcttctaaagacgaaaatcacacgcctagccttctaactttgctccctttttaaagctaagaca","",""
