Radius,Location,Fjord_acr,Station,Samp label,St_name,Distance
"2000",Bergsfjord,BE,C,FISHDIV_BE_C,BE_C,"3721"
"2000",Bergsfjord,BE,C,FISHDIV_BE_C,BE_C,"3188"
"3000",Balsfjord,BA,B,FISHDIV_BA_B,BA_B,"6023"
"2000",Bergsfjord,BE,C,FISHDIV_BE_C,BE_C,"2542"
"3000",Balsfjord,BA,B,FISHDIV_BA_B,BA_B,"4535"
"3000",Balsfjord,BA,B,FISHDIV_BA_B,BA_B,"7519"
"2000",Bergsfjord,BE,C,FISHDIV_BE_C,BE_C,"2742"
"3000",Balsfjord,BA,B,FISHDIV_BA_B,BA_B,"10080"
"2000",Bergsfjord,BE,C,FISHDIV_BE_C,BE_C,"2579"
"3000",Balsfjord,BA,B,FISHDIV_BA_B,BA_B,"2130"
"3000",Balsfjord,BA,B,FISHDIV_BA_B,BA_B,"2422"
"2000",Bergsfjord,BE,C,FISHDIV_BE_C,BE_C,"2225"
"3000",Balsfjord,BA,B,FISHDIV_BA_B,BA_B,"2108"
"2000",Bergsfjord,BE,C,FISHDIV_BE_C,BE_C,"5826"
"3000",Balsfjord,BA,B,FISHDIV_BA_B,BA_B,"3297"
"3000",Balsfjord,BA,B,FISHDIV_BA_B,BA_B,"2734"
"3000",Balsfjord,BA,B,FISHDIV_BA_B,BA_B,"7210"
"2000",Bergsfjord,BE,C,FISHDIV_BE_C,BE_C,"6920"
"3000",Balsfjord,BA,B,FISHDIV_BA_B,BA_B,"2383"
"3000",Balsfjord,BA,B,FISHDIV_BA_B,BA_B,"2979"
"2000",Bergsfjord,BE,C,FISHDIV_BE_C,BE_C,"3734"
"3000",Balsfjord,BA,B,FISHDIV_BA_B,BA_B,"2116"
"3000",Balsfjord,BA,B,FISHDIV_BA_B,BA_B,"2320"
"3000",Balsfjord,BA,B,FISHDIV_BA_B,BA_B,"1981"
"2000",Bergsfjord,BE,C,FISHDIV_BE_C,BE_C,"1008"
"2000",Bergsfjord,BE,C,FISHDIV_BE_C,BE_C,"1003"
"3000",Balsfjord,BA,B,FISHDIV_BA_B,BA_B,"6057"
"3000",Balsfjord,BA,B,FISHDIV_BA_B,BA_B,"6081"
"2000",Bergsfjord,BE,C,FISHDIV_BE_C,BE_C,"1624"
"3000",Balsfjord,BA,B,FISHDIV_BA_B,BA_B,"3979"
"3000",Balsfjord,BA,B,FISHDIV_BA_B,BA_B,"4840"
"3000",Balsfjord,BA,B,FISHDIV_BA_B,BA_B,"4146"
"3000",Balsfjord,BA,B,FISHDIV_BA_B,BA_B,"3850"
"3000",Balsfjord,BA,B,FISHDIV_BA_B,BA_B,"5520"
"3000",Balsfjord,BA,B,FISHDIV_BA_B,BA_B,"4593"
"3000",Balsfjord,BA,A,FISHDIV_BA_A,BA_A,"5161"
"2000",Bergsfjord,BE,C,FISHDIV_BE_C,BE_C,"1113"
"3000",Balsfjord,BA,A,FISHDIV_BA_A,BA_A,"4262"
"3000",Balsfjord,BA,A,FISHDIV_BA_A,BA_A,"6744"
"2000",Bergsfjord,BE,C,FISHDIV_BE_C,BE_C,"1161"
"2000",Bergsfjord,BE,C,FISHDIV_BE_C,BE_C,"1094"
"3000",Balsfjord,BA,A,FISHDIV_BA_A,BA_A,"2582"
"2000",Bergsfjord,BE,D,FISHDIV_BE_D,BE_D,"1165"
"3000",Balsfjord,BA,A,FISHDIV_BA_A,BA_A,"3108"
"3000",Balsfjord,BA,A,FISHDIV_BA_A,BA_A,"5891"
"3000",Balsfjord,BA,A,FISHDIV_BA_A,BA_A,"5490"
"3000",Balsfjord,BA,A,FISHDIV_BA_A,BA_A,"5697"
"3000",Balsfjord,BA,A,FISHDIV_BA_A,BA_A,"6086"
"3000",Balsfjord,BA,A,FISHDIV_BA_A,BA_A,"3733"
"2000",Bergsfjord,BE,D,FISHDIV_BE_D,BE_D,"1216"
"3000",Balsfjord,BA,A,FISHDIV_BA_A,BA_A,"4478"
"3000",Balsfjord,BA,A,FISHDIV_BA_A,BA_A,"3830"
"3000",Balsfjord,BA,A,FISHDIV_BA_A,BA_A,"3539"
"2000",Bergsfjord,BE,D,FISHDIV_BE_D,BE_D,"1204"
"2000",Bergsfjord,BE,D,FISHDIV_BE_D,BE_D,"1152"
"3000",Balsfjord,BA,A,FISHDIV_BA_A,BA_A,"2851"
"3000",Balsfjord,BA,A,FISHDIV_BA_A,BA_A,"3230"
"3000",Balsfjord,BA,A,FISHDIV_BA_A,BA_A,"4451"
"3000",Balsfjord,BA,A,FISHDIV_BA_A,BA_A,"3677"
"2000",Bergsfjord,BE,D,FISHDIV_BE_D,BE_D,"1804"
"2000",Bergsfjord,BE,D,FISHDIV_BE_D,BE_D,"1328"
"2000",Bergsfjord,BE,D,FISHDIV_BE_D,BE_D,"1476"
"3000",Balsfjord,BA,A,FISHDIV_BA_A,BA_A,"2670"
"3000",Balsfjord,BA,B,FISHDIV_BA_B,BA_B,"3203"
"3000",Balsfjord,BA,B,FISHDIV_BA_B,BA_B,"2362"
"2000",Bergsfjord,BE,D,FISHDIV_BE_D,BE_D,"1448"
"2000",Bergsfjord,BE,C,FISHDIV_BE_C,BE_C,"1162"
"3000",Balsfjord,BA,B,FISHDIV_BA_B,BA_B,"2519"
"2000",Bergsfjord,BE,C,FISHDIV_BE_C,BE_C,"4185"
"3000",Balsfjord,BA,A,FISHDIV_BA_A,BA_A,"7781"
"3000",Balsfjord,BA,A,FISHDIV_BA_A,BA_A,"6255"
"3000",Balsfjord,BA,A,FISHDIV_BA_A,BA_A,"10405"
"2000",Bergsfjord,BE,D,FISHDIV_BE_D,BE_D,"33638"
"2000",Bergsfjord,BE,D,FISHDIV_BE_D,BE_D,"27516"
"2000",Bergsfjord,BE,D,FISHDIV_BE_D,BE_D,"1429"
"3000",Balsfjord,BA,A,FISHDIV_BA_A,BA_A,"2259"
"2000",Bergsfjord,BE,D,FISHDIV_BE_D,BE_D,"1052"
"3000",Balsfjord,BA,A,FISHDIV_BA_A,BA_A,"2610"
"3000",Balsfjord,BA,A,FISHDIV_BA_A,BA_A,"2362"
"3000",Balsfjord,BA,A,FISHDIV_BA_A,BA_A,"3296"
"2000",Bergsfjord,BE,D,FISHDIV_BE_D,BE_D,"1760"
"3000",Balsfjord,BA,A,FISHDIV_BA_A,BA_A,"4298"
"3000",Balsfjord,BA,A,FISHDIV_BA_A,BA_A,"2240"
"3000",Balsfjord,BA,A,FISHDIV_BA_A,BA_A,"2233"
"3000",Balsfjord,BA,A,FISHDIV_BA_A,BA_A,"2122"
"2000",Bergsfjord,BE,D,FISHDIV_BE_D,BE_D,"2111"
"2000",Bergsfjord,BE,D,FISHDIV_BE_D,BE_D,"32786"
"3000",Balsfjord,BA,A,FISHDIV_BA_A,BA_A,"2031"
"2000",Bergsfjord,BE,D,FISHDIV_BE_D,BE_D,"6215"
"2000",Bergsfjord,BE,D,FISHDIV_BE_D,BE_D,"1312"
"3000",Balsfjord,BA,C,FISHDIV_BA_C,BA_C,"2084"
"3000",Balsfjord,BA,C,FISHDIV_BA_C,BA_C,"2120"
"3000",Balsfjord,BA,C,FISHDIV_BA_C,BA_C,"1762"
"3000",Balsfjord,BA,C,FISHDIV_BA_C,BA_C,"1507"
"3000",Balsfjord,BA,C,FISHDIV_BA_C,BA_C,"10924"
"3000",Balsfjord,BA,C,FISHDIV_BA_C,BA_C,"9832"
"2000",Bergsfjord,BE,D,FISHDIV_BE_D,BE_D,"984"
"3000",Balsfjord,BA,C,FISHDIV_BA_C,BA_C,"3759"
"3000",Balsfjord,BA,C,FISHDIV_BA_C,BA_C,"4891"
"3000",Balsfjord,BA,C,FISHDIV_BA_C,BA_C,"2450"
"2000",Bergsfjord,BE,D,FISHDIV_BE_D,BE_D,"638"
"3000",Balsfjord,BA,C,FISHDIV_BA_C,BA_C,"2959"
"2000",Bergsfjord,BE,D,FISHDIV_BE_D,BE_D,"576"
"2000",Bergsfjord,BE,D,FISHDIV_BE_D,BE_D,"874"
"3000",Balsfjord,BA,C,FISHDIV_BA_C,BA_C,"1600"
"3000",Balsfjord,BA,C,FISHDIV_BA_C,BA_C,"10660"
"2000",Bergsfjord,BE,D,FISHDIV_BE_D,BE_D,"743"
"3000",Balsfjord,BA,C,FISHDIV_BA_C,BA_C,"2751"
"3000",Balsfjord,BA,C,FISHDIV_BA_C,BA_C,"1138"
"2000",Bergsfjord,BE,D,FISHDIV_BE_D,BE_D,"791"
"3000",Balsfjord,BA,C,FISHDIV_BA_C,BA_C,"1200"
"3000",Balsfjord,BA,C,FISHDIV_BA_C,BA_C,"1062"
"2000",Bergsfjord,BE,D,FISHDIV_BE_D,BE_D,"746"
"3000",Balsfjord,BA,C,FISHDIV_BA_C,BA_C,"1489"
"3000",Balsfjord,BA,C,FISHDIV_BA_C,BA_C,"1238"
"3000",Balsfjord,BA,A,FISHDIV_BA_A,BA_A,"2660"
"2000",Bergsfjord,BE,D,FISHDIV_BE_D,BE_D,"672"
"3000",Balsfjord,BA,A,FISHDIV_BA_A,BA_A,"2799"
"2000",Bergsfjord,BE,D,FISHDIV_BE_D,BE_D,"4746"
"3000",Balsfjord,BA,A,FISHDIV_BA_A,BA_A,"2926"
"3000",Balsfjord,BA,A,FISHDIV_BA_A,BA_A,"2663"
"2000",Bergsfjord,BE,D,FISHDIV_BE_D,BE_D,"1483"
"3000",Balsfjord,BA,A,FISHDIV_BA_A,BA_A,"2681"
"3000",Balsfjord,BA,C,FISHDIV_BA_C,BA_C,"2150"
"2000",Bergsfjord,BE,D,FISHDIV_BE_D,BE_D,"3450"
"3000",Balsfjord,BA,C,FISHDIV_BA_C,BA_C,"1806"
"2000",Bergsfjord,BE,D,FISHDIV_BE_D,BE_D,"5180"
"3000",Balsfjord,BA,C,FISHDIV_BA_C,BA_C,"2575"
"3000",Balsfjord,BA,C,FISHDIV_BA_C,BA_C,"3322"
"3000",Balsfjord,BA,A,FISHDIV_BA_A,BA_A,"3486"
"3000",Balsfjord,BA,C,FISHDIV_BA_C,BA_C,"1572"
"3000",Balsfjord,BA,C,FISHDIV_BA_C,BA_C,"1658"
"2000",Bergsfjord,BE,D,FISHDIV_BE_D,BE_D,"1263"
"3000",Balsfjord,BA,C,FISHDIV_BA_C,BA_C,"1516"
"2000",Bergsfjord,BE,D,FISHDIV_BE_D,BE_D,"1814"
"3000",Balsfjord,BA,C,FISHDIV_BA_C,BA_C,"1656"
"2000",Bergsfjord,BE,D,FISHDIV_BE_D,BE_D,"1324"
"3000",Balsfjord,BA,C,FISHDIV_BA_C,BA_C,"1704"
"3000",Balsfjord,BA,D,FISHDIV_BA_D,BA_D,"2292"
"2000",Bergsfjord,BE,D,FISHDIV_BE_D,BE_D,"1247"
"2000",Bergsfjord,BE,D,FISHDIV_BE_D,BE_D,"1232"
"3000",Balsfjord,BA,D,FISHDIV_BA_D,BA_D,"2230"
"2000",Bergsfjord,BE,E,FISHDIV_BE_E,BE_E,"1305"
"3000",Balsfjord,BA,D,FISHDIV_BA_D,BA_D,"2073"
"3000",Balsfjord,BA,D,FISHDIV_BA_D,BA_D,"2238"
"3000",Balsfjord,BA,D,FISHDIV_BA_D,BA_D,"3198"
"2000",Bergsfjord,BE,E,FISHDIV_BE_E,BE_E,"1332"
"2000",Bergsfjord,BE,E,FISHDIV_BE_E,BE_E,"2394"
"3000",Balsfjord,BA,D,FISHDIV_BA_D,BA_D,"2482"
"3000",Balsfjord,BA,D,FISHDIV_BA_D,BA_D,"7132"
"2000",Bergsfjord,BE,E,FISHDIV_BE_E,BE_E,"1996"
"3000",Balsfjord,BA,D,FISHDIV_BA_D,BA_D,"5854"
"2000",Bergsfjord,BE,E,FISHDIV_BE_E,BE_E,"1355"
"2000",Bergsfjord,BE,E,FISHDIV_BE_E,BE_E,"1637"
"3000",Balsfjord,BA,D,FISHDIV_BA_D,BA_D,"4867"
"3000",Balsfjord,BA,D,FISHDIV_BA_D,BA_D,"4102"
"3000",Balsfjord,BA,D,FISHDIV_BA_D,BA_D,"4327"
"2000",Bergsfjord,BE,E,FISHDIV_BE_E,BE_E,"2413"
"3000",Balsfjord,BA,D,FISHDIV_BA_D,BA_D,"1902"
"3000",Balsfjord,BA,D,FISHDIV_BA_D,BA_D,"2021"
"3000",Balsfjord,BA,D,FISHDIV_BA_D,BA_D,"2408"
"2000",Bergsfjord,BE,E,FISHDIV_BE_E,BE_E,"5588"
"2000",Bergsfjord,BE,E,FISHDIV_BE_E,BE_E,"7864"
"3000",Balsfjord,BA,C,FISHDIV_BA_C,BA_C,"1472"
"2000",Bergsfjord,BE,E,FISHDIV_BE_E,BE_E,"3289"
"2000",Bergsfjord,BE,E,FISHDIV_BE_E,BE_E,"33574"
"3000",Balsfjord,BA,C,FISHDIV_BA_C,BA_C,"1080"
"2000",Bergsfjord,BE,E,FISHDIV_BE_E,BE_E,"33586"
"2000",Bergsfjord,BE,E,FISHDIV_BE_E,BE_E,"33571"
"2000",Bergsfjord,BE,D,FISHDIV_BE_D,BE_D,"957"
"3000",Balsfjord,BA,C,FISHDIV_BA_C,BA_C,"2005"
"2000",Bergsfjord,BE,D,FISHDIV_BE_D,BE_D,"896"
"3000",Balsfjord,BA,C,FISHDIV_BA_C,BA_C,"1499"
"2000",Bergsfjord,BE,E,FISHDIV_BE_E,BE_E,"2175"
"2000",Bergsfjord,BE,E,FISHDIV_BE_E,BE_E,"2444"
"2000",Bergsfjord,BE,E,FISHDIV_BE_E,BE_E,"33659"
"2000",Bergsfjord,BE,E,FISHDIV_BE_E,BE_E,"3225"
"3000",Balsfjord,BA,C,FISHDIV_BA_C,BA_C,"6133"
"2000",Bergsfjord,BE,E,FISHDIV_BE_E,BE_E,"23001"
"3000",Balsfjord,BA,C,FISHDIV_BA_C,BA_C,"7284"
"2000",Bergsfjord,BE,E,FISHDIV_BE_E,BE_E,"28143"
"3000",Balsfjord,BA,C,FISHDIV_BA_C,BA_C,"8567"
"2000",Bergsfjord,BE,E,FISHDIV_BE_E,BE_E,"1743"
"3000",Balsfjord,BA,D,FISHDIV_BA_D,BA_D,"1968"
"2000",Bergsfjord,BE,E,FISHDIV_BE_E,BE_E,"1815"
"3000",Balsfjord,BA,C,FISHDIV_BA_C,BA_C,"5124"
"3000",Balsfjord,BA,D,FISHDIV_BA_D,BA_D,"1898"
"2000",Bergsfjord,BE,E,FISHDIV_BE_E,BE_E,"1535"
"3000",Balsfjord,BA,C,FISHDIV_BA_C,BA_C,"5337"
"3000",Balsfjord,BA,D,FISHDIV_BA_D,BA_D,"2654"
"3000",Balsfjord,BA,D,FISHDIV_BA_D,BA_D,"3092"
"2000",Bergsfjord,BE,E,FISHDIV_BE_E,BE_E,"1687"
"2000",Bergsfjord,BE,E,FISHDIV_BE_E,BE_E,"2892"
"3000",Balsfjord,BA,D,FISHDIV_BA_D,BA_D,"4308"
"2000",Bergsfjord,BE,E,FISHDIV_BE_E,BE_E,"2406"
"2000",Bergsfjord,BE,E,FISHDIV_BE_E,BE_E,"2115"
"3000",Balsfjord,BA,D,FISHDIV_BA_D,BA_D,"1996"
"2000",Bergsfjord,BE,E,FISHDIV_BE_E,BE_E,"1931"
"3000",Balsfjord,BA,D,FISHDIV_BA_D,BA_D,"2284"
"750",Odelfjord,OL,C,FISHDIV_OL_C,OL_C,"834"
"3000",Balsfjord,BA,E,FISHDIV_BA_E,BA_E,"1439"
"2000",Bergsfjord,BE,E,FISHDIV_BE_E,BE_E,"3774"
"3000",Balsfjord,BA,E,FISHDIV_BA_E,BA_E,"1875"
"3000",Balsfjord,BA,D,FISHDIV_BA_D,BA_D,"1939"
"3000",Balsfjord,BA,D,FISHDIV_BA_D,BA_D,"1828"
"3000",Balsfjord,BA,E,FISHDIV_BA_E,BA_E,"1430"
"750",Odelfjord,OL,C,FISHDIV_OL_C,OL_C,"1135"
"750",Odelfjord,OL,C,FISHDIV_OL_C,OL_C,"847"
"3000",Balsfjord,BA,E,FISHDIV_BA_E,BA_E,"1436"
"3000",Balsfjord,BA,E,FISHDIV_BA_E,BA_E,"1351"
"3000",Balsfjord,BA,E,FISHDIV_BA_E,BA_E,"1260"
"3000",Balsfjord,BA,E,FISHDIV_BA_E,BA_E,"1493"
"750",Odelfjord,OL,C,FISHDIV_OL_C,OL_C,"1500"
"3000",Balsfjord,BA,D,FISHDIV_BA_D,BA_D,"1585"
"3000",Balsfjord,BA,D,FISHDIV_BA_D,BA_D,"1808"
"2000",Bergsfjord,BE,E,FISHDIV_BE_E,BE_E,"2207"
"3000",Balsfjord,BA,D,FISHDIV_BA_D,BA_D,"1894"
"3000",Balsfjord,BA,D,FISHDIV_BA_D,BA_D,"3492"
"3000",Balsfjord,BA,D,FISHDIV_BA_D,BA_D,"3560"
"3000",Balsfjord,BA,D,FISHDIV_BA_D,BA_D,"2860"
"2000",Bergsfjord,BE,E,FISHDIV_BE_E,BE_E,"2760"
"3000",Balsfjord,BA,D,FISHDIV_BA_D,BA_D,"3524"
"3000",Balsfjord,BA,D,FISHDIV_BA_D,BA_D,"1782"
"2000",Bergsfjord,BE,E,FISHDIV_BE_E,BE_E,"1668"
"3000",Balsfjord,BA,D,FISHDIV_BA_D,BA_D,"1572"
"2000",Bergsfjord,BE,E,FISHDIV_BE_E,BE_E,"2123"
"2000",Bergsfjord,BE,E,FISHDIV_BE_E,BE_E,"1661"
"3000",Balsfjord,BA,D,FISHDIV_BA_D,BA_D,"4525"
"3000",Balsfjord,BA,D,FISHDIV_BA_D,BA_D,"8843"
"2000",Bergsfjord,BE,E,FISHDIV_BE_E,BE_E,"1519"
"3000",Balsfjord,BA,D,FISHDIV_BA_D,BA_D,"7562"
"3000",Balsfjord,BA,D,FISHDIV_BA_D,BA_D,"6278"
"3000",Balsfjord,BA,E,FISHDIV_BA_E,BA_E,"1493"
"2000",Bergsfjord,BE,E,FISHDIV_BE_E,BE_E,"1615"
"3000",Balsfjord,BA,E,FISHDIV_BA_E,BA_E,"1667"
"2000",Bergsfjord,BE,E,FISHDIV_BE_E,BE_E,"1659"
"3000",Balsfjord,BA,E,FISHDIV_BA_E,BA_E,"1921"
"750",Odelfjord,OL,C,FISHDIV_OL_C,OL_C,"1151"
"750",Odelfjord,OL,C,FISHDIV_OL_C,OL_C,"1233"
"3000",Balsfjord,BA,E,FISHDIV_BA_E,BA_E,"1825"
"750",Odelfjord,OL,C,FISHDIV_OL_C,OL_C,"26319"
"3000",Balsfjord,BA,E,FISHDIV_BA_E,BA_E,"5305"
"3000",Balsfjord,BA,E,FISHDIV_BA_E,BA_E,"3955"
"3000",Balsfjord,BA,E,FISHDIV_BA_E,BA_E,"2930"
"750",Odelfjord,OL,C,FISHDIV_OL_C,OL_C,"1343"
"750",Odelfjord,OL,C,FISHDIV_OL_C,OL_C,"4496"
"3000",Balsfjord,BA,E,FISHDIV_BA_E,BA_E,"2333"
"3000",Balsfjord,BA,E,FISHDIV_BA_E,BA_E,"8673"
"750",Odelfjord,OL,C,FISHDIV_OL_C,OL_C,"14738"
"3000",Balsfjord,BA,E,FISHDIV_BA_E,BA_E,"15181"
"750",Odelfjord,OL,C,FISHDIV_OL_C,OL_C,"5500"
"3000",Balsfjord,BA,E,FISHDIV_BA_E,BA_E,"5875"
"750",Odelfjord,OL,C,FISHDIV_OL_C,OL_C,"17325"
"750",Odelfjord,OL,C,FISHDIV_OL_C,OL_C,"4136"
"3000",Balsfjord,BA,E,FISHDIV_BA_E,BA_E,"5564"
"3000",Balsfjord,BA,E,FISHDIV_BA_E,BA_E,"2085"
"750",Odelfjord,OL,C,FISHDIV_OL_C,OL_C,"2382"
"3000",Balsfjord,BA,E,FISHDIV_BA_E,BA_E,"3952"
"750",Odelfjord,OL,C,FISHDIV_OL_C,OL_C,"1999"
"3000",Balsfjord,BA,E,FISHDIV_BA_E,BA_E,"6940"
"3000",Balsfjord,BA,E,FISHDIV_BA_E,BA_E,"7428"
"3000",Balsfjord,BA,E,FISHDIV_BA_E,BA_E,"10110"
"3000",Balsfjord,BA,E,FISHDIV_BA_E,BA_E,"11338"
"750",Odelfjord,OL,C,FISHDIV_OL_C,OL_C,"3534"
"3000",Balsfjord,BA,E,FISHDIV_BA_E,BA_E,"2456"
"3000",Balsfjord,BA,E,FISHDIV_BA_E,BA_E,"2108"
"3000",Balsfjord,BA,E,FISHDIV_BA_E,BA_E,"2665"
"3000",Balsfjord,BA,E,FISHDIV_BA_E,BA_E,"3316"
"750",Odelfjord,OL,C,FISHDIV_OL_C,OL_C,"1750"
"3000",Balsfjord,BA,E,FISHDIV_BA_E,BA_E,"1455"
"750",Odelfjord,OL,C,FISHDIV_OL_C,OL_C,"2393"
"3000",Balsfjord,BA,E,FISHDIV_BA_E,BA_E,"1730"
"750",Odelfjord,OL,C,FISHDIV_OL_C,OL_C,"2988"
"3000",Balsfjord,BA,E,FISHDIV_BA_E,BA_E,"2003"
"3000",Balsfjord,BA,E,FISHDIV_BA_E,BA_E,"1833"
"3000",Balsfjord,BA,E,FISHDIV_BA_E,BA_E,"1928"
"3000",Balsfjord,BA,E,FISHDIV_BA_E,BA_E,"1881"
"750",Odelfjord,OL,C,FISHDIV_OL_C,OL_C,"1557"
"3000",Balsfjord,BA,G,FISHDIV_BA_G,BA_G,"3082"
"750",Odelfjord,OL,C,FISHDIV_OL_C,OL_C,"1219"
"750",Odelfjord,OL,C,FISHDIV_OL_C,OL_C,"1664"
"3000",Balsfjord,BA,G,FISHDIV_BA_G,BA_G,"2180"
"750",Odelfjord,OL,C,FISHDIV_OL_C,OL_C,"847"
"3000",Balsfjord,BA,G,FISHDIV_BA_G,BA_G,"4351"
"750",Odelfjord,OL,C,FISHDIV_OL_C,OL_C,"888"
"3000",Balsfjord,BA,G,FISHDIV_BA_G,BA_G,"6983"
"750",Odelfjord,OL,C,FISHDIV_OL_C,OL_C,"963"
"3000",Balsfjord,BA,G,FISHDIV_BA_G,BA_G,"5312"
"750",Odelfjord,OL,C,FISHDIV_OL_C,OL_C,"1083"
"3000",Balsfjord,BA,G,FISHDIV_BA_G,BA_G,"8555"
"750",Odelfjord,OL,B,FISHDIV_OL_B,OL_B,"908"
"3000",Balsfjord,BA,G,FISHDIV_BA_G,BA_G,"2122"
"3000",Balsfjord,BA,G,FISHDIV_BA_G,BA_G,"3096"
"750",Odelfjord,OL,B,FISHDIV_OL_B,OL_B,"894"
"750",Odelfjord,OL,B,FISHDIV_OL_B,OL_B,"1774"
"3000",Balsfjord,BA,G,FISHDIV_BA_G,BA_G,"3650"
"3000",Balsfjord,BA,G,FISHDIV_BA_G,BA_G,"1503"
"750",Odelfjord,OL,B,FISHDIV_OL_B,OL_B,"1033"
"750",Odelfjord,OL,B,FISHDIV_OL_B,OL_B,"952"
"3000",Balsfjord,BA,G,FISHDIV_BA_G,BA_G,"1870"
"750",Odelfjord,OL,B,FISHDIV_OL_B,OL_B,"2207"
"3000",Balsfjord,BA,G,FISHDIV_BA_G,BA_G,"1986"
"3000",Balsfjord,BA,G,FISHDIV_BA_G,BA_G,"2187"
"750",Odelfjord,OL,B,FISHDIV_OL_B,OL_B,"2517"
"3000",Balsfjord,BA,E,FISHDIV_BA_E,BA_E,"2392"
"3000",Balsfjord,BA,G,FISHDIV_BA_G,BA_G,"1385"
"750",Odelfjord,OL,C,FISHDIV_OL_C,OL_C,"18710"
"3000",Balsfjord,BA,G,FISHDIV_BA_G,BA_G,"1460"
"750",Odelfjord,OL,C,FISHDIV_OL_C,OL_C,"4372"
"3000",Balsfjord,BA,G,FISHDIV_BA_G,BA_G,"1761"
"3000",Balsfjord,BA,G,FISHDIV_BA_G,BA_G,"1962"
"3000",Balsfjord,BA,G,FISHDIV_BA_G,BA_G,"1327"
"750",Odelfjord,OL,C,FISHDIV_OL_C,OL_C,"18813"
"750",Odelfjord,OL,C,FISHDIV_OL_C,OL_C,"23056"
"3000",Balsfjord,BA,G,FISHDIV_BA_G,BA_G,"1245"
"3000",Balsfjord,BA,G,FISHDIV_BA_G,BA_G,"1201"
"750",Odelfjord,OL,C,FISHDIV_OL_C,OL_C,"1760"
"750",Odelfjord,OL,C,FISHDIV_OL_C,OL_C,"22597"
"3000",Balsfjord,BA,G,FISHDIV_BA_G,BA_G,"1759"
"3000",Balsfjord,BA,G,FISHDIV_BA_G,BA_G,"1413"
"750",Odelfjord,OL,C,FISHDIV_OL_C,OL_C,"20772"
"3000",Balsfjord,BA,G,FISHDIV_BA_G,BA_G,"1462"
"750",Odelfjord,OL,C,FISHDIV_OL_C,OL_C,"19521"
"3000",Balsfjord,BA,G,FISHDIV_BA_G,BA_G,"1410"
"3000",Balsfjord,BA,G,FISHDIV_BA_G,BA_G,"1266"
"750",Odelfjord,OL,C,FISHDIV_OL_C,OL_C,"1030"
"3000",Balsfjord,BA,G,FISHDIV_BA_G,BA_G,"2221"
"750",Odelfjord,OL,C,FISHDIV_OL_C,OL_C,"1436"
"750",Odelfjord,OL,B,FISHDIV_OL_B,OL_B,"1443"
"750",Odelfjord,OL,B,FISHDIV_OL_B,OL_B,"979"
"3000",Balsfjord,BA,H,FISHDIV_BA_H,BA_H,"10516"
"750",Odelfjord,OL,B,FISHDIV_OL_B,OL_B,"6110"
"3000",Balsfjord,BA,H,FISHDIV_BA_H,BA_H,"4086"
"3000",Balsfjord,BA,H,FISHDIV_BA_H,BA_H,"7698"
"750",Odelfjord,OL,B,FISHDIV_OL_B,OL_B,"1451"
"3000",Balsfjord,BA,H,FISHDIV_BA_H,BA_H,"8289"
"750",Odelfjord,OL,B,FISHDIV_OL_B,OL_B,"5251"
"3000",Balsfjord,BA,H,FISHDIV_BA_H,BA_H,"1282"
"750",Odelfjord,OL,B,FISHDIV_OL_B,OL_B,"5463"
"3000",Balsfjord,BA,H,FISHDIV_BA_H,BA_H,"1568"
"3000",Balsfjord,BA,H,FISHDIV_BA_H,BA_H,"3241"
"750",Odelfjord,OL,B,FISHDIV_OL_B,OL_B,"24356"
"750",Odelfjord,OL,B,FISHDIV_OL_B,OL_B,"20777"
"3000",Balsfjord,BA,G,FISHDIV_BA_G,BA_G,"1142"
"3000",Balsfjord,BA,G,FISHDIV_BA_G,BA_G,"1136"
"750",Odelfjord,OL,B,FISHDIV_OL_B,OL_B,"1522"
"3000",Balsfjord,BA,G,FISHDIV_BA_G,BA_G,"1103"
"3000",Balsfjord,BA,G,FISHDIV_BA_G,BA_G,"3992"
"750",Odelfjord,OL,B,FISHDIV_OL_B,OL_B,"1660"
"750",Odelfjord,OL,B,FISHDIV_OL_B,OL_B,"1866"
"3000",Balsfjord,BA,G,FISHDIV_BA_G,BA_G,"2366"
"750",Odelfjord,OL,B,FISHDIV_OL_B,OL_B,"991"
"3000",Balsfjord,BA,G,FISHDIV_BA_G,BA_G,"1315"
"750",Odelfjord,OL,B,FISHDIV_OL_B,OL_B,"1007"
"750",Odelfjord,OL,B,FISHDIV_OL_B,OL_B,"1242"
"3000",Balsfjord,BA,G,FISHDIV_BA_G,BA_G,"7625"
"3000",Balsfjord,BA,G,FISHDIV_BA_G,BA_G,"6134"
"750",Odelfjord,OL,B,FISHDIV_OL_B,OL_B,"915"
"750",Odelfjord,OL,B,FISHDIV_OL_B,OL_B,"848"
"3000",Balsfjord,BA,G,FISHDIV_BA_G,BA_G,"2575"
"3000",Balsfjord,BA,G,FISHDIV_BA_G,BA_G,"12649"
"750",Odelfjord,OL,B,FISHDIV_OL_B,OL_B,"1026"
"750",Odelfjord,OL,B,FISHDIV_OL_B,OL_B,"1041"
"2000",Bergsfjord,BE,G,FISHDIV_BE_G,BE_G,"2255"
"2000",Bergsfjord,BE,G,FISHDIV_BE_G,BE_G,"2215"
"2000",Bergsfjord,BE,G,FISHDIV_BE_G,BE_G,"2449"
"2000",Bergsfjord,BE,G,FISHDIV_BE_G,BE_G,"2161"
"2000",Bergsfjord,BE,G,FISHDIV_BE_G,BE_G,"2429"
"2000",Bergsfjord,BE,G,FISHDIV_BE_G,BE_G,"2155"
"2000",Bergsfjord,BE,G,FISHDIV_BE_G,BE_G,"5152"
"2000",Bergsfjord,BE,G,FISHDIV_BE_G,BE_G,"3243"
"2000",Bergsfjord,BE,G,FISHDIV_BE_G,BE_G,"2541"
"1000",Frakkfjord,FR,D,FISHDIV_FR_D,FR_D,"1601"
"1000",Frakkfjord,FR,D,FISHDIV_FR_D,FR_D,"1616"
"1000",Frakkfjord,FR,D,FISHDIV_FR_D,FR_D,"1282"
"1000",Frakkfjord,FR,D,FISHDIV_FR_D,FR_D,"33626"
"1000",Frakkfjord,FR,D,FISHDIV_FR_D,FR_D,"5285"
"1000",Frakkfjord,FR,D,FISHDIV_FR_D,FR_D,"33700"
"1000",Frakkfjord,FR,D,FISHDIV_FR_D,FR_D,"4611"
"1000",Frakkfjord,FR,D,FISHDIV_FR_D,FR_D,"33775"
"1000",Frakkfjord,FR,D,FISHDIV_FR_D,FR_D,"33735"
"2000",Bergsfjord,BE,G,FISHDIV_BE_G,BE_G,"6517"
"2000",Bergsfjord,BE,G,FISHDIV_BE_G,BE_G,"33552"
"2000",Bergsfjord,BE,G,FISHDIV_BE_G,BE_G,"33556"
"1000",Frakkfjord,FR,D,FISHDIV_FR_D,FR_D,"6816"
"2000",Bergsfjord,BE,G,FISHDIV_BE_G,BE_G,"2886"
"2000",Bergsfjord,BE,G,FISHDIV_BE_G,BE_G,"3071"
"2000",Bergsfjord,BE,G,FISHDIV_BE_G,BE_G,"3787"
"2000",Bergsfjord,BE,G,FISHDIV_BE_G,BE_G,"5182"
"2000",Bergsfjord,BE,G,FISHDIV_BE_G,BE_G,"2278"
"2000",Bergsfjord,BE,G,FISHDIV_BE_G,BE_G,"2282"
"2000",Bergsfjord,BE,G,FISHDIV_BE_G,BE_G,"2370"
"2000",Bergsfjord,BE,G,FISHDIV_BE_G,BE_G,"2559"
"2000",Bergsfjord,BE,G,FISHDIV_BE_G,BE_G,"8465"
"2000",Bergsfjord,BE,G,FISHDIV_BE_G,BE_G,"2517"
"2000",Bergsfjord,BE,G,FISHDIV_BE_G,BE_G,"33556"
"2000",Bergsfjord,BE,G,FISHDIV_BE_G,BE_G,"33567"
"2000",Bergsfjord,BE,G,FISHDIV_BE_G,BE_G,"2992"
"2000",Bergsfjord,BE,G,FISHDIV_BE_G,BE_G,"2825"
"2000",Bergsfjord,BE,G,FISHDIV_BE_G,BE_G,"8085"
"2000",Bergsfjord,BE,G,FISHDIV_BE_G,BE_G,"3710"
"2000",Bergsfjord,BE,G,FISHDIV_BE_G,BE_G,"4125"
"2000",Bergsfjord,BE,G,FISHDIV_BE_G,BE_G,"5041"
"2000",Bergsfjord,BE,G,FISHDIV_BE_G,BE_G,"5735"
"2000",Bergsfjord,BE,G,FISHDIV_BE_G,BE_G,"3314"
"2000",Bergsfjord,BE,G,FISHDIV_BE_G,BE_G,"3389"
"2000",Bergsfjord,BE,G,FISHDIV_BE_G,BE_G,"2651"
"2000",Bergsfjord,BE,G,FISHDIV_BE_G,BE_G,"2868"
"2000",Bergsfjord,BE,G,FISHDIV_BE_G,BE_G,"2850"
"2000",Bergsfjord,BE,C,FISHDIV_BE_C,BE_C,"861"
"2000",Bergsfjord,BE,C,FISHDIV_BE_C,BE_C,"695"
"2000",Bergsfjord,BE,C,FISHDIV_BE_C,BE_C,"671"
"2000",Bergsfjord,BE,C,FISHDIV_BE_C,BE_C,"872"
"2000",Bergsfjord,BE,C,FISHDIV_BE_C,BE_C,"1026"
"2000",Bergsfjord,BE,C,FISHDIV_BE_C,BE_C,"951"
"2000",Bergsfjord,BE,C,FISHDIV_BE_C,BE_C,"1786"
"2000",Bergsfjord,BE,C,FISHDIV_BE_C,BE_C,"1346"
"2000",Bergsfjord,BE,C,FISHDIV_BE_C,BE_C,"1356"
"2000",Bergsfjord,BE,C,FISHDIV_BE_C,BE_C,"744"
"2000",Bergsfjord,BE,C,FISHDIV_BE_C,BE_C,"810"
"2000",Bergsfjord,BE,C,FISHDIV_BE_C,BE_C,"1209"
"750",Odelfjord,OL,A,FISHDIV_OL_A,OL_A,"1352"
"750",Odelfjord,OL,A,FISHDIV_OL_A,OL_A,"1054"
"750",Odelfjord,OL,A,FISHDIV_OL_A,OL_A,"994"
"750",Odelfjord,OL,A,FISHDIV_OL_A,OL_A,"2003"
"750",Odelfjord,OL,A,FISHDIV_OL_A,OL_A,"25810"
"750",Odelfjord,OL,A,FISHDIV_OL_A,OL_A,"23310"
"750",Odelfjord,OL,A,FISHDIV_OL_A,OL_A,"6608"
"750",Odelfjord,OL,A,FISHDIV_OL_A,OL_A,"1873"
"750",Odelfjord,OL,A,FISHDIV_OL_A,OL_A,"21285"
"750",Odelfjord,OL,A,FISHDIV_OL_A,OL_A,"559"
"750",Odelfjord,OL,A,FISHDIV_OL_A,OL_A,"553"
"750",Odelfjord,OL,A,FISHDIV_OL_A,OL_A,"584"
"750",Odelfjord,OL,A,FISHDIV_OL_A,OL_A,"647"
"750",Odelfjord,OL,A,FISHDIV_OL_A,OL_A,"593"
"750",Odelfjord,OL,A,FISHDIV_OL_A,OL_A,"564"
"750",Odelfjord,OL,A,FISHDIV_OL_A,OL_A,"735"
"750",Odelfjord,OL,A,FISHDIV_OL_A,OL_A,"818"
"750",Odelfjord,OL,A,FISHDIV_OL_A,OL_A,"840"
"1000",Frakkfjord,FR,A,FISHDIV_FR_A,FR_A,"645"
"1000",Frakkfjord,FR,A,FISHDIV_FR_A,FR_A,"682"
"1000",Frakkfjord,FR,A,FISHDIV_FR_A,FR_A,"686"
"1000",Frakkfjord,FR,A,FISHDIV_FR_A,FR_A,"527"
"1000",Frakkfjord,FR,A,FISHDIV_FR_A,FR_A,"560"
"1000",Frakkfjord,FR,A,FISHDIV_FR_A,FR_A,"921"
"1000",Frakkfjord,FR,A,FISHDIV_FR_A,FR_A,"575"
"1000",Frakkfjord,FR,A,FISHDIV_FR_A,FR_A,"1464"
"1000",Frakkfjord,FR,A,FISHDIV_FR_A,FR_A,"1451"
"1000",Frakkfjord,FR,A,FISHDIV_FR_A,FR_A,"1131"
"750",Odelfjord,OL,A,FISHDIV_OL_A,OL_A,"503"
"750",Odelfjord,OL,A,FISHDIV_OL_A,OL_A,"501"
"750",Odelfjord,OL,A,FISHDIV_OL_A,OL_A,"714"
"750",Odelfjord,OL,A,FISHDIV_OL_A,OL_A,"1468"
"750",Odelfjord,OL,A,FISHDIV_OL_A,OL_A,"627"
"750",Odelfjord,OL,A,FISHDIV_OL_A,OL_A,"638"
"750",Odelfjord,OL,A,FISHDIV_OL_A,OL_A,"577"
"750",Odelfjord,OL,A,FISHDIV_OL_A,OL_A,"530"
"1000",Frakkfjord,FR,A,FISHDIV_FR_A,FR_A,"6388"
"1000",Frakkfjord,FR,A,FISHDIV_FR_A,FR_A,"13218"
"750",Odelfjord,OL,A,FISHDIV_OL_A,OL_A,"598"
"1000",Frakkfjord,FR,A,FISHDIV_FR_A,FR_A,"1091"
"1000",Frakkfjord,FR,A,FISHDIV_FR_A,FR_A,"1293"
"1000",Frakkfjord,FR,A,FISHDIV_FR_A,FR_A,"673"
"1000",Frakkfjord,FR,A,FISHDIV_FR_A,FR_A,"704"
"1000",Frakkfjord,FR,A,FISHDIV_FR_A,FR_A,"552"
"1000",Frakkfjord,FR,A,FISHDIV_FR_A,FR_A,"586"
"1000",Frakkfjord,FR,A,FISHDIV_FR_A,FR_A,"1173"
"1000",Frakkfjord,FR,A,FISHDIV_FR_A,FR_A,"1123"
"1000",Frakkfjord,FR,A,FISHDIV_FR_A,FR_A,"694"
"1000",Frakkfjord,FR,A,FISHDIV_FR_A,FR_A,"606"
"1000",Frakkfjord,FR,A,FISHDIV_FR_A,FR_A,"2758"
"1000",Frakkfjord,FR,A,FISHDIV_FR_A,FR_A,"1998"
"1000",Frakkfjord,FR,A,FISHDIV_FR_A,FR_A,"1757"
"1000",Frakkfjord,FR,A,FISHDIV_FR_A,FR_A,"1451"
"1000",Frakkfjord,FR,A,FISHDIV_FR_A,FR_A,"1346"
"1000",Frakkfjord,FR,A,FISHDIV_FR_A,FR_A,"1518"
"1000",Frakkfjord,FR,A,FISHDIV_FR_A,FR_A,"496"
"1000",Frakkfjord,FR,A,FISHDIV_FR_A,FR_A,"498"
"1000",Frakkfjord,FR,A,FISHDIV_FR_A,FR_A,"717"
"1000",Frakkfjord,FR,A,FISHDIV_FR_A,FR_A,"906"
"1000",Frakkfjord,FR,A,FISHDIV_FR_A,FR_A,"611"
"1000",Frakkfjord,FR,A,FISHDIV_FR_A,FR_A,"553"
"1000",Frakkfjord,FR,A,FISHDIV_FR_A,FR_A,"616"
"1000",Frakkfjord,FR,B,FISHDIV_FR_B,FR_B,"973"
"1000",Frakkfjord,FR,B,FISHDIV_FR_B,FR_B,"914"
"1000",Frakkfjord,FR,B,FISHDIV_FR_B,FR_B,"931"
"1000",Frakkfjord,FR,B,FISHDIV_FR_B,FR_B,"942"
"1000",Frakkfjord,FR,B,FISHDIV_FR_B,FR_B,"1351"
"1000",Frakkfjord,FR,B,FISHDIV_FR_B,FR_B,"1014"
"1000",Frakkfjord,FR,B,FISHDIV_FR_B,FR_B,"950"
"1000",Frakkfjord,FR,B,FISHDIV_FR_B,FR_B,"1553"
"1000",Frakkfjord,FR,B,FISHDIV_FR_B,FR_B,"10837"
"1000",Frakkfjord,FR,A,FISHDIV_FR_A,FR_A,"3590"
"1000",Frakkfjord,FR,B,FISHDIV_FR_B,FR_B,"2766"
"1000",Frakkfjord,FR,B,FISHDIV_FR_B,FR_B,"3164"
"1000",Frakkfjord,FR,B,FISHDIV_FR_B,FR_B,"4451"
"1000",Frakkfjord,FR,B,FISHDIV_FR_B,FR_B,"6734"
"1000",Frakkfjord,FR,B,FISHDIV_FR_B,FR_B,"2031"
"1000",Frakkfjord,FR,B,FISHDIV_FR_B,FR_B,"2364"
"1000",Frakkfjord,FR,B,FISHDIV_FR_B,FR_B,"910"
"1000",Frakkfjord,FR,B,FISHDIV_FR_B,FR_B,"637"
"1000",Frakkfjord,FR,B,FISHDIV_FR_B,FR_B,"716"
"1000",Frakkfjord,FR,B,FISHDIV_FR_B,FR_B,"847"
"1000",Frakkfjord,FR,B,FISHDIV_FR_B,FR_B,"798"
"1000",Frakkfjord,FR,B,FISHDIV_FR_B,FR_B,"764"
"1000",Frakkfjord,FR,B,FISHDIV_FR_B,FR_B,"632"
"1000",Frakkfjord,FR,B,FISHDIV_FR_B,FR_B,"600"
"1000",Frakkfjord,FR,B,FISHDIV_FR_B,FR_B,"1252"
"1000",Frakkfjord,FR,B,FISHDIV_FR_B,FR_B,"1042"
"1000",Frakkfjord,FR,B,FISHDIV_FR_B,FR_B,"916"
"1000",Frakkfjord,FR,B,FISHDIV_FR_B,FR_B,"840"
"1000",Frakkfjord,FR,C,FISHDIV_FR_C,FR_C,"4238"
"1000",Frakkfjord,FR,C,FISHDIV_FR_C,FR_C,"9385"
"1000",Frakkfjord,FR,B,FISHDIV_FR_B,FR_B,"1630"
"1000",Frakkfjord,FR,B,FISHDIV_FR_B,FR_B,"2463"
"1000",Frakkfjord,FR,B,FISHDIV_FR_B,FR_B,"3308"
"1000",Frakkfjord,FR,B,FISHDIV_FR_B,FR_B,"1824"
"1000",Frakkfjord,FR,B,FISHDIV_FR_B,FR_B,"1902"
"1000",Frakkfjord,FR,B,FISHDIV_FR_B,FR_B,"2411"
"1000",Frakkfjord,FR,B,FISHDIV_FR_B,FR_B,"1179"
"1000",Frakkfjord,FR,B,FISHDIV_FR_B,FR_B,"1455"
"1000",Frakkfjord,FR,B,FISHDIV_FR_B,FR_B,"1040"
"1000",Frakkfjord,FR,C,FISHDIV_FR_C,FR_C,"1329"
"1000",Frakkfjord,FR,C,FISHDIV_FR_C,FR_C,"1487"
"1000",Frakkfjord,FR,C,FISHDIV_FR_C,FR_C,"1574"
"1000",Frakkfjord,FR,C,FISHDIV_FR_C,FR_C,"1309"
"1000",Frakkfjord,FR,C,FISHDIV_FR_C,FR_C,"1630"
"1000",Frakkfjord,FR,C,FISHDIV_FR_C,FR_C,"1546"
"1000",Frakkfjord,FR,C,FISHDIV_FR_C,FR_C,"4392"
"1000",Frakkfjord,FR,C,FISHDIV_FR_C,FR_C,"1737"
"1000",Frakkfjord,FR,C,FISHDIV_FR_C,FR_C,"1566"
"1000",Frakkfjord,FR,C,FISHDIV_FR_C,FR_C,"2096"
"1000",Frakkfjord,FR,C,FISHDIV_FR_C,FR_C,"2567"
"1000",Frakkfjord,FR,C,FISHDIV_FR_C,FR_C,"1363"
"1000",Frakkfjord,FR,C,FISHDIV_FR_C,FR_C,"1315"
"1000",Frakkfjord,FR,C,FISHDIV_FR_C,FR_C,"1317"
"1000",Frakkfjord,FR,C,FISHDIV_FR_C,FR_C,"1260"
"1000",Frakkfjord,FR,C,FISHDIV_FR_C,FR_C,"1294"
"1000",Frakkfjord,FR,C,FISHDIV_FR_C,FR_C,"1167"
"1000",Frakkfjord,FR,C,FISHDIV_FR_C,FR_C,"2105"
"1000",Frakkfjord,FR,C,FISHDIV_FR_C,FR_C,"991"
"1000",Frakkfjord,FR,C,FISHDIV_FR_C,FR_C,"923"
"1000",Frakkfjord,FR,C,FISHDIV_FR_C,FR_C,"905"
"1000",Frakkfjord,FR,C,FISHDIV_FR_C,FR_C,"8317"
"1000",Frakkfjord,FR,C,FISHDIV_FR_C,FR_C,"7279"
"1000",Frakkfjord,FR,C,FISHDIV_FR_C,FR_C,"6238"
"1000",Frakkfjord,FR,D,FISHDIV_FR_D,FR_D,"1772"
"1000",Frakkfjord,FR,D,FISHDIV_FR_D,FR_D,"2189"
"1000",Frakkfjord,FR,D,FISHDIV_FR_D,FR_D,"2747"
"1000",Frakkfjord,FR,D,FISHDIV_FR_D,FR_D,"7431"
"1000",Frakkfjord,FR,D,FISHDIV_FR_D,FR_D,"934"
"1000",Frakkfjord,FR,D,FISHDIV_FR_D,FR_D,"947"
"1000",Frakkfjord,FR,D,FISHDIV_FR_D,FR_D,"1028"
"1000",Frakkfjord,FR,C,FISHDIV_FR_C,FR_C,"2336"
"1000",Frakkfjord,FR,C,FISHDIV_FR_C,FR_C,"3717"
"1000",Frakkfjord,FR,C,FISHDIV_FR_C,FR_C,"4403"
"1000",Frakkfjord,FR,C,FISHDIV_FR_C,FR_C,"1311"
"1000",Frakkfjord,FR,C,FISHDIV_FR_C,FR_C,"1876"
"1000",Frakkfjord,FR,C,FISHDIV_FR_C,FR_C,"873"
"1000",Frakkfjord,FR,C,FISHDIV_FR_C,FR_C,"1032"
"1000",Frakkfjord,FR,C,FISHDIV_FR_C,FR_C,"891"
"1000",Frakkfjord,FR,C,FISHDIV_FR_C,FR_C,"762"
"1000",Frakkfjord,FR,C,FISHDIV_FR_C,FR_C,"777"
"1000",Frakkfjord,FR,D,FISHDIV_FR_D,FR_D,"3434"
"1000",Frakkfjord,FR,D,FISHDIV_FR_D,FR_D,"3291"
"1000",Frakkfjord,FR,D,FISHDIV_FR_D,FR_D,"2282"
"1000",Frakkfjord,FR,D,FISHDIV_FR_D,FR_D,"3142"
"1000",Frakkfjord,FR,D,FISHDIV_FR_D,FR_D,"5758"
"1000",Frakkfjord,FR,D,FISHDIV_FR_D,FR_D,"6824"
"1000",Frakkfjord,FR,D,FISHDIV_FR_D,FR_D,"1413"
"1000",Frakkfjord,FR,D,FISHDIV_FR_D,FR_D,"1454"
"1000",Frakkfjord,FR,D,FISHDIV_FR_D,FR_D,"1584"
"1000",Frakkfjord,FR,D,FISHDIV_FR_D,FR_D,"1522"
"1000",Frakkfjord,FR,D,FISHDIV_FR_D,FR_D,"1563"
"1000",Frakkfjord,FR,D,FISHDIV_FR_D,FR_D,"935"
"1000",Frakkfjord,FR,D,FISHDIV_FR_D,FR_D,"982"
"1000",Frakkfjord,FR,D,FISHDIV_FR_D,FR_D,"1030"
"1000",Frakkfjord,FR,D,FISHDIV_FR_D,FR_D,"897"
"1000",Frakkfjord,FR,D,FISHDIV_FR_D,FR_D,"1044"
"1000",Frakkfjord,FR,D,FISHDIV_FR_D,FR_D,"1517"
"1000",Frakkfjord,FR,D,FISHDIV_FR_D,FR_D,"1324"
"3000",Balsfjord,BA,H,FISHDIV_BA_H,BA_H,"1805"
"3000",Balsfjord,BA,H,FISHDIV_BA_H,BA_H,"2032"
"3000",Balsfjord,BA,H,FISHDIV_BA_H,BA_H,"2195"
"1000",Frakkfjord,FR,D,FISHDIV_FR_D,FR_D,"1065"
"2000",Bergsfjord,BE,F,FISHDIV_BE_F,BE_F,"1378"
"2000",Bergsfjord,BE,F,FISHDIV_BE_F,BE_F,"1459"
"3000",Balsfjord,BA,H,FISHDIV_BA_H,BA_H,"1334"
"2000",Bergsfjord,BE,F,FISHDIV_BE_F,BE_F,"1875"
"3000",Balsfjord,BA,H,FISHDIV_BA_H,BA_H,"1383"
"2000",Bergsfjord,BE,F,FISHDIV_BE_F,BE_F,"3055"
"3000",Balsfjord,BA,H,FISHDIV_BA_H,BA_H,"1640"
"3000",Balsfjord,BA,H,FISHDIV_BA_H,BA_H,"1327"
"2000",Bergsfjord,BE,F,FISHDIV_BE_F,BE_F,"1204"
"2000",Bergsfjord,BE,F,FISHDIV_BE_F,BE_F,"1222"
"3000",Balsfjord,BA,H,FISHDIV_BA_H,BA_H,"1349"
"3000",Balsfjord,BA,H,FISHDIV_BA_H,BA_H,"1685"
"3000",Balsfjord,BA,H,FISHDIV_BA_H,BA_H,"1586"
"2000",Bergsfjord,BE,F,FISHDIV_BE_F,BE_F,"1472"
"2000",Bergsfjord,BE,F,FISHDIV_BE_F,BE_F,"1112"
"3000",Balsfjord,BA,H,FISHDIV_BA_H,BA_H,"1425"
"2000",Bergsfjord,BE,F,FISHDIV_BE_F,BE_F,"2061"
"2000",Bergsfjord,BE,F,FISHDIV_BE_F,BE_F,"1610"
"3000",Balsfjord,BA,H,FISHDIV_BA_H,BA_H,"1120"
"3000",Balsfjord,BA,H,FISHDIV_BA_H,BA_H,"1213"
"3000",Balsfjord,BA,H,FISHDIV_BA_H,BA_H,"1302"
"2000",Bergsfjord,BE,F,FISHDIV_BE_F,BE_F,"1628"
"750",Odelfjord,OL,B,FISHDIV_OL_B,OL_B,"1953"
"750",Odelfjord,OL,B,FISHDIV_OL_B,OL_B,"20957"
"3000",Balsfjord,BA,H,FISHDIV_BA_H,BA_H,"2118"
"750",Odelfjord,OL,B,FISHDIV_OL_B,OL_B,"19932"
"3000",Balsfjord,BA,H,FISHDIV_BA_H,BA_H,"1095"
"3000",Balsfjord,BA,H,FISHDIV_BA_H,BA_H,"1535"
"750",Odelfjord,OL,B,FISHDIV_OL_B,OL_B,"859"
"3000",Balsfjord,BA,H,FISHDIV_BA_H,BA_H,"1071"
"750",Odelfjord,OL,B,FISHDIV_OL_B,OL_B,"937"
"3000",Balsfjord,BA,H,FISHDIV_BA_H,BA_H,"15325"
"750",Odelfjord,OL,B,FISHDIV_OL_B,OL_B,"1137"
"750",Odelfjord,OL,B,FISHDIV_OL_B,OL_B,"765"
"3000",Balsfjord,BA,H,FISHDIV_BA_H,BA_H,"7321"
"750",Odelfjord,OL,B,FISHDIV_OL_B,OL_B,"817"
"3000",Balsfjord,BA,H,FISHDIV_BA_H,BA_H,"2566"
"3000",Balsfjord,BA,H,FISHDIV_BA_H,BA_H,"2964"
"750",Odelfjord,OL,B,FISHDIV_OL_B,OL_B,"764"
"3000",Balsfjord,BA,H,FISHDIV_BA_H,BA_H,"4218"
"3000",Balsfjord,BA,H,FISHDIV_BA_H,BA_H,"4915"
"2000",Bergsfjord,BE,F,FISHDIV_BE_F,BE_F,"33608"
"2000",Bergsfjord,BE,F,FISHDIV_BE_F,BE_F,"8551"
"750",Odelfjord,OL,B,FISHDIV_OL_B,OL_B,"908"
"3000",Balsfjord,BA,J,FISHDIV_BA_J,BA_J,"3345"
"750",Odelfjord,OL,B,FISHDIV_OL_B,OL_B,"780"
"2000",Bergsfjord,BE,F,FISHDIV_BE_F,BE_F,"1652"
"3000",Balsfjord,BA,J,FISHDIV_BA_J,BA_J,"2754"
"3000",Balsfjord,BA,J,FISHDIV_BA_J,BA_J,"2653"
"2000",Bergsfjord,BE,F,FISHDIV_BE_F,BE_F,"1462"
"3000",Balsfjord,BA,J,FISHDIV_BA_J,BA_J,"2712"
"3000",Balsfjord,BA,J,FISHDIV_BA_J,BA_J,"2516"
"2000",Bergsfjord,BE,F,FISHDIV_BE_F,BE_F,"1927"
"2000",Bergsfjord,BE,F,FISHDIV_BE_F,BE_F,"1956"
"3000",Balsfjord,BA,J,FISHDIV_BA_J,BA_J,"5040"
"2000",Bergsfjord,BE,F,FISHDIV_BE_F,BE_F,"1969"
"2000",Bergsfjord,BE,F,FISHDIV_BE_F,BE_F,"2218"
"3000",Balsfjord,BA,J,FISHDIV_BA_J,BA_J,"2698"
"3000",Balsfjord,BA,J,FISHDIV_BA_J,BA_J,"2475"
"2000",Bergsfjord,BE,F,FISHDIV_BE_F,BE_F,"1825"
"3000",Balsfjord,BA,J,FISHDIV_BA_J,BA_J,"2600"
"2000",Bergsfjord,BE,F,FISHDIV_BE_F,BE_F,"3766"
"3000",Balsfjord,BA,J,FISHDIV_BA_J,BA_J,"4033"
"3000",Balsfjord,BA,H,FISHDIV_BA_H,BA_H,"2708"
"2000",Bergsfjord,BE,F,FISHDIV_BE_F,BE_F,"3430"
"2000",Bergsfjord,BE,F,FISHDIV_BE_F,BE_F,"2360"
"3000",Balsfjord,BA,H,FISHDIV_BA_H,BA_H,"2012"
"2000",Bergsfjord,BE,F,FISHDIV_BE_F,BE_F,"2304"
"3000",Balsfjord,BA,H,FISHDIV_BA_H,BA_H,"3407"
"2000",Bergsfjord,BE,F,FISHDIV_BE_F,BE_F,"4951"
"3000",Balsfjord,BA,H,FISHDIV_BA_H,BA_H,"19381"
"2000",Bergsfjord,BE,F,FISHDIV_BE_F,BE_F,"3367"
"3000",Balsfjord,BA,H,FISHDIV_BA_H,BA_H,"8525"
"2000",Bergsfjord,BE,F,FISHDIV_BE_F,BE_F,"2465"
"2000",Bergsfjord,BE,F,FISHDIV_BE_F,BE_F,"3297"
"3000",Balsfjord,BA,J,FISHDIV_BA_J,BA_J,"4957"
"2000",Bergsfjord,BE,F,FISHDIV_BE_F,BE_F,"1594"
"2000",Bergsfjord,BE,F,FISHDIV_BE_F,BE_F,"1590"
"3000",Balsfjord,BA,J,FISHDIV_BA_J,BA_J,"2737"
"3000",Balsfjord,BA,J,FISHDIV_BA_J,BA_J,"3206"
"2000",Bergsfjord,BE,F,FISHDIV_BE_F,BE_F,"1986"
"3000",Balsfjord,BA,J,FISHDIV_BA_J,BA_J,"4867"
"2000",Bergsfjord,BE,H,FISHDIV_BE_H,BE_H,"2327"
"3000",Balsfjord,BA,J,FISHDIV_BA_J,BA_J,"2461"
"2000",Bergsfjord,BE,H,FISHDIV_BE_H,BE_H,"2230"
"3000",Balsfjord,BA,J,FISHDIV_BA_J,BA_J,"2772"
"3000",Balsfjord,BA,J,FISHDIV_BA_J,BA_J,"2721"
"2000",Bergsfjord,BE,H,FISHDIV_BE_H,BE_H,"2476"
"3000",Balsfjord,BA,J,FISHDIV_BA_J,BA_J,"3174"
"2000",Bergsfjord,BE,H,FISHDIV_BE_H,BE_H,"2301"
"2000",Bergsfjord,BE,H,FISHDIV_BE_H,BE_H,"4463"
"3000",Balsfjord,BA,J,FISHDIV_BA_J,BA_J,"2666"
"2000",Bergsfjord,BE,H,FISHDIV_BE_H,BE_H,"3226"
"3000",Balsfjord,BA,J,FISHDIV_BA_J,BA_J,"5017"
"2000",Bergsfjord,BE,H,FISHDIV_BE_H,BE_H,"2935"
"3000",Balsfjord,BA,J,FISHDIV_BA_J,BA_J,"3587"
"3000",Balsfjord,BA,J,FISHDIV_BA_J,BA_J,"2694"
"2000",Bergsfjord,BE,H,FISHDIV_BE_H,BE_H,"8478"
"3000",Balsfjord,BA,J,FISHDIV_BA_J,BA_J,"3448"
"3000",Balsfjord,BA,J,FISHDIV_BA_J,BA_J,"2564"
"3000",Balsfjord,BA,J,FISHDIV_BA_J,BA_J,"2601"
"2000",Bergsfjord,BE,F,FISHDIV_BE_F,BE_F,"5254"
"3000",Balsfjord,BA,J,FISHDIV_BA_J,BA_J,"6438"
"2000",Bergsfjord,BE,F,FISHDIV_BE_F,BE_F,"4818"
"3000",Balsfjord,BA,J,FISHDIV_BA_J,BA_J,"4829"
"3000",Balsfjord,BA,J,FISHDIV_BA_J,BA_J,"4301"
"2000",Bergsfjord,BE,H,FISHDIV_BE_H,BE_H,"33551"
"2000",Bergsfjord,BE,H,FISHDIV_BE_H,BE_H,"6569"
"3000",Balsfjord,BA,J,FISHDIV_BA_J,BA_J,"4473"
"2000",Bergsfjord,BE,F,FISHDIV_BE_F,BE_F,"33611"
"2000",Bergsfjord,BE,H,FISHDIV_BE_H,BE_H,"33547"
"3000",Balsfjord,BA,J,FISHDIV_BA_J,BA_J,"6603"
"2000",Bergsfjord,BE,F,FISHDIV_BE_F,BE_F,"33641"
"2000",Bergsfjord,BE,F,FISHDIV_BE_F,BE_F,"33623"
"3000",Balsfjord,BA,J,FISHDIV_BA_J,BA_J,"8832"
"2000",Bergsfjord,BE,H,FISHDIV_BE_H,BE_H,"3506"
"2000",Bergsfjord,BE,H,FISHDIV_BE_H,BE_H,"4067"
"3000",Balsfjord,BA,J,FISHDIV_BA_J,BA_J,"4801"
"2000",Bergsfjord,BE,H,FISHDIV_BE_H,BE_H,"5259"
"3000",Balsfjord,BA,J,FISHDIV_BA_J,BA_J,"3442"
"2000",Bergsfjord,BE,H,FISHDIV_BE_H,BE_H,"2367"
"3000",Balsfjord,BA,K,FISHDIV_BA_K,BA_K,"2540"
"2000",Bergsfjord,BE,H,FISHDIV_BE_H,BE_H,"2747"
"2000",Bergsfjord,BE,H,FISHDIV_BE_H,BE_H,"2890"
"3000",Balsfjord,BA,K,FISHDIV_BA_K,BA_K,"2648"
"3000",Balsfjord,BA,K,FISHDIV_BA_K,BA_K,"2347"
"3000",Balsfjord,BA,K,FISHDIV_BA_K,BA_K,"2443"
"3000",Balsfjord,BA,K,FISHDIV_BA_K,BA_K,"3567"
"2000",Bergsfjord,BE,H,FISHDIV_BE_H,BE_H,"2298"
"2000",Bergsfjord,BE,H,FISHDIV_BE_H,BE_H,"2294"
"2000",Bergsfjord,BE,H,FISHDIV_BE_H,BE_H,"2199"
"3000",Balsfjord,BA,K,FISHDIV_BA_K,BA_K,"4388"
"2000",Bergsfjord,BE,H,FISHDIV_BE_H,BE_H,"2437"
"3000",Balsfjord,BA,K,FISHDIV_BA_K,BA_K,"2779"
"2000",Bergsfjord,BE,H,FISHDIV_BE_H,BE_H,"8288"
"3000",Balsfjord,BA,K,FISHDIV_BA_K,BA_K,"2645"
"2000",Bergsfjord,BE,H,FISHDIV_BE_H,BE_H,"2357"
"3000",Balsfjord,BA,K,FISHDIV_BA_K,BA_K,"2540"
"2000",Bergsfjord,BE,A,FISHDIV_BE_A,BE_A,"1445"
"3000",Balsfjord,BA,K,FISHDIV_BA_K,BA_K,"2555"
"2000",Bergsfjord,BE,A,FISHDIV_BE_A,BE_A,"3913"
"3000",Balsfjord,BA,K,FISHDIV_BA_K,BA_K,"4954"
"2000",Bergsfjord,BE,H,FISHDIV_BE_H,BE_H,"33562"
"2000",Bergsfjord,BE,H,FISHDIV_BE_H,BE_H,"33551"
"2000",Bergsfjord,BE,H,FISHDIV_BE_H,BE_H,"2852"
"3000",Balsfjord,BA,K,FISHDIV_BA_K,BA_K,"4341"
"3000",Balsfjord,BA,K,FISHDIV_BA_K,BA_K,"3271"
"2000",Bergsfjord,BE,A,FISHDIV_BE_A,BE_A,"1120"
"2000",Bergsfjord,BE,A,FISHDIV_BE_A,BE_A,"1248"
"3000",Balsfjord,BA,J,FISHDIV_BA_J,BA_J,"9926"
"2000",Bergsfjord,BE,H,FISHDIV_BE_H,BE_H,"3778"
"3000",Balsfjord,BA,J,FISHDIV_BA_J,BA_J,"18920"
"2000",Bergsfjord,BE,H,FISHDIV_BE_H,BE_H,"4330"
"3000",Balsfjord,BA,K,FISHDIV_BA_K,BA_K,"4593"
"2000",Bergsfjord,BE,H,FISHDIV_BE_H,BE_H,"5410"
"2000",Bergsfjord,BE,H,FISHDIV_BE_H,BE_H,"6157"
"3000",Balsfjord,BA,J,FISHDIV_BA_J,BA_J,"15360"
"2000",Bergsfjord,BE,H,FISHDIV_BE_H,BE_H,"3353"
"2000",Bergsfjord,BE,H,FISHDIV_BE_H,BE_H,"3568"
"3000",Balsfjord,BA,K,FISHDIV_BA_K,BA_K,"2345"
"2000",Bergsfjord,BE,H,FISHDIV_BE_H,BE_H,"2813"
"2000",Bergsfjord,BE,H,FISHDIV_BE_H,BE_H,"3230"
"3000",Balsfjord,BA,K,FISHDIV_BA_K,BA_K,"2221"
"2000",Bergsfjord,BE,H,FISHDIV_BE_H,BE_H,"2372"
"3000",Balsfjord,BA,K,FISHDIV_BA_K,BA_K,"3006"
"2000",Bergsfjord,BE,H,FISHDIV_BE_H,BE_H,"2665"
"3000",Balsfjord,BA,K,FISHDIV_BA_K,BA_K,"3003"
"3000",Balsfjord,BA,K,FISHDIV_BA_K,BA_K,"2581"
"2000",Bergsfjord,BE,A,FISHDIV_BE_A,BE_A,"1957"
"2000",Bergsfjord,BE,A,FISHDIV_BE_A,BE_A,"2207"
"3000",Balsfjord,BA,K,FISHDIV_BA_K,BA_K,"3953"
"3000",Balsfjord,BA,K,FISHDIV_BA_K,BA_K,"3295"
"2000",Bergsfjord,BE,A,FISHDIV_BE_A,BE_A,"1808"
"3000",Balsfjord,BA,K,FISHDIV_BA_K,BA_K,"9591"
"2000",Bergsfjord,BE,A,FISHDIV_BE_A,BE_A,"1171"
"3000",Balsfjord,BA,K,FISHDIV_BA_K,BA_K,"8582"
"2000",Bergsfjord,BE,A,FISHDIV_BE_A,BE_A,"1317"
"3000",Balsfjord,BA,K,FISHDIV_BA_K,BA_K,"18582"
"2000",Bergsfjord,BE,A,FISHDIV_BE_A,BE_A,"1558"
"3000",Balsfjord,BA,K,FISHDIV_BA_K,BA_K,"15022"
"3000",Balsfjord,BA,K,FISHDIV_BA_K,BA_K,"9225"
"2000",Bergsfjord,BE,A,FISHDIV_BE_A,BE_A,"961"
"2000",Bergsfjord,BE,A,FISHDIV_BE_A,BE_A,"1050"
"3000",Balsfjord,BA,K,FISHDIV_BA_K,BA_K,"6569"
"2000",Bergsfjord,BE,A,FISHDIV_BE_A,BE_A,"704"
"2000",Bergsfjord,BE,A,FISHDIV_BE_A,BE_A,"780"
"3000",Balsfjord,BA,K,FISHDIV_BA_K,BA_K,"3827"
"2000",Bergsfjord,BE,A,FISHDIV_BE_A,BE_A,"906"
"3000",Balsfjord,BA,K,FISHDIV_BA_K,BA_K,"4760"
"3000",Balsfjord,BA,K,FISHDIV_BA_K,BA_K,"6920"
"2000",Bergsfjord,BE,A,FISHDIV_BE_A,BE_A,"638"
"2000",Bergsfjord,BE,A,FISHDIV_BE_A,BE_A,"639"
"3000",Balsfjord,BA,K,FISHDIV_BA_K,BA_K,"2819"
"3000",Balsfjord,BA,K,FISHDIV_BA_K,BA_K,"3083"
"2000",Bergsfjord,BE,A,FISHDIV_BE_A,BE_A,"660"
"3000",Balsfjord,BA,K,FISHDIV_BA_K,BA_K,"5067"
"2000",Bergsfjord,BE,A,FISHDIV_BE_A,BE_A,"773"
"2000",Bergsfjord,BE,A,FISHDIV_BE_A,BE_A,"1021"
"3000",Balsfjord,BA,K,FISHDIV_BA_K,BA_K,"5214"
"2000",Bergsfjord,BE,A,FISHDIV_BE_A,BE_A,"700"
"3000",Balsfjord,BA,K,FISHDIV_BA_K,BA_K,"2456"
"3000",Balsfjord,BA,K,FISHDIV_BA_K,BA_K,"2884"
"2000",Bergsfjord,BE,A,FISHDIV_BE_A,BE_A,"658"
"2000",Bergsfjord,BE,A,FISHDIV_BE_A,BE_A,"2621"
"3000",Balsfjord,BA,F,FISHDIV_BA_F,BA_F,"2098"
"3000",Balsfjord,BA,F,FISHDIV_BA_F,BA_F,"2233"
"3000",Balsfjord,BA,F,FISHDIV_BA_F,BA_F,"2480"
"2000",Bergsfjord,BE,A,FISHDIV_BE_A,BE_A,"3895"
"3000",Balsfjord,BA,F,FISHDIV_BA_F,BA_F,"2366"
"3000",Balsfjord,BA,F,FISHDIV_BA_F,BA_F,"3039"
"2000",Bergsfjord,BE,A,FISHDIV_BE_A,BE_A,"2269"
"2000",Bergsfjord,BE,A,FISHDIV_BE_A,BE_A,"4449"
"2000",Bergsfjord,BE,A,FISHDIV_BE_A,BE_A,"8373"
"3000",Balsfjord,BA,F,FISHDIV_BA_F,BA_F,"1542"
"3000",Balsfjord,BA,F,FISHDIV_BA_F,BA_F,"1525"
"3000",Balsfjord,BA,F,FISHDIV_BA_F,BA_F,"1947"
"2000",Bergsfjord,BE,B,FISHDIV_BE_B,BE_B,"1069"
"3000",Balsfjord,BA,F,FISHDIV_BA_F,BA_F,"1708"
"2000",Bergsfjord,BE,B,FISHDIV_BE_B,BE_B,"1238"
"3000",Balsfjord,BA,F,FISHDIV_BA_F,BA_F,"1638"
"3000",Balsfjord,BA,F,FISHDIV_BA_F,BA_F,"1405"
"2000",Bergsfjord,BE,B,FISHDIV_BE_B,BE_B,"3644"
"2000",Bergsfjord,BE,B,FISHDIV_BE_B,BE_B,"892"
"2000",Bergsfjord,BE,B,FISHDIV_BE_B,BE_B,"966"
"3000",Balsfjord,BA,F,FISHDIV_BA_F,BA_F,"1699"
"2000",Bergsfjord,BE,B,FISHDIV_BE_B,BE_B,"629"
"3000",Balsfjord,BA,F,FISHDIV_BA_F,BA_F,"1335"
"2000",Bergsfjord,BE,B,FISHDIV_BE_B,BE_B,"650"
"3000",Balsfjord,BA,F,FISHDIV_BA_F,BA_F,"1329"
"3000",Balsfjord,BA,F,FISHDIV_BA_F,BA_F,"1337"
"2000",Bergsfjord,BE,B,FISHDIV_BE_B,BE_B,"693"
"3000",Balsfjord,BA,F,FISHDIV_BA_F,BA_F,"1646"
"2000",Bergsfjord,BE,B,FISHDIV_BE_B,BE_B,"768"
"2000",Bergsfjord,BE,A,FISHDIV_BE_A,BE_A,"902"
"3000",Balsfjord,BA,F,FISHDIV_BA_F,BA_F,"1879"
"3000",Balsfjord,BA,F,FISHDIV_BA_F,BA_F,"2644"
"3000",Balsfjord,BA,F,FISHDIV_BA_F,BA_F,"1531"
"2000",Bergsfjord,BE,A,FISHDIV_BE_A,BE_A,"893"
"2000",Bergsfjord,BE,A,FISHDIV_BE_A,BE_A,"912"
"3000",Balsfjord,BA,F,FISHDIV_BA_F,BA_F,"1383"
"3000",Balsfjord,BA,F,FISHDIV_BA_F,BA_F,"1305"
"2000",Bergsfjord,BE,A,FISHDIV_BE_A,BE_A,"1013"
"3000",Balsfjord,BA,F,FISHDIV_BA_F,BA_F,"7800"
"3000",Balsfjord,BA,F,FISHDIV_BA_F,BA_F,"11435"
"2000",Bergsfjord,BE,A,FISHDIV_BE_A,BE_A,"940"
"3000",Balsfjord,BA,F,FISHDIV_BA_F,BA_F,"9037"
"2000",Bergsfjord,BE,A,FISHDIV_BE_A,BE_A,"1573"
"2000",Bergsfjord,BE,A,FISHDIV_BE_A,BE_A,"1337"
"3000",Balsfjord,BA,F,FISHDIV_BA_F,BA_F,"3345"
"3000",Balsfjord,BA,F,FISHDIV_BA_F,BA_F,"4348"
"3000",Balsfjord,BA,F,FISHDIV_BA_F,BA_F,"7448"
"2000",Bergsfjord,BE,A,FISHDIV_BE_A,BE_A,"1137"
"2000",Bergsfjord,BE,A,FISHDIV_BE_A,BE_A,"2225"
"2000",Bergsfjord,BE,B,FISHDIV_BE_B,BE_B,"2053"
"2000",Bergsfjord,BE,B,FISHDIV_BE_B,BE_B,"1233"
"2000",Bergsfjord,BE,B,FISHDIV_BE_B,BE_B,"1428"
"2000",Bergsfjord,BE,B,FISHDIV_BE_B,BE_B,"1690"
"2000",Bergsfjord,BE,B,FISHDIV_BE_B,BE_B,"939"
"2000",Bergsfjord,BE,B,FISHDIV_BE_B,BE_B,"990"
"2000",Bergsfjord,BE,B,FISHDIV_BE_B,BE_B,"1082"
"2000",Bergsfjord,BE,B,FISHDIV_BE_B,BE_B,"968"
"2000",Bergsfjord,BE,B,FISHDIV_BE_B,BE_B,"929"
"3000",Balsfjord,BA,F,FISHDIV_BA_F,BA_F,"3705"
"2000",Bergsfjord,BE,B,FISHDIV_BE_B,BE_B,"920"
"3000",Balsfjord,BA,F,FISHDIV_BA_F,BA_F,"3007"
"3000",Balsfjord,BA,F,FISHDIV_BA_F,BA_F,"2235"
"3000",Balsfjord,BA,F,FISHDIV_BA_F,BA_F,"1945"
"2000",Bergsfjord,BE,B,FISHDIV_BE_B,BE_B,"689"
"2000",Bergsfjord,BE,B,FISHDIV_BE_B,BE_B,"647"
"3000",Balsfjord,BA,F,FISHDIV_BA_F,BA_F,"14745"
"2000",Bergsfjord,BE,B,FISHDIV_BE_B,BE_B,"629"
"3000",Balsfjord,BA,F,FISHDIV_BA_F,BA_F,"5486"
"2000",Bergsfjord,BE,B,FISHDIV_BE_B,BE_B,"1268"
"3000",Balsfjord,BA,F,FISHDIV_BA_F,BA_F,"4963"
"2000",Bergsfjord,BE,B,FISHDIV_BE_B,BE_B,"761"
"2000",Bergsfjord,BE,B,FISHDIV_BE_B,BE_B,"880"
"3000",Balsfjord,BA,F,FISHDIV_BA_F,BA_F,"8403"
"2000",Bergsfjord,BE,B,FISHDIV_BE_B,BE_B,"2977"
"2000",Bergsfjord,BE,B,FISHDIV_BE_B,BE_B,"3886"
"3000",Balsfjord,BA,F,FISHDIV_BA_F,BA_F,"2574"
"2000",Bergsfjord,BE,B,FISHDIV_BE_B,BE_B,"2223"
"2000",Bergsfjord,BE,B,FISHDIV_BE_B,BE_B,"2507"
"750",Odelfjord,OL,A,FISHDIV_OL_A,OL_A,"874"
"750",Odelfjord,OL,A,FISHDIV_OL_A,OL_A,"598"
"750",Odelfjord,OL,A,FISHDIV_OL_A,OL_A,"1113"
"750",Odelfjord,OL,A,FISHDIV_OL_A,OL_A,"1217"
"750",Odelfjord,OL,A,FISHDIV_OL_A,OL_A,"837"
"750",Odelfjord,OL,A,FISHDIV_OL_A,OL_A,"919"
"750",Odelfjord,OL,A,FISHDIV_OL_A,OL_A,"630"
"750",Odelfjord,OL,A,FISHDIV_OL_A,OL_A,"709"
"2000",Bergsfjord,BE,B,FISHDIV_BE_B,BE_B,"1168"
"2000",Bergsfjord,BE,B,FISHDIV_BE_B,BE_B,"1044"
"2000",Bergsfjord,BE,B,FISHDIV_BE_B,BE_B,"1588"
"2000",Bergsfjord,BE,B,FISHDIV_BE_B,BE_B,"1321"
"2000",Bergsfjord,BE,B,FISHDIV_BE_B,BE_B,"2093"
"750",Odelfjord,OL,A,FISHDIV_OL_A,OL_A,"589"
"3000",Balsfjord,BA,B,FISHDIV_BA_B,BA_B,"2762"
"2000",Bergsfjord,BE,B,FISHDIV_BE_B,BE_B,"4172"
"3000",Balsfjord,BA,B,FISHDIV_BA_B,BA_B,"3138"
"2000",Bergsfjord,BE,B,FISHDIV_BE_B,BE_B,"8083"
"3000",Balsfjord,BA,B,FISHDIV_BA_B,BA_B,"4337"
"3000",Balsfjord,BA,B,FISHDIV_BA_B,BA_B,"3548"
"3000",Balsfjord,BA,B,FISHDIV_BA_B,BA_B,"5988"
"3000",Balsfjord,BA,B,FISHDIV_BA_B,BA_B,"5474"
"3000",Balsfjord,BA,B,FISHDIV_BA_B,BA_B,"2719"
"2000",Bergsfjord,BE,C,FISHDIV_BE_C,BE_C,"1797"
"2000",Bergsfjord,BE,C,FISHDIV_BE_C,BE_C,"2020"
"2000",Bergsfjord,BE,C,FISHDIV_BE_C,BE_C,"2289"
"2000",Bergsfjord,BE,C,FISHDIV_BE_C,BE_C,"1756"
"3000",Balsfjord,BA,B,FISHDIV_BA_B,BA_B,"2441"
"3000",Balsfjord,BA,B,FISHDIV_BA_B,BA_B,"2494"
"2000",Bergsfjord,BE,C,FISHDIV_BE_C,BE_C,"1796"
"2000",Bergsfjord,BE,C,FISHDIV_BE_C,BE_C,"1664"
"3000",Balsfjord,BA,B,FISHDIV_BA_B,BA_B,"2620"
"2000",Bergsfjord,BE,C,FISHDIV_BE_C,BE_C,"2571"
