Radius,Location,Fjord_acr,Station,Samp label,Distance,St_name
"3000",Balsfjord,BA,H,FISHDIV_BA_H,"1327",BA_H
"2000",Bergsfjord,BE,H,FISHDIV_BE_H,"2199",BE_H
"3000",Balsfjord,BA,H,FISHDIV_BA_H,"1345",BA_H
"2000",Bergsfjord,BE,H,FISHDIV_BE_H,"5685",BE_H
"2000",Bergsfjord,BE,H,FISHDIV_BE_H,"6416",BE_H
"3000",Balsfjord,BA,H,FISHDIV_BA_H,"2349",BA_H
"2000",Bergsfjord,BE,H,FISHDIV_BE_H,"5410",BE_H
"3000",Balsfjord,BA,H,FISHDIV_BA_H,"15291",BA_H
"3000",Balsfjord,BA,H,FISHDIV_BA_H,"6696",BA_H
"2000",Bergsfjord,BE,H,FISHDIV_BE_H,"5420",BE_H
"3000",Balsfjord,BA,H,FISHDIV_BA_H,"3312",BA_H
"3000",Balsfjord,BA,H,FISHDIV_BA_H,"18368",BA_H
"3000",Balsfjord,BA,H,FISHDIV_BA_H,"23786",BA_H
"3000",Balsfjord,BA,H,FISHDIV_BA_H,"19064",BA_H
"2000",Bergsfjord,BE,H,FISHDIV_BE_H,"5420",BE_H
"3000",Balsfjord,BA,J,FISHDIV_BA_J,"3487",BA_J
"2000",Bergsfjord,BE,H,FISHDIV_BE_H,"4192",BE_H
"2000",Bergsfjord,BE,H,FISHDIV_BE_H,"4328",BE_H
"3000",Balsfjord,BA,J,FISHDIV_BA_J,"4207",BA_J
"2000",Bergsfjord,BE,H,FISHDIV_BE_H,"4987",BE_H
"3000",Balsfjord,BA,J,FISHDIV_BA_J,"5239",BA_J
"2000",Bergsfjord,BE,A,FISHDIV_BE_A,"2735",BE_A
"2000",Bergsfjord,BE,A,FISHDIV_BE_A,"3835",BE_A
"3000",Balsfjord,BA,J,FISHDIV_BA_J,"3010",BA_J
"2000",Bergsfjord,BE,A,FISHDIV_BE_A,"751",BE_A
"2000",Bergsfjord,BE,A,FISHDIV_BE_A,"1420",BE_A
"3000",Balsfjord,BA,J,FISHDIV_BA_J,"4895",BA_J
"2000",Bergsfjord,BE,A,FISHDIV_BE_A,"2120",BE_A
"3000",Balsfjord,BA,J,FISHDIV_BA_J,"3114",BA_J
"2000",Bergsfjord,BE,A,FISHDIV_BE_A,"2242",BE_A
"2000",Bergsfjord,BE,A,FISHDIV_BE_A,"2425",BE_A
"3000",Balsfjord,BA,J,FISHDIV_BA_J,"2772",BA_J
"3000",Balsfjord,BA,J,FISHDIV_BA_J,"10017",BA_J
"2000",Bergsfjord,BE,A,FISHDIV_BE_A,"1957",BE_A
"3000",Balsfjord,BA,J,FISHDIV_BA_J,"9766",BA_J
"3000",Balsfjord,BA,J,FISHDIV_BA_J,"4727",BA_J
"2000",Bergsfjord,BE,A,FISHDIV_BE_A,"2029",BE_A
"2000",Bergsfjord,BE,A,FISHDIV_BE_A,"1844",BE_A
"3000",Balsfjord,BA,J,FISHDIV_BA_J,"4573",BA_J
"3000",Balsfjord,BA,J,FISHDIV_BA_J,"4178",BA_J
"3000",Balsfjord,BA,J,FISHDIV_BA_J,"3078",BA_J
"2000",Bergsfjord,BE,A,FISHDIV_BE_A,"1897",BE_A
"3000",Balsfjord,BA,J,FISHDIV_BA_J,"2541",BA_J
"2000",Bergsfjord,BE,H,FISHDIV_BE_H,"16833",BE_H
"2000",Bergsfjord,BE,H,FISHDIV_BE_H,"16832",BE_H
"2000",Bergsfjord,BE,H,FISHDIV_BE_H,"16834",BE_H
"2000",Bergsfjord,BE,H,FISHDIV_BE_H,"16833",BE_H
"3000",Balsfjord,BA,J,FISHDIV_BA_J,"6133",BA_J
"2000",Bergsfjord,BE,H,FISHDIV_BE_H,"16837",BE_H
"3000",Balsfjord,BA,J,FISHDIV_BA_J,"4856",BA_J
"2000",Bergsfjord,BE,H,FISHDIV_BE_H,"2805",BE_H
"3000",Balsfjord,BA,J,FISHDIV_BA_J,"8832",BA_J
"2000",Bergsfjord,BE,A,FISHDIV_BE_A,"1527",BE_A
"3000",Balsfjord,BA,J,FISHDIV_BA_J,"9319",BA_J
"2000",Bergsfjord,BE,A,FISHDIV_BE_A,"3459",BE_A
"2000",Bergsfjord,BE,A,FISHDIV_BE_A,"3913",BE_A
"3000",Balsfjord,BA,J,FISHDIV_BA_J,"10045",BA_J
"2000",Bergsfjord,BE,A,FISHDIV_BE_A,"1218",BE_A
"3000",Balsfjord,BA,J,FISHDIV_BA_J,"6165",BA_J
"2000",Bergsfjord,BE,A,FISHDIV_BE_A,"1317",BE_A
"3000",Balsfjord,BA,J,FISHDIV_BA_J,"7732",BA_J
"2000",Bergsfjord,BE,A,FISHDIV_BE_A,"1419",BE_A
"3000",Balsfjord,BA,J,FISHDIV_BA_J,"8138",BA_J
"2000",Bergsfjord,BE,A,FISHDIV_BE_A,"690",BE_A
"2000",Bergsfjord,BE,A,FISHDIV_BE_A,"638",BE_A
"3000",Balsfjord,BA,K,FISHDIV_BA_K,"3567",BA_K
"2000",Bergsfjord,BE,A,FISHDIV_BE_A,"862",BE_A
"2000",Bergsfjord,BE,A,FISHDIV_BE_A,"1108",BE_A
"3000",Balsfjord,BA,K,FISHDIV_BA_K,"2625",BA_K
"3000",Balsfjord,BA,K,FISHDIV_BA_K,"3974",BA_K
"2000",Bergsfjord,BE,A,FISHDIV_BE_A,"1505",BE_A
"3000",Balsfjord,BA,K,FISHDIV_BA_K,"2912",BA_K
"2000",Bergsfjord,BE,A,FISHDIV_BE_A,"1099",BE_A
"3000",Balsfjord,BA,K,FISHDIV_BA_K,"2720",BA_K
"2000",Bergsfjord,BE,A,FISHDIV_BE_A,"5281",BE_A
"3000",Balsfjord,BA,K,FISHDIV_BA_K,"5882",BA_K
"2000",Bergsfjord,BE,A,FISHDIV_BE_A,"8234",BE_A
"3000",Balsfjord,BA,K,FISHDIV_BA_K,"5151",BA_K
"2000",Bergsfjord,BE,A,FISHDIV_BE_A,"2211",BE_A
"3000",Balsfjord,BA,K,FISHDIV_BA_K,"4692",BA_K
"3000",Balsfjord,BA,K,FISHDIV_BA_K,"9225",BA_K
"3000",Balsfjord,BA,K,FISHDIV_BA_K,"10532",BA_K
"2000",Bergsfjord,BE,A,FISHDIV_BE_A,"4644",BE_A
"3000",Balsfjord,BA,K,FISHDIV_BA_K,"10839",BA_K
"2000",Bergsfjord,BE,B,FISHDIV_BE_B,"3644",BE_B
"2000",Bergsfjord,BE,A,FISHDIV_BE_A,"3924",BE_A
"3000",Balsfjord,BA,J,FISHDIV_BA_J,"13335",BA_J
"2000",Bergsfjord,BE,A,FISHDIV_BE_A,"4398",BE_A
"2000",Bergsfjord,BE,A,FISHDIV_BE_A,"1701",BE_A
"3000",Balsfjord,BA,K,FISHDIV_BA_K,"4593",BA_K
"3000",Balsfjord,BA,J,FISHDIV_BA_J,"17807",BA_J
"3000",Balsfjord,BA,J,FISHDIV_BA_J,"12511",BA_J
"2000",Bergsfjord,BE,A,FISHDIV_BE_A,"1796",BE_A
"3000",Balsfjord,BA,J,FISHDIV_BA_J,"17798",BA_J
"3000",Balsfjord,BA,K,FISHDIV_BA_K,"3015",BA_K
"2000",Bergsfjord,BE,A,FISHDIV_BE_A,"1309",BE_A
"3000",Balsfjord,BA,K,FISHDIV_BA_K,"4130",BA_K
"2000",Bergsfjord,BE,A,FISHDIV_BE_A,"1499",BE_A
"3000",Balsfjord,BA,K,FISHDIV_BA_K,"2374",BA_K
"3000",Balsfjord,BA,K,FISHDIV_BA_K,"2484",BA_K
"3000",Balsfjord,BA,K,FISHDIV_BA_K,"2604",BA_K
"3000",Balsfjord,BA,K,FISHDIV_BA_K,"2200",BA_K
"2000",Bergsfjord,BE,A,FISHDIV_BE_A,"1140",BE_A
"3000",Balsfjord,BA,K,FISHDIV_BA_K,"3021",BA_K
"2000",Bergsfjord,BE,A,FISHDIV_BE_A,"902",BE_A
"3000",Balsfjord,BA,K,FISHDIV_BA_K,"10600",BA_K
"3000",Balsfjord,BA,K,FISHDIV_BA_K,"9654",BA_K
"2000",Bergsfjord,BE,A,FISHDIV_BE_A,"946",BE_A
"3000",Balsfjord,BA,K,FISHDIV_BA_K,"4692",BA_K
"2000",Bergsfjord,BE,B,FISHDIV_BE_B,"2408",BE_B
"3000",Balsfjord,BA,K,FISHDIV_BA_K,"17477",BA_K
"2000",Bergsfjord,BE,B,FISHDIV_BE_B,"2547",BE_B
"3000",Balsfjord,BA,K,FISHDIV_BA_K,"12584",BA_K
"2000",Bergsfjord,BE,B,FISHDIV_BE_B,"2754",BE_B
"3000",Balsfjord,BA,F,FISHDIV_BA_F,"1634",BA_F
"2000",Bergsfjord,BE,B,FISHDIV_BE_B,"2223",BE_B
"3000",Balsfjord,BA,F,FISHDIV_BA_F,"1743",BA_F
"2000",Bergsfjord,BE,B,FISHDIV_BE_B,"2305",BE_B
"3000",Balsfjord,BA,K,FISHDIV_BA_K,"12253",BA_K
"3000",Balsfjord,BA,F,FISHDIV_BA_F,"1879",BA_F
"3000",Balsfjord,BA,K,FISHDIV_BA_K,"13089",BA_K
"3000",Balsfjord,BA,F,FISHDIV_BA_F,"1278",BA_F
"2000",Bergsfjord,BE,B,FISHDIV_BE_B,"2094",BE_B
"3000",Balsfjord,BA,F,FISHDIV_BA_F,"1355",BA_F
"2000",Bergsfjord,BE,B,FISHDIV_BE_B,"2155",BE_B
"3000",Balsfjord,BA,F,FISHDIV_BA_F,"1657",BA_F
"3000",Balsfjord,BA,F,FISHDIV_BA_F,"1654",BA_F
"2000",Bergsfjord,BE,B,FISHDIV_BE_B,"1846",BE_B
"3000",Balsfjord,BA,K,FISHDIV_BA_K,"8060",BA_K
"2000",Bergsfjord,BE,B,FISHDIV_BE_B,"2040",BE_B
"3000",Balsfjord,BA,K,FISHDIV_BA_K,"8483",BA_K
"2000",Bergsfjord,BE,B,FISHDIV_BE_B,"1216",BE_B
"3000",Balsfjord,BA,K,FISHDIV_BA_K,"3877",BA_K
"2000",Bergsfjord,BE,B,FISHDIV_BE_B,"3138",BE_B
"3000",Balsfjord,BA,K,FISHDIV_BA_K,"4128",BA_K
"2000",Bergsfjord,BE,B,FISHDIV_BE_B,"3185",BE_B
"3000",Balsfjord,BA,K,FISHDIV_BA_K,"5249",BA_K
"3000",Balsfjord,BA,K,FISHDIV_BA_K,"6477",BA_K
"3000",Balsfjord,BA,K,FISHDIV_BA_K,"2922",BA_K
"2000",Bergsfjord,BE,B,FISHDIV_BE_B,"1044",BE_B
"2000",Bergsfjord,BE,B,FISHDIV_BE_B,"1129",BE_B
"3000",Balsfjord,BA,K,FISHDIV_BA_K,"5246",BA_K
"2000",Bergsfjord,BE,B,FISHDIV_BE_B,"680",BE_B
"2000",Bergsfjord,BE,B,FISHDIV_BE_B,"848",BE_B
"3000",Balsfjord,BA,K,FISHDIV_BA_K,"3249",BA_K
"2000",Bergsfjord,BE,B,FISHDIV_BE_B,"963",BE_B
"3000",Balsfjord,BA,K,FISHDIV_BA_K,"2456",BA_K
"2000",Bergsfjord,BE,B,FISHDIV_BE_B,"5480",BE_B
"2000",Bergsfjord,BE,B,FISHDIV_BE_B,"3826",BE_B
"3000",Balsfjord,BA,F,FISHDIV_BA_F,"1571",BA_F
"2000",Bergsfjord,BE,B,FISHDIV_BE_B,"1051",BE_B
"3000",Balsfjord,BA,F,FISHDIV_BA_F,"1619",BA_F
"2000",Bergsfjord,BE,B,FISHDIV_BE_B,"629",BE_B
"2000",Bergsfjord,BE,B,FISHDIV_BE_B,"740",BE_B
"3000",Balsfjord,BA,F,FISHDIV_BA_F,"3358",BA_F
"2000",Bergsfjord,BE,B,FISHDIV_BE_B,"8014",BE_B
"2000",Bergsfjord,BE,B,FISHDIV_BE_B,"2080",BE_B
"3000",Balsfjord,BA,F,FISHDIV_BA_F,"1945",BA_F
"2000",Bergsfjord,BE,B,FISHDIV_BE_B,"4217",BE_B
"3000",Balsfjord,BA,F,FISHDIV_BA_F,"6117",BA_F
"2000",Bergsfjord,BE,B,FISHDIV_BE_B,"5032",BE_B
"3000",Balsfjord,BA,F,FISHDIV_BA_F,"5278",BA_F
"750",Odelfjord,OL,A,FISHDIV_OL_A,"589",OL_A
"3000",Balsfjord,BA,F,FISHDIV_BA_F,"8233",BA_F
"3000",Balsfjord,BA,F,FISHDIV_BA_F,"9822",BA_F
"2000",Bergsfjord,BE,B,FISHDIV_BE_B,"3651",BE_B
"2000",Bergsfjord,BE,B,FISHDIV_BE_B,"4099",BE_B
"750",Odelfjord,OL,A,FISHDIV_OL_A,"593",OL_A
"3000",Balsfjord,BA,F,FISHDIV_BA_F,"9037",BA_F
"3000",Balsfjord,BA,F,FISHDIV_BA_F,"1514",BA_F
"750",Odelfjord,OL,A,FISHDIV_OL_A,"590",OL_A
"3000",Balsfjord,BA,F,FISHDIV_BA_F,"1309",BA_F
"3000",Balsfjord,BA,F,FISHDIV_BA_F,"3892",BA_F
"2000",Bergsfjord,BE,B,FISHDIV_BE_B,"1420",BE_B
"2000",Bergsfjord,BE,B,FISHDIV_BE_B,"1626",BE_B
"3000",Balsfjord,BA,F,FISHDIV_BA_F,"6279",BA_F
"3000",Balsfjord,BA,F,FISHDIV_BA_F,"2281",BA_F
"2000",Bergsfjord,BE,B,FISHDIV_BE_B,"974",BE_B
"3000",Balsfjord,BA,F,FISHDIV_BA_F,"2102",BA_F
"3000",Balsfjord,BA,F,FISHDIV_BA_F,"2430",BA_F
"3000",Balsfjord,BA,F,FISHDIV_BA_F,"2378",BA_F
"3000",Balsfjord,BA,F,FISHDIV_BA_F,"2780",BA_F
"3000",Balsfjord,BA,F,FISHDIV_BA_F,"3016",BA_F
"2000",Bergsfjord,BE,B,FISHDIV_BE_B,"1180",BE_B
"2000",Bergsfjord,BE,B,FISHDIV_BE_B,"929",BE_B
"3000",Balsfjord,BA,F,FISHDIV_BA_F,"1559",BA_F
"3000",Balsfjord,BA,F,FISHDIV_BA_F,"2004",BA_F
"3000",Balsfjord,BA,F,FISHDIV_BA_F,"1862",BA_F
"3000",Balsfjord,BA,F,FISHDIV_BA_F,"2349",BA_F
"3000",Balsfjord,BA,F,FISHDIV_BA_F,"2171",BA_F
"3000",Balsfjord,BA,F,FISHDIV_BA_F,"2098",BA_F
"3000",Balsfjord,BA,F,FISHDIV_BA_F,"2222",BA_F
"2000",Bergsfjord,BE,C,FISHDIV_BE_C,"1026",BE_C
"2000",Bergsfjord,BE,C,FISHDIV_BE_C,"2080",BE_C
"2000",Bergsfjord,BE,C,FISHDIV_BE_C,"873",BE_C
"2000",Bergsfjord,BE,C,FISHDIV_BE_C,"665",BE_C
"2000",Bergsfjord,BE,B,FISHDIV_BE_B,"1429",BE_B
"2000",Bergsfjord,BE,B,FISHDIV_BE_B,"1131",BE_B
"2000",Bergsfjord,BE,C,FISHDIV_BE_C,"742",BE_C
"2000",Bergsfjord,BE,C,FISHDIV_BE_C,"6399",BE_C
"750",Odelfjord,OL,A,FISHDIV_OL_A,"827",OL_A
"2000",Bergsfjord,BE,C,FISHDIV_BE_C,"8768",BE_C
"2000",Bergsfjord,BE,C,FISHDIV_BE_C,"3679",BE_C
"750",Odelfjord,OL,A,FISHDIV_OL_A,"730",OL_A
"2000",Bergsfjord,BE,C,FISHDIV_BE_C,"2698",BE_C
"750",Odelfjord,OL,A,FISHDIV_OL_A,"821",OL_A
"2000",Bergsfjord,BE,C,FISHDIV_BE_C,"1684",BE_C
"2000",Bergsfjord,BE,C,FISHDIV_BE_C,"5918",BE_C
"750",Odelfjord,OL,A,FISHDIV_OL_A,"837",OL_A
"750",Odelfjord,OL,A,FISHDIV_OL_A,"994",OL_A
"750",Odelfjord,OL,A,FISHDIV_OL_A,"870",OL_A
"2000",Bergsfjord,BE,C,FISHDIV_BE_C,"1648",BE_C
"750",Odelfjord,OL,A,FISHDIV_OL_A,"823",OL_A
"750",Odelfjord,OL,A,FISHDIV_OL_A,"1058",OL_A
"750",Odelfjord,OL,A,FISHDIV_OL_A,"1046",OL_A
"750",Odelfjord,OL,A,FISHDIV_OL_A,"1040",OL_A
"3000",Balsfjord,BA,F,FISHDIV_BA_F,"2603",BA_F
"750",Odelfjord,OL,A,FISHDIV_OL_A,"802",OL_A
"2000",Bergsfjord,BE,C,FISHDIV_BE_C,"1356",BE_C
"750",Odelfjord,OL,A,FISHDIV_OL_A,"603",OL_A
"3000",Balsfjord,BA,F,FISHDIV_BA_F,"2083",BA_F
"3000",Balsfjord,BA,F,FISHDIV_BA_F,"2334",BA_F
"750",Odelfjord,OL,A,FISHDIV_OL_A,"1223",OL_A
"2000",Bergsfjord,BE,C,FISHDIV_BE_C,"1322",BE_C
"2000",Bergsfjord,BE,C,FISHDIV_BE_C,"1379",BE_C
"750",Odelfjord,OL,A,FISHDIV_OL_A,"886",OL_A
"750",Odelfjord,OL,A,FISHDIV_OL_A,"799",OL_A
"2000",Bergsfjord,BE,C,FISHDIV_BE_C,"779",BE_C
"2000",Bergsfjord,BE,C,FISHDIV_BE_C,"1136",BE_C
"750",Odelfjord,OL,A,FISHDIV_OL_A,"1004",OL_A
"2000",Bergsfjord,BE,C,FISHDIV_BE_C,"1195",BE_C
"2000",Bergsfjord,BE,C,FISHDIV_BE_C,"2515",BE_C
"2000",Bergsfjord,BE,C,FISHDIV_BE_C,"3381",BE_C
"750",Odelfjord,OL,A,FISHDIV_OL_A,"627",OL_A
"750",Odelfjord,OL,A,FISHDIV_OL_A,"559",OL_A
"750",Odelfjord,OL,A,FISHDIV_OL_A,"584",OL_A
"2000",Bergsfjord,BE,C,FISHDIV_BE_C,"1664",BE_C
"750",Odelfjord,OL,A,FISHDIV_OL_A,"600",OL_A
"750",Odelfjord,OL,A,FISHDIV_OL_A,"612",OL_A
"750",Odelfjord,OL,A,FISHDIV_OL_A,"635",OL_A
"2000",Bergsfjord,BE,C,FISHDIV_BE_C,"3170",BE_C
"750",Odelfjord,OL,A,FISHDIV_OL_A,"637",OL_A
"2000",Bergsfjord,BE,C,FISHDIV_BE_C,"1177",BE_C
"750",Odelfjord,OL,A,FISHDIV_OL_A,"590",OL_A
"2000",Bergsfjord,BE,C,FISHDIV_BE_C,"1682",BE_C
"2000",Bergsfjord,BE,C,FISHDIV_BE_C,"4241",BE_C
"750",Odelfjord,OL,A,FISHDIV_OL_A,"593",OL_A
"1000",Frakkfjord,FR,A,FISHDIV_FR_A,"8713",FR_A
"2000",Bergsfjord,BE,C,FISHDIV_BE_C,"1218",BE_C
"2000",Bergsfjord,BE,C,FISHDIV_BE_C,"1153",BE_C
"1000",Frakkfjord,FR,A,FISHDIV_FR_A,"13218",FR_A
"1000",Frakkfjord,FR,A,FISHDIV_FR_A,"1273",FR_A
"2000",Bergsfjord,BE,C,FISHDIV_BE_C,"1389",BE_C
"1000",Frakkfjord,FR,A,FISHDIV_FR_A,"2159",FR_A
"1000",Frakkfjord,FR,A,FISHDIV_FR_A,"5988",FR_A
"2000",Bergsfjord,BE,C,FISHDIV_BE_C,"1463",BE_C
"1000",Frakkfjord,FR,A,FISHDIV_FR_A,"8041",FR_A
"2000",Bergsfjord,BE,C,FISHDIV_BE_C,"1624",BE_C
"750",Odelfjord,OL,A,FISHDIV_OL_A,"1370",OL_A
"2000",Bergsfjord,BE,C,FISHDIV_BE_C,"985",BE_C
"750",Odelfjord,OL,A,FISHDIV_OL_A,"1321",OL_A
"2000",Bergsfjord,BE,C,FISHDIV_BE_C,"990",BE_C
"2000",Bergsfjord,BE,C,FISHDIV_BE_C,"1127",BE_C
"750",Odelfjord,OL,A,FISHDIV_OL_A,"2013",OL_A
"2000",Bergsfjord,BE,C,FISHDIV_BE_C,"1099",BE_C
"2000",Bergsfjord,BE,C,FISHDIV_BE_C,"1022",BE_C
"750",Odelfjord,OL,A,FISHDIV_OL_A,"19789",OL_A
"2000",Bergsfjord,BE,C,FISHDIV_BE_C,"2261",BE_C
"750",Odelfjord,OL,A,FISHDIV_OL_A,"6665",OL_A
"750",Odelfjord,OL,A,FISHDIV_OL_A,"560",OL_A
"3000",Balsfjord,BA,B,FISHDIV_BA_B,"3930",BA_B
"3000",Balsfjord,BA,B,FISHDIV_BA_B,"4503",BA_B
"3000",Balsfjord,BA,B,FISHDIV_BA_B,"4084",BA_B
"3000",Balsfjord,BA,B,FISHDIV_BA_B,"4117",BA_B
"3000",Balsfjord,BA,B,FISHDIV_BA_B,"3858",BA_B
"750",Odelfjord,OL,A,FISHDIV_OL_A,"499",OL_A
"3000",Balsfjord,BA,B,FISHDIV_BA_B,"3850",BA_B
"3000",Balsfjord,BA,B,FISHDIV_BA_B,"4167",BA_B
"750",Odelfjord,OL,A,FISHDIV_OL_A,"1468",OL_A
"3000",Balsfjord,BA,B,FISHDIV_BA_B,"4079",BA_B
"3000",Balsfjord,BA,B,FISHDIV_BA_B,"4815",BA_B
"3000",Balsfjord,BA,B,FISHDIV_BA_B,"3138",BA_B
"3000",Balsfjord,BA,B,FISHDIV_BA_B,"6156",BA_B
"2000",Bergsfjord,BE,D,FISHDIV_BE_D,"1447",BE_D
"3000",Balsfjord,BA,B,FISHDIV_BA_B,"6169",BA_B
"3000",Balsfjord,BA,B,FISHDIV_BA_B,"4938",BA_B
"1000",Frakkfjord,FR,A,FISHDIV_FR_A,"515",FR_A
"3000",Balsfjord,BA,B,FISHDIV_BA_B,"2409",BA_B
"1000",Frakkfjord,FR,A,FISHDIV_FR_A,"490",FR_A
"2000",Bergsfjord,BE,D,FISHDIV_BE_D,"2141",BE_D
"3000",Balsfjord,BA,B,FISHDIV_BA_B,"2795",BA_B
"1000",Frakkfjord,FR,A,FISHDIV_FR_A,"906",FR_A
"2000",Bergsfjord,BE,D,FISHDIV_BE_D,"4854",BE_D
"2000",Bergsfjord,BE,D,FISHDIV_BE_D,"4746",BE_D
"1000",Frakkfjord,FR,A,FISHDIV_FR_A,"935",FR_A
"3000",Balsfjord,BA,B,FISHDIV_BA_B,"2505",BA_B
"2000",Bergsfjord,BE,D,FISHDIV_BE_D,"4877",BE_D
"3000",Balsfjord,BA,B,FISHDIV_BA_B,"6520",BA_B
"2000",Bergsfjord,BE,D,FISHDIV_BE_D,"5197",BE_D
"1000",Frakkfjord,FR,A,FISHDIV_FR_A,"744",FR_A
"3000",Balsfjord,BA,B,FISHDIV_BA_B,"5834",BA_B
"3000",Balsfjord,BA,B,FISHDIV_BA_B,"8068",BA_B
"3000",Balsfjord,BA,B,FISHDIV_BA_B,"7331",BA_B
"2000",Bergsfjord,BE,D,FISHDIV_BE_D,"4905",BE_D
"3000",Balsfjord,BA,B,FISHDIV_BA_B,"8858",BA_B
"1000",Frakkfjord,FR,A,FISHDIV_FR_A,"825",FR_A
"3000",Balsfjord,BA,B,FISHDIV_BA_B,"10080",BA_B
"2000",Bergsfjord,BE,D,FISHDIV_BE_D,"1434",BE_D
"1000",Frakkfjord,FR,A,FISHDIV_FR_A,"673",FR_A
"2000",Bergsfjord,BE,D,FISHDIV_BE_D,"1418",BE_D
"3000",Balsfjord,BA,B,FISHDIV_BA_B,"3052",BA_B
"3000",Balsfjord,BA,B,FISHDIV_BA_B,"4094",BA_B
"2000",Bergsfjord,BE,D,FISHDIV_BE_D,"1280",BE_D
"1000",Frakkfjord,FR,A,FISHDIV_FR_A,"708",FR_A
"2000",Bergsfjord,BE,D,FISHDIV_BE_D,"1052",BE_D
"2000",Bergsfjord,BE,D,FISHDIV_BE_D,"21237",BE_D
"3000",Balsfjord,BA,B,FISHDIV_BA_B,"1981",BA_B
"2000",Bergsfjord,BE,D,FISHDIV_BE_D,"21242",BE_D
"3000",Balsfjord,BA,B,FISHDIV_BA_B,"2337",BA_B
"1000",Frakkfjord,FR,A,FISHDIV_FR_A,"679",FR_A
"2000",Bergsfjord,BE,D,FISHDIV_BE_D,"21091",BE_D
"1000",Frakkfjord,FR,A,FISHDIV_FR_A,"1054",FR_A
"3000",Balsfjord,BA,B,FISHDIV_BA_B,"2332",BA_B
"2000",Bergsfjord,BE,D,FISHDIV_BE_D,"2474",BE_D
"2000",Bergsfjord,BE,D,FISHDIV_BE_D,"1176",BE_D
"1000",Frakkfjord,FR,A,FISHDIV_FR_A,"1383",FR_A
"3000",Balsfjord,BA,B,FISHDIV_BA_B,"4685",BA_B
"2000",Bergsfjord,BE,D,FISHDIV_BE_D,"1814",BE_D
"1000",Frakkfjord,FR,A,FISHDIV_FR_A,"575",FR_A
"3000",Balsfjord,BA,B,FISHDIV_BA_B,"4503",BA_B
"2000",Bergsfjord,BE,D,FISHDIV_BE_D,"1216",BE_D
"3000",Balsfjord,BA,B,FISHDIV_BA_B,"5610",BA_B
"1000",Frakkfjord,FR,A,FISHDIV_FR_A,"630",FR_A
"2000",Bergsfjord,BE,D,FISHDIV_BE_D,"2097",BE_D
"3000",Balsfjord,BA,B,FISHDIV_BA_B,"3904",BA_B
"1000",Frakkfjord,FR,A,FISHDIV_FR_A,"512",FR_A
"2000",Bergsfjord,BE,D,FISHDIV_BE_D,"1437",BE_D
"1000",Frakkfjord,FR,A,FISHDIV_FR_A,"1351",FR_A
"3000",Balsfjord,BA,A,FISHDIV_BA_A,"2234",BA_A
"1000",Frakkfjord,FR,A,FISHDIV_FR_A,"1513",FR_A
"2000",Bergsfjord,BE,D,FISHDIV_BE_D,"1426",BE_D
"2000",Bergsfjord,BE,D,FISHDIV_BE_D,"1332",BE_D
"3000",Balsfjord,BA,A,FISHDIV_BA_A,"3112",BA_A
"3000",Balsfjord,BA,A,FISHDIV_BA_A,"4053",BA_A
"2000",Bergsfjord,BE,D,FISHDIV_BE_D,"742",BE_D
"3000",Balsfjord,BA,A,FISHDIV_BA_A,"3850",BA_A
"3000",Balsfjord,BA,A,FISHDIV_BA_A,"5245",BA_A
"3000",Balsfjord,BA,A,FISHDIV_BA_A,"4348",BA_A
"1000",Frakkfjord,FR,A,FISHDIV_FR_A,"487",FR_A
"3000",Balsfjord,BA,A,FISHDIV_BA_A,"7080",BA_A
"2000",Bergsfjord,BE,D,FISHDIV_BE_D,"670",BE_D
"3000",Balsfjord,BA,A,FISHDIV_BA_A,"2122",BA_A
"3000",Balsfjord,BA,A,FISHDIV_BA_A,"2472",BA_A
"2000",Bergsfjord,BE,D,FISHDIV_BE_D,"960",BE_D
"3000",Balsfjord,BA,A,FISHDIV_BA_A,"4122",BA_A
"3000",Balsfjord,BA,A,FISHDIV_BA_A,"4600",BA_A
"1000",Frakkfjord,FR,B,FISHDIV_FR_B,"10837",FR_B
"3000",Balsfjord,BA,A,FISHDIV_BA_A,"3803",BA_A
"3000",Balsfjord,BA,A,FISHDIV_BA_A,"3624",BA_A
"1000",Frakkfjord,FR,A,FISHDIV_FR_A,"12803",FR_A
"3000",Balsfjord,BA,A,FISHDIV_BA_A,"3539",BA_A
"2000",Bergsfjord,BE,D,FISHDIV_BE_D,"953",BE_D
"3000",Balsfjord,BA,A,FISHDIV_BA_A,"3771",BA_A
"3000",Balsfjord,BA,A,FISHDIV_BA_A,"3613",BA_A
"2000",Bergsfjord,BE,D,FISHDIV_BE_D,"861",BE_D
"1000",Frakkfjord,FR,B,FISHDIV_FR_B,"4751",FR_B
"3000",Balsfjord,BA,A,FISHDIV_BA_A,"3546",BA_A
"2000",Bergsfjord,BE,E,FISHDIV_BE_E,"16847",BE_E
"2000",Bergsfjord,BE,E,FISHDIV_BE_E,"16844",BE_E
"1000",Frakkfjord,FR,B,FISHDIV_FR_B,"6321",FR_B
"3000",Balsfjord,BA,A,FISHDIV_BA_A,"2837",BA_A
"3000",Balsfjord,BA,A,FISHDIV_BA_A,"3230",BA_A
"1000",Frakkfjord,FR,B,FISHDIV_FR_B,"24984",FR_B
"3000",Balsfjord,BA,A,FISHDIV_BA_A,"5915",BA_A
"2000",Bergsfjord,BE,D,FISHDIV_BE_D,"963",BE_D
"3000",Balsfjord,BA,A,FISHDIV_BA_A,"5334",BA_A
"2000",Bergsfjord,BE,D,FISHDIV_BE_D,"950",BE_D
"1000",Frakkfjord,FR,B,FISHDIV_FR_B,"11733",FR_B
"1000",Frakkfjord,FR,B,FISHDIV_FR_B,"2526",FR_B
"3000",Balsfjord,BA,A,FISHDIV_BA_A,"5791",BA_A
"2000",Bergsfjord,BE,E,FISHDIV_BE_E,"3081",BE_E
"2000",Bergsfjord,BE,E,FISHDIV_BE_E,"16854",BE_E
"2000",Bergsfjord,BE,E,FISHDIV_BE_E,"16862",BE_E
"3000",Balsfjord,BA,B,FISHDIV_BA_B,"2519",BA_B
"2000",Bergsfjord,BE,E,FISHDIV_BE_E,"16846",BE_E
"1000",Frakkfjord,FR,B,FISHDIV_FR_B,"3159",FR_B
"2000",Bergsfjord,BE,E,FISHDIV_BE_E,"16849",BE_E
"2000",Bergsfjord,BE,E,FISHDIV_BE_E,"16845",BE_E
"1000",Frakkfjord,FR,B,FISHDIV_FR_B,"4155",FR_B
"3000",Balsfjord,BA,B,FISHDIV_BA_B,"2379",BA_B
"2000",Bergsfjord,BE,E,FISHDIV_BE_E,"16845",BE_E
"1000",Frakkfjord,FR,B,FISHDIV_FR_B,"973",FR_B
"2000",Bergsfjord,BE,D,FISHDIV_BE_D,"1811",BE_D
"2000",Bergsfjord,BE,D,FISHDIV_BE_D,"3495",BE_D
"3000",Balsfjord,BA,B,FISHDIV_BA_B,"3971",BA_B
"2000",Bergsfjord,BE,D,FISHDIV_BE_D,"3387",BE_D
"3000",Balsfjord,BA,B,FISHDIV_BA_B,"3186",BA_B
"1000",Frakkfjord,FR,B,FISHDIV_FR_B,"1668",FR_B
"1000",Frakkfjord,FR,A,FISHDIV_FR_A,"640",FR_A
"3000",Balsfjord,BA,A,FISHDIV_BA_A,"8382",BA_A
"3000",Balsfjord,BA,A,FISHDIV_BA_A,"7582",BA_A
"2000",Bergsfjord,BE,D,FISHDIV_BE_D,"1259",BE_D
"1000",Frakkfjord,FR,A,FISHDIV_FR_A,"552",FR_A
"3000",Balsfjord,BA,A,FISHDIV_BA_A,"9167",BA_A
"3000",Balsfjord,BA,B,FISHDIV_BA_B,"11045",BA_B
"3000",Balsfjord,BA,A,FISHDIV_BA_A,"10405",BA_A
"1000",Frakkfjord,FR,A,FISHDIV_FR_A,"591",FR_A
"2000",Bergsfjord,BE,D,FISHDIV_BE_D,"1237",BE_D
"1000",Frakkfjord,FR,A,FISHDIV_FR_A,"1145",FR_A
"1000",Frakkfjord,FR,A,FISHDIV_FR_A,"606",FR_A
"3000",Balsfjord,BA,A,FISHDIV_BA_A,"4131",BA_A
"1000",Frakkfjord,FR,A,FISHDIV_FR_A,"657",FR_A
"3000",Balsfjord,BA,A,FISHDIV_BA_A,"6526",BA_A
"3000",Balsfjord,BA,A,FISHDIV_BA_A,"5352",BA_A
"3000",Balsfjord,BA,C,FISHDIV_BA_C,"2729",BA_C
"2000",Bergsfjord,BE,D,FISHDIV_BE_D,"773",BE_D
"3000",Balsfjord,BA,C,FISHDIV_BA_C,"2531",BA_C
"1000",Frakkfjord,FR,A,FISHDIV_FR_A,"2646",FR_A
"3000",Balsfjord,BA,C,FISHDIV_BA_C,"2946",BA_C
"1000",Frakkfjord,FR,A,FISHDIV_FR_A,"1986",FR_A
"3000",Balsfjord,BA,A,FISHDIV_BA_A,"11356",BA_A
"2000",Bergsfjord,BE,D,FISHDIV_BE_D,"874",BE_D
"3000",Balsfjord,BA,C,FISHDIV_BA_C,"3322",BA_C
"1000",Frakkfjord,FR,A,FISHDIV_FR_A,"1664",FR_A
"2000",Bergsfjord,BE,E,FISHDIV_BE_E,"2384",BE_E
"1000",Frakkfjord,FR,A,FISHDIV_FR_A,"4487",FR_A
"1000",Frakkfjord,FR,A,FISHDIV_FR_A,"3474",FR_A
"3000",Balsfjord,BA,C,FISHDIV_BA_C,"1668",BA_C
"3000",Balsfjord,BA,C,FISHDIV_BA_C,"1796",BA_C
"2000",Bergsfjord,BE,E,FISHDIV_BE_E,"2412",BE_E
"1000",Frakkfjord,FR,A,FISHDIV_FR_A,"3040",FR_A
"3000",Balsfjord,BA,C,FISHDIV_BA_C,"2107",BA_C
"3000",Balsfjord,BA,C,FISHDIV_BA_C,"2177",BA_C
"3000",Balsfjord,BA,C,FISHDIV_BA_C,"3633",BA_C
"1000",Frakkfjord,FR,B,FISHDIV_FR_B,"2416",FR_B
"3000",Balsfjord,BA,C,FISHDIV_BA_C,"4592",BA_C
"3000",Balsfjord,BA,C,FISHDIV_BA_C,"2100",BA_C
"3000",Balsfjord,BA,C,FISHDIV_BA_C,"2812",BA_C
"2000",Bergsfjord,BE,E,FISHDIV_BE_E,"2247",BE_E
"3000",Balsfjord,BA,C,FISHDIV_BA_C,"1638",BA_C
"1000",Frakkfjord,FR,B,FISHDIV_FR_B,"2411",FR_B
"3000",Balsfjord,BA,C,FISHDIV_BA_C,"1507",BA_C
"1000",Frakkfjord,FR,B,FISHDIV_FR_B,"1782",FR_B
"2000",Bergsfjord,BE,E,FISHDIV_BE_E,"4658",BE_E
"3000",Balsfjord,BA,C,FISHDIV_BA_C,"9832",BA_C
"3000",Balsfjord,BA,C,FISHDIV_BA_C,"10084",BA_C
"3000",Balsfjord,BA,C,FISHDIV_BA_C,"10382",BA_C
"3000",Balsfjord,BA,C,FISHDIV_BA_C,"10084",BA_C
"1000",Frakkfjord,FR,B,FISHDIV_FR_B,"1840",FR_B
"2000",Bergsfjord,BE,E,FISHDIV_BE_E,"7892",BE_E
"1000",Frakkfjord,FR,B,FISHDIV_FR_B,"1984",FR_B
"3000",Balsfjord,BA,C,FISHDIV_BA_C,"10985",BA_C
"2000",Bergsfjord,BE,E,FISHDIV_BE_E,"5086",BE_E
"3000",Balsfjord,BA,C,FISHDIV_BA_C,"6051",BA_C
"1000",Frakkfjord,FR,B,FISHDIV_FR_B,"1452",FR_B
"2000",Bergsfjord,BE,E,FISHDIV_BE_E,"2201",BE_E
"3000",Balsfjord,BA,A,FISHDIV_BA_A,"2702",BA_A
"1000",Frakkfjord,FR,B,FISHDIV_FR_B,"1824",FR_B
"1000",Frakkfjord,FR,B,FISHDIV_FR_B,"808",FR_B
"2000",Bergsfjord,BE,E,FISHDIV_BE_E,"2000",BE_E
"3000",Balsfjord,BA,A,FISHDIV_BA_A,"2716",BA_A
"2000",Bergsfjord,BE,E,FISHDIV_BE_E,"1349",BE_E
"2000",Bergsfjord,BE,E,FISHDIV_BE_E,"1565",BE_E
"1000",Frakkfjord,FR,B,FISHDIV_FR_B,"1123",FR_B
"2000",Bergsfjord,BE,E,FISHDIV_BE_E,"1657",BE_E
"3000",Balsfjord,BA,A,FISHDIV_BA_A,"2666",BA_A
"2000",Bergsfjord,BE,E,FISHDIV_BE_E,"1363",BE_E
"2000",Bergsfjord,BE,E,FISHDIV_BE_E,"1815",BE_E
"1000",Frakkfjord,FR,B,FISHDIV_FR_B,"1535",FR_B
"2000",Bergsfjord,BE,E,FISHDIV_BE_E,"2178",BE_E
"3000",Balsfjord,BA,A,FISHDIV_BA_A,"2669",BA_A
"1000",Frakkfjord,FR,B,FISHDIV_FR_B,"1313",FR_B
"1000",Frakkfjord,FR,B,FISHDIV_FR_B,"942",FR_B
"2000",Bergsfjord,BE,E,FISHDIV_BE_E,"1972",BE_E
"2000",Bergsfjord,BE,E,FISHDIV_BE_E,"2394",BE_E
"1000",Frakkfjord,FR,B,FISHDIV_FR_B,"2990",FR_B
"3000",Balsfjord,BA,A,FISHDIV_BA_A,"4163",BA_A
"1000",Frakkfjord,FR,B,FISHDIV_FR_B,"3352",FR_B
"3000",Balsfjord,BA,A,FISHDIV_BA_A,"3042",BA_A
"2000",Bergsfjord,BE,E,FISHDIV_BE_E,"2398",BE_E
"3000",Balsfjord,BA,D,FISHDIV_BA_D,"1898",BA_D
"3000",Balsfjord,BA,C,FISHDIV_BA_C,"3643",BA_C
"2000",Bergsfjord,BE,E,FISHDIV_BE_E,"2398",BE_E
"1000",Frakkfjord,FR,B,FISHDIV_FR_B,"2457",FR_B
"3000",Balsfjord,BA,C,FISHDIV_BA_C,"4146",BA_C
"3000",Balsfjord,BA,C,FISHDIV_BA_C,"5145",BA_C
"750",Odelfjord,OL,C,FISHDIV_OL_C,"1065",OL_C
"3000",Balsfjord,BA,D,FISHDIV_BA_D,"2190",BA_D
"1000",Frakkfjord,FR,B,FISHDIV_FR_B,"2598",FR_B
"3000",Balsfjord,BA,D,FISHDIV_BA_D,"2318",BA_D
"3000",Balsfjord,BA,D,FISHDIV_BA_D,"2271",BA_D
"3000",Balsfjord,BA,D,FISHDIV_BA_D,"1978",BA_D
"750",Odelfjord,OL,C,FISHDIV_OL_C,"850",OL_C
"3000",Balsfjord,BA,D,FISHDIV_BA_D,"2021",BA_D
"750",Odelfjord,OL,C,FISHDIV_OL_C,"841",OL_C
"1000",Frakkfjord,FR,B,FISHDIV_FR_B,"2888",FR_B
"3000",Balsfjord,BA,D,FISHDIV_BA_D,"1942",BA_D
"1000",Frakkfjord,FR,C,FISHDIV_FR_C,"2074",FR_C
"3000",Balsfjord,BA,D,FISHDIV_BA_D,"1954",BA_D
"1000",Frakkfjord,FR,C,FISHDIV_FR_C,"2529",FR_C
"750",Odelfjord,OL,C,FISHDIV_OL_C,"1507",OL_C
"3000",Balsfjord,BA,D,FISHDIV_BA_D,"2776",BA_D
"1000",Frakkfjord,FR,C,FISHDIV_FR_C,"2725",FR_C
"750",Odelfjord,OL,C,FISHDIV_OL_C,"1151",OL_C
"3000",Balsfjord,BA,D,FISHDIV_BA_D,"1871",BA_D
"1000",Frakkfjord,FR,C,FISHDIV_FR_C,"1305",FR_C
"750",Odelfjord,OL,C,FISHDIV_OL_C,"3365",OL_C
"1000",Frakkfjord,FR,C,FISHDIV_FR_C,"1540",FR_C
"3000",Balsfjord,BA,D,FISHDIV_BA_D,"6811",BA_D
"3000",Balsfjord,BA,D,FISHDIV_BA_D,"2156",BA_D
"750",Odelfjord,OL,C,FISHDIV_OL_C,"2095",OL_C
"1000",Frakkfjord,FR,C,FISHDIV_FR_C,"1510",FR_C
"3000",Balsfjord,BA,D,FISHDIV_BA_D,"4327",BA_D
"1000",Frakkfjord,FR,C,FISHDIV_FR_C,"1326",FR_C
"3000",Balsfjord,BA,C,FISHDIV_BA_C,"1566",BA_C
"3000",Balsfjord,BA,C,FISHDIV_BA_C,"1724",BA_C
"750",Odelfjord,OL,C,FISHDIV_OL_C,"1441",OL_C
"1000",Frakkfjord,FR,C,FISHDIV_FR_C,"1167",FR_C
"3000",Balsfjord,BA,C,FISHDIV_BA_C,"3272",BA_C
"3000",Balsfjord,BA,C,FISHDIV_BA_C,"10135",BA_C
"750",Odelfjord,OL,C,FISHDIV_OL_C,"1750",OL_C
"3000",Balsfjord,BA,C,FISHDIV_BA_C,"10747",BA_C
"2000",Bergsfjord,BE,E,FISHDIV_BE_E,"2056",BE_E
"1000",Frakkfjord,FR,C,FISHDIV_FR_C,"1633",FR_C
"1000",Frakkfjord,FR,C,FISHDIV_FR_C,"1583",FR_C
"3000",Balsfjord,BA,C,FISHDIV_BA_C,"1080",BA_C
"2000",Bergsfjord,BE,E,FISHDIV_BE_E,"1603",BE_E
"1000",Frakkfjord,FR,C,FISHDIV_FR_C,"1551",FR_C
"2000",Bergsfjord,BE,E,FISHDIV_BE_E,"1519",BE_E
"3000",Balsfjord,BA,C,FISHDIV_BA_C,"1315",BA_C
"3000",Balsfjord,BA,C,FISHDIV_BA_C,"1125",BA_C
"1000",Frakkfjord,FR,B,FISHDIV_FR_B,"1036",FR_B
"1000",Frakkfjord,FR,B,FISHDIV_FR_B,"890",FR_B
"3000",Balsfjord,BA,C,FISHDIV_BA_C,"7941",BA_C
"2000",Bergsfjord,BE,E,FISHDIV_BE_E,"3193",BE_E
"1000",Frakkfjord,FR,B,FISHDIV_FR_B,"792",FR_B
"2000",Bergsfjord,BE,E,FISHDIV_BE_E,"2779",BE_E
"2000",Bergsfjord,BE,E,FISHDIV_BE_E,"2395",BE_E
"1000",Frakkfjord,FR,B,FISHDIV_FR_B,"600",FR_B
"3000",Balsfjord,BA,C,FISHDIV_BA_C,"1958",BA_C
"1000",Frakkfjord,FR,B,FISHDIV_FR_B,"1577",FR_B
"1000",Frakkfjord,FR,B,FISHDIV_FR_B,"1380",FR_B
"3000",Balsfjord,BA,C,FISHDIV_BA_C,"5050",BA_C
"3000",Balsfjord,BA,C,FISHDIV_BA_C,"5464",BA_C
"2000",Bergsfjord,BE,E,FISHDIV_BE_E,"5208",BE_E
"2000",Bergsfjord,BE,E,FISHDIV_BE_E,"4518",BE_E
"2000",Bergsfjord,BE,E,FISHDIV_BE_E,"3650",BE_E
"1000",Frakkfjord,FR,B,FISHDIV_FR_B,"1201",FR_B
"3000",Balsfjord,BA,C,FISHDIV_BA_C,"6726",BA_C
"750",Odelfjord,OL,C,FISHDIV_OL_C,"836",OL_C
"1000",Frakkfjord,FR,B,FISHDIV_FR_B,"1804",FR_B
"3000",Balsfjord,BA,D,FISHDIV_BA_D,"2375",BA_D
"3000",Balsfjord,BA,D,FISHDIV_BA_D,"3295",BA_D
"750",Odelfjord,OL,C,FISHDIV_OL_C,"834",OL_C
"1000",Frakkfjord,FR,C,FISHDIV_FR_C,"4124",FR_C
"1000",Frakkfjord,FR,C,FISHDIV_FR_C,"22597",FR_C
"750",Odelfjord,OL,C,FISHDIV_OL_C,"17056",OL_C
"1000",Frakkfjord,FR,C,FISHDIV_FR_C,"4739",FR_C
"1000",Frakkfjord,FR,C,FISHDIV_FR_C,"9385",FR_C
"3000",Balsfjord,BA,D,FISHDIV_BA_D,"2102",BA_D
"3000",Balsfjord,BA,D,FISHDIV_BA_D,"1999",BA_D
"1000",Frakkfjord,FR,B,FISHDIV_FR_B,"10591",FR_B
"750",Odelfjord,OL,C,FISHDIV_OL_C,"4648",OL_C
"1000",Frakkfjord,FR,C,FISHDIV_FR_C,"3449",FR_C
"750",Odelfjord,OL,C,FISHDIV_OL_C,"1080",OL_C
"750",Odelfjord,OL,C,FISHDIV_OL_C,"1427",OL_C
"1000",Frakkfjord,FR,C,FISHDIV_FR_C,"3808",FR_C
"3000",Balsfjord,BA,D,FISHDIV_BA_D,"1956",BA_D
"750",Odelfjord,OL,C,FISHDIV_OL_C,"17028",OL_C
"3000",Balsfjord,BA,D,FISHDIV_BA_D,"1799",BA_D
"3000",Balsfjord,BA,E,FISHDIV_BA_E,"1879",BA_E
"750",Odelfjord,OL,C,FISHDIV_OL_C,"850",OL_C
"1000",Frakkfjord,FR,C,FISHDIV_FR_C,"1662",FR_C
"3000",Balsfjord,BA,E,FISHDIV_BA_E,"1875",BA_E
"750",Odelfjord,OL,C,FISHDIV_OL_C,"868",OL_C
"1000",Frakkfjord,FR,C,FISHDIV_FR_C,"2281",FR_C
"3000",Balsfjord,BA,D,FISHDIV_BA_D,"1723",BA_D
"750",Odelfjord,OL,C,FISHDIV_OL_C,"900",OL_C
"750",Odelfjord,OL,C,FISHDIV_OL_C,"968",OL_C
"3000",Balsfjord,BA,D,FISHDIV_BA_D,"1737",BA_D
"1000",Frakkfjord,FR,C,FISHDIV_FR_C,"762",FR_C
"750",Odelfjord,OL,B,FISHDIV_OL_B,"894",OL_B
"3000",Balsfjord,BA,D,FISHDIV_BA_D,"1817",BA_D
"3000",Balsfjord,BA,D,FISHDIV_BA_D,"1857",BA_D
"1000",Frakkfjord,FR,C,FISHDIV_FR_C,"985",FR_C
"3000",Balsfjord,BA,D,FISHDIV_BA_D,"1931",BA_D
"750",Odelfjord,OL,C,FISHDIV_OL_C,"836",OL_C
"750",Odelfjord,OL,C,FISHDIV_OL_C,"841",OL_C
"1000",Frakkfjord,FR,C,FISHDIV_FR_C,"6258",FR_C
"750",Odelfjord,OL,C,FISHDIV_OL_C,"16043",OL_C
"3000",Balsfjord,BA,D,FISHDIV_BA_D,"1585",BA_D
"750",Odelfjord,OL,C,FISHDIV_OL_C,"1323",OL_C
"1000",Frakkfjord,FR,C,FISHDIV_FR_C,"1575",FR_C
"3000",Balsfjord,BA,D,FISHDIV_BA_D,"1770",BA_D
"750",Odelfjord,OL,C,FISHDIV_OL_C,"1133",OL_C
"1000",Frakkfjord,FR,C,FISHDIV_FR_C,"916",FR_C
"3000",Balsfjord,BA,D,FISHDIV_BA_D,"1795",BA_D
"750",Odelfjord,OL,C,FISHDIV_OL_C,"15231",OL_C
"1000",Frakkfjord,FR,C,FISHDIV_FR_C,"1646",FR_C
"3000",Balsfjord,BA,D,FISHDIV_BA_D,"1851",BA_D
"750",Odelfjord,OL,C,FISHDIV_OL_C,"14738",OL_C
"750",Odelfjord,OL,C,FISHDIV_OL_C,"17863",OL_C
"3000",Balsfjord,BA,D,FISHDIV_BA_D,"1580",BA_D
"750",Odelfjord,OL,C,FISHDIV_OL_C,"15320",OL_C
"750",Odelfjord,OL,C,FISHDIV_OL_C,"23068",OL_C
"3000",Balsfjord,BA,D,FISHDIV_BA_D,"1561",BA_D
"3000",Balsfjord,BA,D,FISHDIV_BA_D,"1551",BA_D
"750",Odelfjord,OL,C,FISHDIV_OL_C,"4469",OL_C
"3000",Balsfjord,BA,D,FISHDIV_BA_D,"7562",BA_D
"750",Odelfjord,OL,C,FISHDIV_OL_C,"5097",OL_C
"1000",Frakkfjord,FR,C,FISHDIV_FR_C,"2378",FR_C
"3000",Balsfjord,BA,D,FISHDIV_BA_D,"3983",BA_D
"3000",Balsfjord,BA,D,FISHDIV_BA_D,"2903",BA_D
"3000",Balsfjord,BA,D,FISHDIV_BA_D,"3462",BA_D
"750",Odelfjord,OL,C,FISHDIV_OL_C,"14764",OL_C
"3000",Balsfjord,BA,D,FISHDIV_BA_D,"1712",BA_D
"750",Odelfjord,OL,C,FISHDIV_OL_C,"14851",OL_C
"3000",Balsfjord,BA,E,FISHDIV_BA_E,"2002",BA_E
"1000",Frakkfjord,FR,C,FISHDIV_FR_C,"4392",FR_C
"3000",Balsfjord,BA,E,FISHDIV_BA_E,"2125",BA_E
"3000",Balsfjord,BA,E,FISHDIV_BA_E,"1847",BA_E
"750",Odelfjord,OL,C,FISHDIV_OL_C,"4157",OL_C
"1000",Frakkfjord,FR,C,FISHDIV_FR_C,"4840",FR_C
"3000",Balsfjord,BA,E,FISHDIV_BA_E,"1859",BA_E
"750",Odelfjord,OL,C,FISHDIV_OL_C,"4366",OL_C
"3000",Balsfjord,BA,E,FISHDIV_BA_E,"2080",BA_E
"3000",Balsfjord,BA,E,FISHDIV_BA_E,"1928",BA_E
"3000",Balsfjord,BA,E,FISHDIV_BA_E,"2118",BA_E
"3000",Balsfjord,BA,E,FISHDIV_BA_E,"2093",BA_E
"1000",Frakkfjord,FR,C,FISHDIV_FR_C,"4018",FR_C
"750",Odelfjord,OL,B,FISHDIV_OL_B,"888",OL_B
"3000",Balsfjord,BA,E,FISHDIV_BA_E,"1606",BA_E
"1000",Frakkfjord,FR,C,FISHDIV_FR_C,"4393",FR_C
"1000",Frakkfjord,FR,C,FISHDIV_FR_C,"4686",FR_C
"3000",Balsfjord,BA,E,FISHDIV_BA_E,"1562",BA_E
"3000",Balsfjord,BA,E,FISHDIV_BA_E,"1964",BA_E
"750",Odelfjord,OL,B,FISHDIV_OL_B,"1005",OL_B
"3000",Balsfjord,BA,E,FISHDIV_BA_E,"1822",BA_E
"3000",Balsfjord,BA,E,FISHDIV_BA_E,"3489",BA_E
"1000",Frakkfjord,FR,D,FISHDIV_FR_D,"1057",FR_D
"750",Odelfjord,OL,B,FISHDIV_OL_B,"1041",OL_B
"3000",Balsfjord,BA,E,FISHDIV_BA_E,"1921",BA_E
"750",Odelfjord,OL,B,FISHDIV_OL_B,"1033",OL_B
"1000",Frakkfjord,FR,D,FISHDIV_FR_D,"897",FR_D
"1000",Frakkfjord,FR,D,FISHDIV_FR_D,"2884",FR_D
"3000",Balsfjord,BA,E,FISHDIV_BA_E,"6911",BA_E
"750",Odelfjord,OL,B,FISHDIV_OL_B,"983",OL_B
"1000",Frakkfjord,FR,D,FISHDIV_FR_D,"2270",FR_D
"1000",Frakkfjord,FR,D,FISHDIV_FR_D,"1441",FR_D
"750",Odelfjord,OL,B,FISHDIV_OL_B,"1003",OL_B
"3000",Balsfjord,BA,E,FISHDIV_BA_E,"5648",BA_E
"750",Odelfjord,OL,B,FISHDIV_OL_B,"972",OL_B
"1000",Frakkfjord,FR,D,FISHDIV_FR_D,"3597",FR_D
"3000",Balsfjord,BA,E,FISHDIV_BA_E,"1471",BA_E
"3000",Balsfjord,BA,E,FISHDIV_BA_E,"1439",BA_E
"750",Odelfjord,OL,B,FISHDIV_OL_B,"972",OL_B
"1000",Frakkfjord,FR,D,FISHDIV_FR_D,"3400",FR_D
"1000",Frakkfjord,FR,D,FISHDIV_FR_D,"3288",FR_D
"3000",Balsfjord,BA,E,FISHDIV_BA_E,"1535",BA_E
"750",Odelfjord,OL,B,FISHDIV_OL_B,"901",OL_B
"3000",Balsfjord,BA,E,FISHDIV_BA_E,"1595",BA_E
"1000",Frakkfjord,FR,D,FISHDIV_FR_D,"4360",FR_D
"3000",Balsfjord,BA,E,FISHDIV_BA_E,"1317",BA_E
"3000",Balsfjord,BA,E,FISHDIV_BA_E,"1461",BA_E
"750",Odelfjord,OL,B,FISHDIV_OL_B,"896",OL_B
"1000",Frakkfjord,FR,C,FISHDIV_FR_C,"8920",FR_C
"3000",Balsfjord,BA,E,FISHDIV_BA_E,"1343",BA_E
"750",Odelfjord,OL,B,FISHDIV_OL_B,"930",OL_B
"3000",Balsfjord,BA,E,FISHDIV_BA_E,"3538",BA_E
"1000",Frakkfjord,FR,C,FISHDIV_FR_C,"19575",FR_C
"1000",Frakkfjord,FR,C,FISHDIV_FR_C,"8280",FR_C
"1000",Frakkfjord,FR,C,FISHDIV_FR_C,"7075",FR_C
"3000",Balsfjord,BA,E,FISHDIV_BA_E,"10110",BA_E
"750",Odelfjord,OL,B,FISHDIV_OL_B,"912",OL_B
"1000",Frakkfjord,FR,D,FISHDIV_FR_D,"7431",FR_D
"3000",Balsfjord,BA,E,FISHDIV_BA_E,"6100",BA_E
"750",Odelfjord,OL,B,FISHDIV_OL_B,"1859",OL_B
"3000",Balsfjord,BA,E,FISHDIV_BA_E,"2205",BA_E
"750",Odelfjord,OL,B,FISHDIV_OL_B,"1038",OL_B
"1000",Frakkfjord,FR,C,FISHDIV_FR_C,"8904",FR_C
"3000",Balsfjord,BA,E,FISHDIV_BA_E,"2504",BA_E
"750",Odelfjord,OL,B,FISHDIV_OL_B,"965",OL_B
"3000",Balsfjord,BA,E,FISHDIV_BA_E,"2719",BA_E
"750",Odelfjord,OL,B,FISHDIV_OL_B,"1522",OL_B
"1000",Frakkfjord,FR,D,FISHDIV_FR_D,"2157",FR_D
"3000",Balsfjord,BA,G,FISHDIV_BA_G,"1432",BA_G
"1000",Frakkfjord,FR,D,FISHDIV_FR_D,"2334",FR_D
"3000",Balsfjord,BA,G,FISHDIV_BA_G,"1752",BA_G
"750",Odelfjord,OL,B,FISHDIV_OL_B,"2102",OL_B
"1000",Frakkfjord,FR,D,FISHDIV_FR_D,"2756",FR_D
"3000",Balsfjord,BA,G,FISHDIV_BA_G,"1892",BA_G
"1000",Frakkfjord,FR,D,FISHDIV_FR_D,"20570",FR_D
"1000",Frakkfjord,FR,D,FISHDIV_FR_D,"2725",FR_D
"1000",Frakkfjord,FR,D,FISHDIV_FR_D,"932",FR_D
"750",Odelfjord,OL,B,FISHDIV_OL_B,"809",OL_B
"3000",Balsfjord,BA,G,FISHDIV_BA_G,"1424",BA_G
"750",Odelfjord,OL,B,FISHDIV_OL_B,"915",OL_B
"1000",Frakkfjord,FR,D,FISHDIV_FR_D,"972",FR_D
"3000",Balsfjord,BA,G,FISHDIV_BA_G,"1224",BA_G
"3000",Balsfjord,BA,G,FISHDIV_BA_G,"1266",BA_G
"1000",Frakkfjord,FR,D,FISHDIV_FR_D,"1769",FR_D
"750",Odelfjord,OL,B,FISHDIV_OL_B,"1953",OL_B
"750",Odelfjord,OL,B,FISHDIV_OL_B,"909",OL_B
"1000",Frakkfjord,FR,D,FISHDIV_FR_D,"17072",FR_D
"3000",Balsfjord,BA,G,FISHDIV_BA_G,"2747",BA_G
"750",Odelfjord,OL,B,FISHDIV_OL_B,"859",OL_B
"1000",Frakkfjord,FR,D,FISHDIV_FR_D,"5288",FR_D
"1000",Frakkfjord,FR,D,FISHDIV_FR_D,"16901",FR_D
"750",Odelfjord,OL,B,FISHDIV_OL_B,"761",OL_B
"1000",Frakkfjord,FR,D,FISHDIV_FR_D,"4642",FR_D
"1000",Frakkfjord,FR,D,FISHDIV_FR_D,"1616",FR_D
"3000",Balsfjord,BA,G,FISHDIV_BA_G,"2098",BA_G
"750",Odelfjord,OL,B,FISHDIV_OL_B,"768",OL_B
"1000",Frakkfjord,FR,D,FISHDIV_FR_D,"6941",FR_D
"2000",Bergsfjord,BE,F,FISHDIV_BE_F,"20938",BE_F
"1000",Frakkfjord,FR,D,FISHDIV_FR_D,"6601",FR_D
"3000",Balsfjord,BA,G,FISHDIV_BA_G,"8140",BA_G
"750",Odelfjord,OL,B,FISHDIV_OL_B,"896",OL_B
"1000",Frakkfjord,FR,D,FISHDIV_FR_D,"6213",FR_D
"3000",Balsfjord,BA,G,FISHDIV_BA_G,"8996",BA_G
"750",Odelfjord,OL,B,FISHDIV_OL_B,"901",OL_B
"2000",Bergsfjord,BE,G,FISHDIV_BE_G,"17186",BE_G
"2000",Bergsfjord,BE,G,FISHDIV_BE_G,"17176",BE_G
"2000",Bergsfjord,BE,G,FISHDIV_BE_G,"17197",BE_G
"2000",Bergsfjord,BE,G,FISHDIV_BE_G,"17195",BE_G
"3000",Balsfjord,BA,E,FISHDIV_BA_E,"9090",BA_E
"2000",Bergsfjord,BE,F,FISHDIV_BE_F,"4239",BE_F
"2000",Bergsfjord,BE,G,FISHDIV_BE_G,"17204",BE_G
"2000",Bergsfjord,BE,F,FISHDIV_BE_F,"7702",BE_F
"1000",Frakkfjord,FR,D,FISHDIV_FR_D,"6946",FR_D
"2000",Bergsfjord,BE,F,FISHDIV_BE_F,"20847",BE_F
"2000",Bergsfjord,BE,F,FISHDIV_BE_F,"9910",BE_F
"750",Odelfjord,OL,B,FISHDIV_OL_B,"1440",OL_B
"2000",Bergsfjord,BE,G,FISHDIV_BE_G,"2859",BE_G
"750",Odelfjord,OL,B,FISHDIV_OL_B,"1432",OL_B
"2000",Bergsfjord,BE,G,FISHDIV_BE_G,"3753",BE_G
"750",Odelfjord,OL,B,FISHDIV_OL_B,"1443",OL_B
"2000",Bergsfjord,BE,G,FISHDIV_BE_G,"5161",BE_G
"2000",Bergsfjord,BE,G,FISHDIV_BE_G,"6364",BE_G
"3000",Balsfjord,BA,E,FISHDIV_BA_E,"2579",BA_E
"3000",Balsfjord,BA,E,FISHDIV_BA_E,"2925",BA_E
"1000",Frakkfjord,FR,D,FISHDIV_FR_D,"6398",FR_D
"3000",Balsfjord,BA,G,FISHDIV_BA_G,"2187",BA_G
"750",Odelfjord,OL,B,FISHDIV_OL_B,"5931",OL_B
"750",Odelfjord,OL,B,FISHDIV_OL_B,"16233",OL_B
"3000",Balsfjord,BA,E,FISHDIV_BA_E,"1924",BA_E
"1000",Frakkfjord,FR,D,FISHDIV_FR_D,"6591",FR_D
"1000",Frakkfjord,FR,D,FISHDIV_FR_D,"6824",FR_D
"750",Odelfjord,OL,B,FISHDIV_OL_B,"1456",OL_B
"3000",Balsfjord,BA,E,FISHDIV_BA_E,"2163",BA_E
"750",Odelfjord,OL,B,FISHDIV_OL_B,"5588",OL_B
"3000",Balsfjord,BA,G,FISHDIV_BA_G,"2038",BA_G
"750",Odelfjord,OL,B,FISHDIV_OL_B,"5451",OL_B
"1000",Frakkfjord,FR,D,FISHDIV_FR_D,"4952",FR_D
"3000",Balsfjord,BA,G,FISHDIV_BA_G,"1995",BA_G
"3000",Balsfjord,BA,G,FISHDIV_BA_G,"2086",BA_G
"1000",Frakkfjord,FR,D,FISHDIV_FR_D,"5769",FR_D
"3000",Balsfjord,BA,G,FISHDIV_BA_G,"2191",BA_G
"1000",Frakkfjord,FR,D,FISHDIV_FR_D,"1568",FR_D
"1000",Frakkfjord,FR,D,FISHDIV_FR_D,"2147",FR_D
"750",Odelfjord,OL,B,FISHDIV_OL_B,"18360",OL_B
"3000",Balsfjord,BA,G,FISHDIV_BA_G,"2623",BA_G
"1000",Frakkfjord,FR,D,FISHDIV_FR_D,"1618",FR_D
"3000",Balsfjord,BA,G,FISHDIV_BA_G,"11752",BA_G
"2000",Bergsfjord,BE,F,FISHDIV_BE_F,"2197",BE_F
"2000",Bergsfjord,BE,F,FISHDIV_BE_F,"2446",BE_F
"3000",Balsfjord,BA,G,FISHDIV_BA_G,"2232",BA_G
"1000",Frakkfjord,FR,D,FISHDIV_FR_D,"1430",FR_D
"2000",Bergsfjord,BE,F,FISHDIV_BE_F,"2506",BE_F
"3000",Balsfjord,BA,G,FISHDIV_BA_G,"2280",BA_G
"2000",Bergsfjord,BE,G,FISHDIV_BE_G,"5050",BE_G
"3000",Balsfjord,BA,G,FISHDIV_BA_G,"2205",BA_G
"2000",Bergsfjord,BE,G,FISHDIV_BE_G,"5041",BE_G
"2000",Bergsfjord,BE,F,FISHDIV_BE_F,"1986",BE_F
"2000",Bergsfjord,BE,G,FISHDIV_BE_G,"3995",BE_G
"2000",Bergsfjord,BE,G,FISHDIV_BE_G,"4003",BE_G
"3000",Balsfjord,BA,H,FISHDIV_BA_H,"10516",BA_H
"2000",Bergsfjord,BE,G,FISHDIV_BE_G,"5046",BE_G
"2000",Bergsfjord,BE,F,FISHDIV_BE_F,"1716",BE_F
"2000",Bergsfjord,BE,F,FISHDIV_BE_F,"1831",BE_F
"3000",Balsfjord,BA,G,FISHDIV_BA_G,"2191",BA_G
"3000",Balsfjord,BA,G,FISHDIV_BA_G,"4212",BA_G
"3000",Balsfjord,BA,G,FISHDIV_BA_G,"4921",BA_G
"2000",Bergsfjord,BE,F,FISHDIV_BE_F,"1593",BE_F
"3000",Balsfjord,BA,G,FISHDIV_BA_G,"4774",BA_G
"2000",Bergsfjord,BE,G,FISHDIV_BE_G,"3435",BE_G
"3000",Balsfjord,BA,G,FISHDIV_BA_G,"5725",BA_G
"2000",Bergsfjord,BE,F,FISHDIV_BE_F,"1557",BE_F
"3000",Balsfjord,BA,G,FISHDIV_BA_G,"5312",BA_G
"3000",Balsfjord,BA,G,FISHDIV_BA_G,"7689",BA_G
"2000",Bergsfjord,BE,F,FISHDIV_BE_F,"1565",BE_F
"3000",Balsfjord,BA,G,FISHDIV_BA_G,"6464",BA_G
"3000",Balsfjord,BA,G,FISHDIV_BA_G,"2676",BA_G
"2000",Bergsfjord,BE,F,FISHDIV_BE_F,"1237",BE_F
"2000",Bergsfjord,BE,F,FISHDIV_BE_F,"1454",BE_F
"2000",Bergsfjord,BE,G,FISHDIV_BE_G,"3384",BE_G
"2000",Bergsfjord,BE,F,FISHDIV_BE_F,"1857",BE_F
"3000",Balsfjord,BA,G,FISHDIV_BA_G,"3548",BA_G
"2000",Bergsfjord,BE,F,FISHDIV_BE_F,"2301",BE_F
"3000",Balsfjord,BA,G,FISHDIV_BA_G,"3821",BA_G
"2000",Bergsfjord,BE,F,FISHDIV_BE_F,"2077",BE_F
"2000",Bergsfjord,BE,G,FISHDIV_BE_G,"2389",BE_G
"3000",Balsfjord,BA,G,FISHDIV_BA_G,"1099",BA_G
"2000",Bergsfjord,BE,F,FISHDIV_BE_F,"1472",BE_F
"2000",Bergsfjord,BE,G,FISHDIV_BE_G,"2255",BE_G
"3000",Balsfjord,BA,G,FISHDIV_BA_G,"1886",BA_G
"3000",Balsfjord,BA,G,FISHDIV_BA_G,"6822",BA_G
"2000",Bergsfjord,BE,F,FISHDIV_BE_F,"4969",BE_F
"3000",Balsfjord,BA,G,FISHDIV_BA_G,"3318",BA_G
"2000",Bergsfjord,BE,F,FISHDIV_BE_F,"3271",BE_F
"2000",Bergsfjord,BE,G,FISHDIV_BE_G,"5103",BE_G
"2000",Bergsfjord,BE,G,FISHDIV_BE_G,"2979",BE_G
"3000",Balsfjord,BA,G,FISHDIV_BA_G,"1142",BA_G
"2000",Bergsfjord,BE,G,FISHDIV_BE_G,"6689",BE_G
"2000",Bergsfjord,BE,F,FISHDIV_BE_F,"2765",BE_F
"2000",Bergsfjord,BE,G,FISHDIV_BE_G,"8659",BE_G
"2000",Bergsfjord,BE,F,FISHDIV_BE_F,"3830",BE_F
"2000",Bergsfjord,BE,G,FISHDIV_BE_G,"5050",BE_G
"3000",Balsfjord,BA,H,FISHDIV_BA_H,"4238",BA_H
"3000",Balsfjord,BA,H,FISHDIV_BA_H,"3250",BA_H
"3000",Balsfjord,BA,H,FISHDIV_BA_H,"4088",BA_H
"2000",Bergsfjord,BE,G,FISHDIV_BE_G,"5313",BE_G
"2000",Bergsfjord,BE,G,FISHDIV_BE_G,"5945",BE_G
"3000",Balsfjord,BA,H,FISHDIV_BA_H,"5007",BA_H
"3000",Balsfjord,BA,H,FISHDIV_BA_H,"2732",BA_H
"2000",Bergsfjord,BE,H,FISHDIV_BE_H,"5253",BE_H
"3000",Balsfjord,BA,H,FISHDIV_BA_H,"2964",BA_H
"2000",Bergsfjord,BE,H,FISHDIV_BE_H,"16834",BE_H
"2000",Bergsfjord,BE,H,FISHDIV_BE_H,"6176",BE_H
"2000",Bergsfjord,BE,H,FISHDIV_BE_H,"16833",BE_H
"2000",Bergsfjord,BE,H,FISHDIV_BE_H,"16833",BE_H
"3000",Balsfjord,BA,H,FISHDIV_BA_H,"3230",BA_H
"3000",Balsfjord,BA,H,FISHDIV_BA_H,"2162",BA_H
"3000",Balsfjord,BA,H,FISHDIV_BA_H,"2537",BA_H
"2000",Bergsfjord,BE,H,FISHDIV_BE_H,"2230",BE_H
"2000",Bergsfjord,BE,H,FISHDIV_BE_H,"2788",BE_H
"2000",Bergsfjord,BE,H,FISHDIV_BE_H,"3626",BE_H
"3000",Balsfjord,BA,H,FISHDIV_BA_H,"2548",BA_H
"3000",Balsfjord,BA,H,FISHDIV_BA_H,"1644",BA_H
"2000",Bergsfjord,BE,H,FISHDIV_BE_H,"4432",BE_H
"2000",Bergsfjord,BE,H,FISHDIV_BE_H,"3108",BE_H
"3000",Balsfjord,BA,H,FISHDIV_BA_H,"1993",BA_H
"3000",Balsfjord,BA,H,FISHDIV_BA_H,"2180",BA_H
"2000",Bergsfjord,BE,H,FISHDIV_BE_H,"2340",BE_H
"3000",Balsfjord,BA,H,FISHDIV_BA_H,"8464",BA_H
"2000",Bergsfjord,BE,H,FISHDIV_BE_H,"7073",BE_H
"2000",Bergsfjord,BE,H,FISHDIV_BE_H,"9090",BE_H
"3000",Balsfjord,BA,H,FISHDIV_BA_H,"9344",BA_H
"2000",Bergsfjord,BE,F,FISHDIV_BE_F,"1727",BE_F
"3000",Balsfjord,BA,H,FISHDIV_BA_H,"4066",BA_H
"3000",Balsfjord,BA,H,FISHDIV_BA_H,"6216",BA_H
"2000",Bergsfjord,BE,F,FISHDIV_BE_F,"1467",BE_F
"3000",Balsfjord,BA,H,FISHDIV_BA_H,"8329",BA_H
"2000",Bergsfjord,BE,G,FISHDIV_BE_G,"2829",BE_G
"3000",Balsfjord,BA,H,FISHDIV_BA_H,"7997",BA_H
"2000",Bergsfjord,BE,F,FISHDIV_BE_F,"2218",BE_F
"3000",Balsfjord,BA,H,FISHDIV_BA_H,"1242",BA_H
"2000",Bergsfjord,BE,F,FISHDIV_BE_F,"1909",BE_F
"2000",Bergsfjord,BE,G,FISHDIV_BE_G,"3115",BE_G
"3000",Balsfjord,BA,H,FISHDIV_BA_H,"1799",BA_H
"2000",Bergsfjord,BE,G,FISHDIV_BE_G,"2492",BE_G
"3000",Balsfjord,BA,H,FISHDIV_BA_H,"15754",BA_H
"2000",Bergsfjord,BE,F,FISHDIV_BE_F,"20962",BE_F
"2000",Bergsfjord,BE,G,FISHDIV_BE_G,"2370",BE_G
"3000",Balsfjord,BA,H,FISHDIV_BA_H,"3252",BA_H
"2000",Bergsfjord,BE,F,FISHDIV_BE_F,"5106",BE_F
"3000",Balsfjord,BA,H,FISHDIV_BA_H,"1120",BA_H
"2000",Bergsfjord,BE,F,FISHDIV_BE_F,"3715",BE_F
"3000",Balsfjord,BA,H,FISHDIV_BA_H,"1329",BA_H
"2000",Bergsfjord,BE,H,FISHDIV_BE_H,"16835",BE_H
"2000",Bergsfjord,BE,G,FISHDIV_BE_G,"17199",BE_G
"2000",Bergsfjord,BE,H,FISHDIV_BE_H,"16832",BE_H
"2000",Bergsfjord,BE,F,FISHDIV_BE_F,"21075",BE_F
"2000",Bergsfjord,BE,G,FISHDIV_BE_G,"2979",BE_G
"2000",Bergsfjord,BE,F,FISHDIV_BE_F,"21014",BE_F
"2000",Bergsfjord,BE,F,FISHDIV_BE_F,"21132",BE_F
"2000",Bergsfjord,BE,G,FISHDIV_BE_G,"10244",BE_G
"2000",Bergsfjord,BE,F,FISHDIV_BE_F,"21118",BE_F
"2000",Bergsfjord,BE,F,FISHDIV_BE_F,"6899",BE_F
"3000",Balsfjord,BA,J,FISHDIV_BA_J,"4957",BA_J
"2000",Bergsfjord,BE,H,FISHDIV_BE_H,"3574",BE_H
"3000",Balsfjord,BA,J,FISHDIV_BA_J,"3361",BA_J
"3000",Balsfjord,BA,J,FISHDIV_BA_J,"3342",BA_J
"2000",Bergsfjord,BE,G,FISHDIV_BE_G,"17206",BE_G
"2000",Bergsfjord,BE,G,FISHDIV_BE_G,"17204",BE_G
"3000",Balsfjord,BA,J,FISHDIV_BA_J,"4465",BA_J
"2000",Bergsfjord,BE,G,FISHDIV_BE_G,"17203",BE_G
"2000",Bergsfjord,BE,H,FISHDIV_BE_H,"3827",BE_H
"2000",Bergsfjord,BE,G,FISHDIV_BE_G,"17205",BE_G
"3000",Balsfjord,BA,J,FISHDIV_BA_J,"2681",BA_J
"3000",Balsfjord,BA,J,FISHDIV_BA_J,"2692",BA_J
"3000",Balsfjord,BA,J,FISHDIV_BA_J,"2561",BA_J
"3000",Balsfjord,BA,J,FISHDIV_BA_J,"2699",BA_J
"2000",Bergsfjord,BE,H,FISHDIV_BE_H,"3121",BE_H
"3000",Balsfjord,BA,J,FISHDIV_BA_J,"2901",BA_J
"3000",Balsfjord,BA,J,FISHDIV_BA_J,"2600",BA_J
"2000",Bergsfjord,BE,H,FISHDIV_BE_H,"2755",BE_H
"2000",Bergsfjord,BE,H,FISHDIV_BE_H,"2446",BE_H
"3000",Balsfjord,BA,H,FISHDIV_BA_H,"1651",BA_H
"2000",Bergsfjord,BE,H,FISHDIV_BE_H,"2332",BE_H
